Invoice_ID,Branch,City,Customer_Type,Gender,Product_Line,Unit_Price,Quantity,Date,Payment,Rating,Tax,Total,Currency
INV-100000, ogun,Port Harcourt,Member,Male,Food & Beverages,37948.66,7,2025-08-05 00:00:00,Cash,4,13282.03,278922.65,?
INV-100001,Portharcourt,Abuja,Member,Female,Food & Beverages,13239.59,3,2024-01-12 00:00:00,Ewallet,6,1985.94,41704.71,?
INV-100002,lagos ,Abuja,Member,Male,Fashion,34828.74,3,2024-05-03 00:00:00,Cash,4,5224.31,109710.53,?
INV-100003, ogun,Port Harcourt,Normal,Female,Home Supplies,2465.7,2,2024-08-27 00:00:00,Ewallet,5,246.57,5177.97,?
INV-100004, ogun,Lagos,Member,Male,Home Supplies,42050.7,9,2025-05-07 00:00:00,Cash,9,18922.81,397379.11,?
INV-100005,Portharcourt,Lagos,Normal,Female,Fashion,22684.46,4,2025-02-18 00:00:00,Cash,6,4536.89,95274.73,?
INV-100006,lagos ,Abuja,Normal,Female,Health & Beauty,32016.3,6,2024-09-24 00:00:00,Cash,8,9604.89,201702.69,?
INV-100007,lagos ,Lagos,Member,Male,Food & Beverages,11451.27,-1,2025-04-21 00:00:00,Cash,7,1145.13,24047.67,?
INV-100008, ogun,Port Harcourt,Member,Female,Food & Beverages,34015.15,9,2024-02-19 00:00:00,Cash,4,15306.82,321443.17,?
INV-100009,ABUJA,Lagos,Normal,,Fashion,38725.89,7,2024-02-26 00:00:00,Ewallet,6,13554.06,284635.29,?
INV-100010, ogun,Abuja,Normal,Male,Fashion,23924.05,5,2024-06-04 00:00:00,Credit Card,4,5981.01,125601.26,?
INV-100011, ogun,Port Harcourt,Member,Male,Health & Beauty,31077.48,7,2024-12-08 00:00:00,Credit Card,8,10877.12,228419.48,?
INV-100012, ogun,Lagos,Member,Female,Sports Equipment,23088.13,4,2025-04-04 00:00:00,Credit Card,4,4617.63,96970.15,?
INV-100013, ogun,Ogun,Member,Female,Home Supplies,44757.52,7,2024-07-13 00:00:00,Credit Card,6,15665.13,328967.77,?
INV-100014,Portharcourt,Port Harcourt,Normal,Male,Electronics,25144.52,2,2025-04-12 00:00:00,Credit Card,5,2514.45,52803.49,?
INV-100015,lagos ,Port Harcourt,Normal,Male,Sports Equipment,42169.53,7,2024-04-18 00:00:00,Cash,9,14759.34,309946.05,?
INV-100016,Portharcourt,Ogun,Normal,Female,Home Supplies,40166.93,4,2025-04-22 00:00:00,Ewallet,6,8033.39,168701.11,?
INV-100017,Portharcourt,Ogun,Normal,Female,Food & Beverages,20819.99,4,2025-07-27 00:00:00,Cash,4,4164,87443.96,?
INV-100018,Portharcourt,Port Harcourt,Normal,Female,Sports Equipment,11889.18,1,2024-08-16 00:00:00,Ewallet,8,594.46,12483.64,?
INV-100019, ogun,Ogun,Member,Male,Fashion,20601.07,3,2024-06-20 00:00:00,Ewallet,7,3090.16,64893.37,?
INV-100020,ABUJA,Abuja,Member,Male,Health & Beauty,41397.76,5,2024-01-07 00:00:00,Ewallet,7,10349.44,217338.24,?
INV-100021,lagos ,Abuja,Normal,Male,Home Supplies,11767.81,5,2025-10-08 00:00:00,Ewallet,8,2941.95,61781,?
INV-100022,ABUJA,Abuja,Normal,Male,Health & Beauty,26459.6,2,2025-09-30 00:00:00,Credit Card,4,2645.96,55565.16,?
INV-100023,Portharcourt,Port Harcourt,Member,Male,Home Supplies,40401.79,4,2024-02-10 00:00:00,Ewallet,9,8080.36,169687.52,?
INV-100024,Portharcourt,Ogun,Member,Female,Sports Equipment,17997.14,1,2024-07-21 00:00:00,Ewallet,8,899.86,18897,?
INV-100025,ABUJA,Ogun,Member,Male,Food & Beverages,32289.38,9,2025-07-16 00:00:00,Credit Card,4,14530.22,305134.64,?
INV-100026,ABUJA,Lagos,Member,Female,Electronics,12658.76,1,2025-01-19 00:00:00,Cash,6,632.94,13291.7,?
INV-100027,ABUJA,Lagos,Normal,Female,Health & Beauty,5909.33,6,2024-09-01 00:00:00,Cash,9,1772.8,37228.78,?
INV-100028,Portharcourt,Ogun,Member,Male,Health & Beauty,39822.02,7,2024-09-18 00:00:00,Cash,5,13937.71,292691.85,?
INV-100029,Portharcourt,Ogun,Normal,Female,Electronics,5398.95,3,2025-04-04 00:00:00,Cash,4,809.84,17006.69,?
INV-100030,lagos ,Ogun,Member,Male,Health & Beauty,13933.38,1,2025-10-08 00:00:00,Ewallet,7,696.67,14630.05,?
INV-100031,lagos ,Port Harcourt,Member,Female,Health & Beauty,42827.92,7,2024-04-11 00:00:00,Credit Card,7,14989.77,314785.21,?
INV-100032,Portharcourt,Ogun,Member,Male,Home Supplies,17650.23,3,2024-02-25 00:00:00,Credit Card,9,2647.53,55598.22,?
INV-100033,ABUJA,Lagos,Normal,Male,Home Supplies,48665.74,6,2024-06-26 00:00:00,Cash,5,14599.72,306594.16,?
INV-100034,ABUJA,Port Harcourt,Normal,Female,Electronics,48996.85,6,2024-11-23 00:00:00,Credit Card,4,14699.06,308680.16,?
INV-100035,lagos ,Ogun,Member,Male,Food & Beverages,13779.66,4,2024-12-13 00:00:00,Ewallet,5,2755.93,57874.57,?
INV-100036,Portharcourt,Lagos,Normal,Female,Sports Equipment,2528.42,6,2025-02-27 00:00:00,Cash,6,758.53,15929.05,?
INV-100037,lagos ,Port Harcourt,Normal,Male,,35400.63,4,2025-04-12 00:00:00,Ewallet,5,7080.13,148682.65,?
INV-100038,lagos ,Ogun,Member,Male,Health & Beauty,22823.83,8,2024-01-13 00:00:00,Ewallet,6,9129.53,191720.17,?
INV-100039, ogun,Ogun,Member,Male,Food & Beverages,5487.27,9,2024-07-04 00:00:00,Ewallet,7,2469.27,51854.7,?
INV-100040, ogun,Ogun,Normal,Female,Electronics,35522.38,2,2024-03-23 00:00:00,Ewallet,6,3552.24,74597,?
INV-100041, ogun,Port Harcourt,Normal,Female,Electronics,2043.16,7,2024-12-27 00:00:00,Ewallet,4,715.11,15017.23,?
INV-100042,ABUJA,Lagos,Normal,Male,Home Supplies,43574.74,9,2024-06-02 00:00:00,Cash,9,19608.63,411781.29,?
INV-100043,Portharcourt,Lagos,Member,Female,Health & Beauty,7363.3,9,2024-07-17 00:00:00,Ewallet,9,3313.48,69583.18,?
INV-100044,Portharcourt,Abuja,Member,Male,Fashion,6801.94,5,2025-08-09 00:00:00,Cash,4,1700.48,35710.18,?
INV-100045,Portharcourt,Ogun,Normal,Female,Electronics,9195.78,-1,2024-05-03 00:00:00,Credit Card,4,459.79,9655.57,?
INV-100046,Portharcourt,Abuja,Member,Female,Health & Beauty,48033.18,6,2025-03-11 00:00:00,Ewallet,4,14409.95,302609.03,?
INV-100047, ogun,Abuja,Member,Male,,34811.88,8,2024-04-01 00:00:00,Ewallet,8,13924.75,292419.79,?
INV-100048,ABUJA,Lagos,Normal,Male,Home Supplies,40167.89,1,2024-03-12 00:00:00,Credit Card,6,2008.39,42176.28,?
INV-100049,ABUJA,Port Harcourt,Normal,,Sports Equipment,20182.93,2,2025-04-12 00:00:00,Cash,4,2018.29,42384.15,?
INV-100050, ogun,Port Harcourt,Member,Male,Food & Beverages,17147.48,1,2025-08-14 00:00:00,Ewallet,9,857.37,18004.85,?
INV-100051,ABUJA,Lagos,Member,Male,Electronics,12106.96,5,2025-10-05 00:00:00,Credit Card,5,3026.74,63561.54,?
INV-100052, ogun,Port Harcourt,Normal,Female,Electronics,24292.08,2,2025-01-21 00:00:00,Credit Card,5,2429.21,51013.37,?
INV-100053,Portharcourt,Abuja,Member,Female,Food & Beverages,27815.52,4,2024-11-17 00:00:00,Ewallet,8,5563.1,116825.18,?
INV-100054, ogun,Ogun,Member,Male,Electronics,31772.85,1,2024-07-03 00:00:00,Cash,6,1588.64,33361.49,?
INV-100055,Portharcourt,Lagos,Normal,Male,Health & Beauty,13227.37,7,2025-07-24 00:00:00,Cash,6,4629.58,97221.17,?
INV-100056,Portharcourt,Ogun,Normal,Male,Electronics,47458.38,8,2025-08-03 00:00:00,Ewallet,6,18983.35,398650.39,?
INV-100057,lagos ,Port Harcourt,Member,Female,Home Supplies,8903.05,5,2024-10-05 00:00:00,Credit Card,9,2225.76,46741.01,?
INV-100058, ogun,Ogun,Member,Male,Health & Beauty,48299.83,2,2025-08-17 00:00:00,Ewallet,9,4829.98,101429.64,?
INV-100059,lagos ,Port Harcourt,Member,Male,Fashion,1235.38,8,2025-02-12 00:00:00,Cash,8,494.15,10377.19,?
INV-100060, ogun,Port Harcourt,Normal,Female,Electronics,24315.72,1,2025-01-22 00:00:00,,6,1215.79,25531.51,?
INV-100061, ogun,Abuja,Member,Female,Electronics,17001.71,7,2025-05-19 00:00:00,Ewallet,6,5950.6,124962.57,?
INV-100062,lagos ,Port Harcourt,Member,Female,Home Supplies,22731.61,1,2025-04-21 00:00:00,Credit Card,4,1136.58,23868.19,?
INV-100063,lagos ,Abuja,Normal,Female,Home Supplies,28747.9,6,2024-08-30 00:00:00,Cash,6,8624.37,181111.77,?
INV-100064, ogun,Abuja,Normal,Male,Sports Equipment,22061.66,6,2025-05-09 00:00:00,Cash,9,6618.5,138988.46,?
INV-100065,ABUJA,Abuja,Member,,Food & Beverages,21034.92,5,2024-07-18 00:00:00,Cash,4,5258.73,110433.33,?
INV-100066,Portharcourt,Lagos,Normal,Female,Food & Beverages,36769.81,2,2024-09-24 00:00:00,Ewallet,4,3676.98,77216.6,?
INV-100067,lagos ,Lagos,Normal,Male,Food & Beverages,34450.88,2,2024-02-14 00:00:00,Credit Card,6,3445.09,72346.85,?
INV-100068,,Port Harcourt,Member,Male,Home Supplies,41746.93,9,2025-06-26 00:00:00,Ewallet,5,18786.12,394508.49,?
INV-100069,ABUJA,Abuja,Normal,Male,Food & Beverages,12872.97,5,2024-04-13 00:00:00,Ewallet,7,3218.24,67583.09,?
INV-100070,ABUJA,Lagos,Normal,Female,Food & Beverages,30671.66,5,2024-01-28 00:00:00,Ewallet,9,7667.92,161026.22,?
INV-100071,ABUJA,Abuja,Member,Male,Fashion,29467.14,7,2025-08-13 00:00:00,Ewallet,5,10313.5,216583.48,?
INV-100072,lagos ,Ogun,Normal,Female,Food & Beverages,18802.02,6,2024-10-07 00:00:00,Credit Card,6,5640.61,118452.73,?
INV-100073,ABUJA,Ogun,Member,Female,Electronics,24559.85,2,2025-06-24 00:00:00,Credit Card,6,2455.98,51575.68,?
INV-100074,lagos ,Ogun,Member,Female,Sports Equipment,16032.22,1,2024-08-29 00:00:00,Ewallet,5,801.61,16833.83,?
INV-100075,ABUJA,Port Harcourt,Normal,Male,Home Supplies,7521.3,5,2024-08-26 00:00:00,Ewallet,6,1880.32,39486.82,?
INV-100076,Portharcourt,Abuja,Normal,Female,Health & Beauty,11083.16,4,2025-09-30 00:00:00,Cash,9,2216.63,46549.27,?
INV-100077,Portharcourt,Ogun,Normal,Male,Sports Equipment,5722.93,3,2025-01-14 00:00:00,Cash,4,858.44,18027.23,?
INV-100078, ogun,Lagos,Member,Male,Fashion,34311.94,2,2025-08-22 00:00:00,Credit Card,8,3431.19,72055.07,?
INV-100079,Portharcourt,Ogun,Normal,Male,Home Supplies,33206.01,2,2024-07-24 00:00:00,Cash,6,3320.6,69732.62,?
INV-100080, ogun,Ogun,Member,Female,Home Supplies,47555.02,4,2024-12-11 00:00:00,Credit Card,6,9511,199731.08,?
INV-100081,Portharcourt,Ogun,Normal,Female,Electronics,36619.08,2,2024-05-30 00:00:00,Credit Card,5,3661.91,76900.07,?
INV-100082,lagos ,Port Harcourt,Normal,Female,Sports Equipment,3076.27,4,2024-05-19 00:00:00,Credit Card,4,615.25,12920.33,?
INV-100083,Portharcourt,Lagos,Normal,Male,Sports Equipment,44270.14,3,2024-02-19 00:00:00,Cash,5,6640.52,139450.94,?
INV-100084, ogun,Abuja,Member,Female,Food & Beverages,43202.42,9,2025-05-11 00:00:00,Cash,9,19441.09,408262.87,?
INV-100085, ogun,Lagos,Normal,Female,Electronics,22444.36,7,2024-12-05 00:00:00,Credit Card,5,7855.53,164966.05,?
INV-100086,ABUJA,Abuja,Normal,Female,Food & Beverages,29500.22,3,2025-03-05 00:00:00,Credit Card,6,4425.03,92925.69,?
INV-100087,lagos ,Port Harcourt,Member,,Food & Beverages,48815.88,8,2025-01-31 00:00:00,Ewallet,4,19526.35,410053.39,?
INV-100088,Portharcourt,Port Harcourt,Member,Female,Home Supplies,26849.07,9,2025-04-02 00:00:00,Credit Card,9,12082.08,253723.71,?
INV-100089,ABUJA,Port Harcourt,Normal,Male,Sports Equipment,45313.43,7,2025-01-13 00:00:00,Credit Card,6,15859.7,333053.71,?
INV-100090,Portharcourt,Port Harcourt,Normal,Male,Food & Beverages,4610.42,6,2024-03-21 00:00:00,Ewallet,9,1383.13,29045.65,?
INV-100091,Portharcourt,Abuja,Normal,Male,Fashion,9957.07,4,2025-03-05 00:00:00,Credit Card,6,1991.41,41819.69,?
INV-100092,,Ogun,Member,Male,Fashion,22317.37,5,2024-03-03 00:00:00,Credit Card,6,5579.34,117166.19,?
INV-100093,ABUJA,Abuja,Member,Female,Sports Equipment,29445.46,8,2025-02-28 00:00:00,Credit Card,6,11778.18,247341.86,?
INV-100094,ABUJA,Lagos,Member,Male,Fashion,40903.28,3,2025-02-02 00:00:00,Ewallet,8,6135.49,128845.33,?
INV-100095,ABUJA,Port Harcourt,Member,Female,Home Supplies,49418.97,2,2025-03-11 00:00:00,Cash,7,4941.9,103779.84,?
INV-100096,ABUJA,Port Harcourt,Normal,Male,,19748.15,3,2025-05-01 00:00:00,Credit Card,4,2962.22,62206.67,?
INV-100097,Portharcourt,Lagos,Member,Male,Health & Beauty,2847.07,7,2024-10-27 00:00:00,,8,996.47,20925.96,?
INV-100098,ABUJA,Abuja,Member,Male,Food & Beverages,40157.99,8,2025-09-29 00:00:00,Credit Card,7,16063.2,337327.12,?
INV-100099,lagos ,Ogun,Member,Female,Health & Beauty,30416.85,1,2024-09-26 00:00:00,Ewallet,9,1520.84,31937.69,?
INV-100100, ogun,Ogun,Normal,Female,Electronics,10327.87,7,2025-02-14 00:00:00,Credit Card,7,3614.75,75909.84,?
INV-100101,ABUJA,Lagos,Normal,Male,Electronics,24994.01,9,2025-07-30 00:00:00,Ewallet,7,11247.3,236193.39,?
INV-100102,ABUJA,Ogun,Member,Female,Home Supplies,37244.36,3,2024-04-30 00:00:00,Cash,8,5586.65,117319.73,?
INV-100103,Portharcourt,Abuja,Member,Male,Fashion,38635.38,3,2025-05-24 00:00:00,Cash,4,5795.31,121701.45,?
INV-100104,ABUJA,Abuja,Normal,Male,Fashion,25231.11,8,2025-07-17 00:00:00,Cash,5,10092.44,211941.32,?
INV-100105,ABUJA,Lagos,Normal,Male,Electronics,15608.12,4,2025-02-11 00:00:00,Credit Card,7,3121.62,65554.1,?
INV-100106,ABUJA,Abuja,Normal,Female,Home Supplies,48700.26,8,2025-09-24 00:00:00,Ewallet,5,19480.1,409082.18,?
INV-100107,Portharcourt,Port Harcourt,Normal,Male,Home Supplies,33336.45,5,2024-11-20 00:00:00,Credit Card,5,8334.11,175016.36,?
INV-100108,ABUJA,Lagos,Normal,Male,Sports Equipment,20707.76,3,2024-08-13 00:00:00,Credit Card,6,3106.16,65229.44,?
INV-100109, ogun,Abuja,Normal,Male,Food & Beverages,14382.93,4,2025-01-24 00:00:00,Ewallet,5,2876.59,60408.31,?
INV-100110,Portharcourt,Lagos,Normal,Female,Fashion,36689.6,4,2025-06-28 00:00:00,Credit Card,9,7337.92,154096.32,?
INV-100111, ogun,Ogun,Normal,Male,Electronics,12488.08,8,2025-03-13 00:00:00,Ewallet,9,4995.23,104899.87,?
INV-100112,Portharcourt,Abuja,Member,Female,Sports Equipment,8999.64,6,2025-10-14 00:00:00,Ewallet,6,2699.89,56697.73,?
INV-100113,ABUJA,Port Harcourt,Member,Male,Health & Beauty,26726.78,7,2024-04-15 00:00:00,Cash,4,9354.37,196441.83,?
INV-100114, ogun,Abuja,Member,Female,Fashion,14854.38,9,2024-05-14 00:00:00,Cash,4,6684.47,140373.89,?
INV-100115,Portharcourt,Lagos,Member,Male,Food & Beverages,31630.8,6,2025-04-21 00:00:00,Cash,9,9489.24,199274.04,?
INV-100116,lagos ,Lagos,Member,Male,Home Supplies,6337.96,3,2024-11-12 00:00:00,Ewallet,6,950.69,19964.57,?
INV-100117,ABUJA,Abuja,Member,Female,Electronics,32919.58,3,2024-12-20 00:00:00,Cash,4,4937.94,103696.68,?
INV-100118,Portharcourt,Port Harcourt,Normal,Female,Fashion,14523.18,3,2024-09-01 00:00:00,Ewallet,7,2178.48,45748.02,?
INV-100119,lagos ,Port Harcourt,Normal,Male,,512.03,2,2024-10-13 00:00:00,Credit Card,4,51.2,1075.26,?
INV-100120,Portharcourt,Port Harcourt,Member,Female,Food & Beverages,6783.33,1,2025-05-31 00:00:00,Cash,6,339.17,7122.5,?
INV-100121,lagos ,Lagos,Member,Male,Food & Beverages,46713.96,1,2025-06-18 00:00:00,Ewallet,9,2335.7,49049.66,?
INV-100122,ABUJA,Abuja,Normal,Male,Sports Equipment,43434.05,4,2024-09-22 00:00:00,Ewallet,7,8686.81,182423.01,?
INV-100123, ogun,Ogun,Normal,Male,,12063.65,3,2024-05-24 00:00:00,Ewallet,5,1809.55,38000.5,?
INV-100124,lagos ,Lagos,Normal,Female,Health & Beauty,39029.41,5,2024-09-09 00:00:00,Ewallet,5,9757.35,204904.4,?
INV-100125,Portharcourt,Port Harcourt,Member,Male,Food & Beverages,30624.29,9,2024-02-22 00:00:00,Cash,5,13780.93,289399.54,?
INV-100126,ABUJA,Abuja,Normal,Female,Electronics,48559.78,8,2024-08-07 00:00:00,Cash,9,19423.91,407902.15,?
INV-100127,lagos ,Port Harcourt,Member,Male,Food & Beverages,18993.48,9,2024-12-01 00:00:00,Cash,6,8547.07,179488.39,?
INV-100128,Portharcourt,Ogun,Member,Female,Health & Beauty,34232.3,5,2025-06-11 00:00:00,Ewallet,5,8558.08,179719.58,?
INV-100129,Portharcourt,Port Harcourt,Normal,Female,Home Supplies,3645.02,8,2025-10-09 00:00:00,Credit Card,4,1458.01,30618.17,?
INV-100130,Portharcourt,Port Harcourt,Normal,Male,Home Supplies,20114.24,4,2025-06-20 00:00:00,Ewallet,5,4022.85,84479.81,?
INV-100131,lagos ,Ogun,Member,Female,Sports Equipment,48208.97,5,2025-04-22 00:00:00,Credit Card,8,12052.24,253097.09,?
INV-100132,lagos ,Abuja,Normal,Male,Fashion,27179.55,3,2025-03-01 00:00:00,Cash,9,4076.93,85615.58,?
INV-100133,lagos ,Lagos,Normal,Male,Health & Beauty,14750.04,5,2024-04-30 00:00:00,Ewallet,8,3687.51,77437.71,?
INV-100134, ogun,Abuja,Member,Male,Sports Equipment,6453.41,3,2024-11-01 00:00:00,Ewallet,5,968.01,20328.24,?
INV-100135,lagos ,Ogun,Normal,Male,Food & Beverages,35324.65,5,2025-01-14 00:00:00,,5,8831.16,185454.41,?
INV-100136,lagos ,Port Harcourt,Member,Male,Food & Beverages,32420.37,5,2025-02-22 00:00:00,Ewallet,8,8105.09,170206.94,?
INV-100137,lagos ,Abuja,Member,Female,Home Supplies,19009.97,6,2025-01-01 00:00:00,Credit Card,9,5702.99,119762.81,?
INV-100138, ogun,Lagos,Normal,Male,Sports Equipment,47571.6,9,2024-04-28 00:00:00,Credit Card,9,21407.22,449551.62,?
INV-100139,lagos ,Ogun,Member,Female,Home Supplies,1599.04,1,2025-01-13 00:00:00,,5,79.95,1678.99,?
INV-100140,Portharcourt,Abuja,Member,Female,Electronics,15534.33,6,2024-03-19 00:00:00,Ewallet,9,4660.3,97866.28,?
INV-100141,lagos ,Lagos,Normal,Male,Home Supplies,46092.94,1,2025-04-26 00:00:00,Ewallet,7,2304.65,48397.59,?
INV-100142,Portharcourt,Ogun,Normal,Female,Electronics,16386.3,6,2024-09-07 00:00:00,Credit Card,9,4915.89,103233.69,?
INV-100143,,Lagos,Normal,Male,Food & Beverages,12986.52,2,2024-11-15 00:00:00,Ewallet,8,1298.65,27271.69,?
INV-100144,Portharcourt,Ogun,Member,Female,Sports Equipment,26943.91,8,2024-11-02 00:00:00,Credit Card,6,10777.56,226328.84,?
INV-100145, ogun,Port Harcourt,Member,Female,Electronics,41278.19,3,2024-03-24 00:00:00,,8,6191.73,130026.3,?
INV-100146, ogun,Abuja,Normal,Female,Sports Equipment,5605.76,6,2024-06-07 00:00:00,Credit Card,4,1681.73,35316.29,?
INV-100147, ogun,Lagos,Member,Male,Sports Equipment,47179.53,6,2024-10-06 00:00:00,Cash,7,14153.86,297231.04,?
INV-100148,lagos ,Ogun,Normal,Female,Electronics,39856.11,4,2024-09-26 00:00:00,Cash,6,7971.22,167395.66,?
INV-100149,Portharcourt,Lagos,Normal,Male,Fashion,9471.89,5,2025-09-05 00:00:00,Cash,5,2367.97,49727.42,?
INV-100150, ogun,Lagos,Member,Female,Home Supplies,35744.39,2,2024-07-23 00:00:00,Credit Card,4,3574.44,75063.22,?
INV-100151, ogun,Abuja,Normal,Female,Electronics,19555.46,8,2025-02-11 00:00:00,Credit Card,4,7822.18,164265.86,?
INV-100152,lagos ,Port Harcourt,Member,Female,Food & Beverages,20413.59,7,2024-12-07 00:00:00,Ewallet,7,7144.76,150039.89,?
INV-100153, ogun,Lagos,Member,Female,Sports Equipment,39272.86,6,2024-07-12 00:00:00,Ewallet,6,11781.86,247419.02,?
INV-100154,lagos ,Ogun,Normal,Male,Health & Beauty,48157.85,7,2025-04-20 00:00:00,Cash,4,16855.25,353960.2,?
INV-100155,ABUJA,Ogun,Member,Male,Electronics,6769.47,1,2024-07-02 00:00:00,Credit Card,6,338.47,7107.94,?
INV-100156, ogun,Port Harcourt,Normal,Female,Home Supplies,21321.2,5,2024-12-07 00:00:00,Ewallet,6,5330.3,111936.3,?
INV-100157,ABUJA,Ogun,Member,Female,Sports Equipment,24306.61,7,2024-07-30 00:00:00,Ewallet,9,8507.31,178653.58,?
INV-100158,lagos ,Port Harcourt,Member,Male,Fashion,19127.43,1,2024-12-29 00:00:00,Ewallet,4,956.37,20083.8,?
INV-100159,Portharcourt,Ogun,Member,Male,Food & Beverages,18477.86,2,2025-01-28 00:00:00,Credit Card,6,1847.79,38803.51,?
INV-100160, ogun,Abuja,Normal,Male,Fashion,3087.3,9,2024-09-18 00:00:00,Ewallet,7,1389.28,29174.98,?
INV-100161,lagos ,Lagos,Member,,Health & Beauty,34434.16,3,2025-03-22 00:00:00,Cash,4,5165.12,108467.6,?
INV-100162,Portharcourt,Abuja,Normal,Female,Electronics,22092.61,6,2025-08-17 00:00:00,Credit Card,7,6627.78,139183.44,?
INV-100163,Portharcourt,Lagos,Member,Female,Sports Equipment,10142.29,7,2024-06-15 00:00:00,Ewallet,7,3549.8,74545.83,?
INV-100164,ABUJA,Lagos,Member,Male,Electronics,40893.66,9,2025-07-16 00:00:00,Ewallet,6,18402.15,386445.09,?
INV-100165,lagos ,Lagos,Normal,Male,Home Supplies,40226.76,5,2025-05-12 00:00:00,Credit Card,6,10056.69,211190.49,?
INV-100166,Portharcourt,Abuja,Normal,Male,Electronics,24576.39,4,2024-07-27 00:00:00,Ewallet,9,4915.28,103220.84,?
INV-100167, ogun,Lagos,Normal,Male,Food & Beverages,15273.31,2,2025-07-14 00:00:00,Ewallet,9,1527.33,32073.95,?
INV-100168, ogun,Abuja,Normal,Male,Health & Beauty,32085.59,3,2024-08-26 00:00:00,Cash,4,4812.84,101069.61,?
INV-100169,ABUJA,Port Harcourt,Normal,Male,Fashion,14763.53,5,2025-04-10 00:00:00,Credit Card,9,3690.88,77508.53,?
INV-100170,Portharcourt,Ogun,Member,Female,Health & Beauty,12182.39,2,2025-07-02 00:00:00,Ewallet,5,1218.24,25583.02,?
INV-100171,lagos ,Ogun,Member,Female,Sports Equipment,36660.48,4,2024-04-28 00:00:00,Credit Card,4,7332.1,153974.02,?
INV-100172, ogun,Lagos,Normal,Female,,2496.1,1,2025-03-29 00:00:00,Credit Card,7,124.8,2620.9,?
INV-100173,Portharcourt,Abuja,Member,Male,Sports Equipment,5191.04,4,2025-04-19 00:00:00,Cash,9,1038.21,21802.37,?
INV-100174,Portharcourt,Ogun,Member,Male,Fashion,836.01,7,2024-09-20 00:00:00,Cash,9,292.6,6144.67,?
INV-100175,ABUJA,Abuja,Member,Male,Sports Equipment,8070.69,3,2024-02-02 00:00:00,Credit Card,9,1210.6,25422.67,?
INV-100176, ogun,Abuja,Normal,,Home Supplies,3915.01,8,2025-07-22 00:00:00,Cash,6,1566,32886.08,?
INV-100177, ogun,Lagos,Member,Male,Health & Beauty,49792.22,6,2025-01-09 00:00:00,Cash,7,14937.67,313690.99,?
INV-100178,lagos ,Ogun,Member,,Fashion,14796.09,6,2024-10-06 00:00:00,Ewallet,9,4438.83,93215.37,?
INV-100179, ogun,Lagos,Member,Female,Fashion,7888.77,1,2025-06-02 00:00:00,Cash,8,394.44,8283.21,?
INV-100180,lagos ,Lagos,Normal,Male,Fashion,12429.31,5,2025-02-15 00:00:00,Cash,8,3107.33,65253.88,?
INV-100181, ogun,Ogun,Member,Female,Food & Beverages,46838.22,3,2025-02-15 00:00:00,Ewallet,7,7025.73,147540.39,?
INV-100182,ABUJA,Ogun,Member,Female,Health & Beauty,26247.93,1,2024-07-22 00:00:00,Ewallet,9,1312.4,27560.33,?
INV-100183, ogun,Port Harcourt,Normal,Male,Sports Equipment,18558.5,8,2024-12-29 00:00:00,Credit Card,5,7423.4,155891.4,?
INV-100184,lagos ,Port Harcourt,Normal,Female,Fashion,43732.88,7,2025-01-18 00:00:00,Cash,5,15306.51,321436.67,?
INV-100185,lagos ,Abuja,Member,Male,Health & Beauty,20052.02,7,2025-10-01 00:00:00,Ewallet,4,7018.21,147382.35,?
INV-100186,ABUJA,Ogun,Member,Female,Fashion,17082.92,4,2025-09-09 00:00:00,Cash,4,3416.58,71748.26,?
INV-100187, ogun,Port Harcourt,Normal,Male,Home Supplies,10760.48,6,2024-06-01 00:00:00,Credit Card,9,3228.14,67791.02,?
INV-100188, ogun,Abuja,Normal,Female,Home Supplies,19200.94,9,2025-10-11 00:00:00,Cash,4,8640.42,181448.88,?
INV-100189,ABUJA,Abuja,Normal,Male,Home Supplies,16175.88,3,2025-09-21 00:00:00,Cash,6,2426.38,50954.02,?
INV-100190, ogun,Abuja,Normal,Female,,34026.55,9,2024-01-19 00:00:00,Cash,5,15311.95,321550.9,?
INV-100191, ogun,Port Harcourt,Normal,Female,Fashion,14834.34,4,2024-09-28 00:00:00,Ewallet,7,2966.87,62304.23,?
INV-100192,,Ogun,Normal,Female,Electronics,29071.39,5,2025-05-08 00:00:00,Ewallet,9,7267.85,152624.8,?
INV-100193, ogun,Lagos,Normal,Male,Health & Beauty,3761.66,7,2024-05-25 00:00:00,Credit Card,9,1316.58,27648.2,?
INV-100194, ogun,Abuja,Member,Male,Electronics,9968.81,6,2025-01-21 00:00:00,Cash,8,2990.64,62803.5,?
INV-100195,ABUJA,Port Harcourt,Normal,Female,Health & Beauty,20666.56,8,2025-09-02 00:00:00,Credit Card,5,8266.62,173599.1,?
INV-100196,ABUJA,Port Harcourt,Normal,Male,Health & Beauty,46878.99,8,2024-01-05 00:00:00,Credit Card,5,18751.6,393783.52,?
INV-100197,Portharcourt,Lagos,Member,Female,Health & Beauty,19173.97,-1,2024-07-21 00:00:00,Ewallet,5,7669.59,161061.35,?
INV-100198,lagos ,Lagos,Normal,Male,Sports Equipment,33371.67,-1,2025-09-09 00:00:00,Cash,4,5005.75,105120.76,?
INV-100199, ogun,Port Harcourt,Normal,Female,Electronics,13126.82,6,2024-10-17 00:00:00,Cash,6,3938.05,82698.97,?
INV-100200, ogun,Ogun,Member,Male,Sports Equipment,6788.16,7,2024-02-08 00:00:00,Credit Card,7,2375.86,49892.98,?
INV-100201,Portharcourt,Lagos,Normal,Female,Fashion,3397.56,9,2025-08-15 00:00:00,Cash,4,1528.9,32106.94,?
INV-100202, ogun,Port Harcourt,Member,Female,Electronics,15617.97,4,2024-01-06 00:00:00,Ewallet,6,3123.59,65595.47,?
INV-100203,lagos ,Lagos,Member,Female,Fashion,8304.22,5,2024-05-18 00:00:00,Credit Card,5,2076.05,43597.15,?
INV-100204,Portharcourt,Ogun,Member,Female,Fashion,9113.52,8,2025-01-20 00:00:00,Credit Card,6,3645.41,76553.57,?
INV-100205,lagos ,Abuja,Member,Male,Health & Beauty,38157.59,1,2024-04-03 00:00:00,Ewallet,4,1907.88,40065.47,?
INV-100206,Portharcourt,Lagos,Normal,Female,Electronics,1283.98,6,2024-02-13 00:00:00,Ewallet,5,385.19,8089.07,?
INV-100207,Portharcourt,Ogun,Member,Male,Fashion,28111.6,4,2024-04-22 00:00:00,Ewallet,4,5622.32,118068.72,?
INV-100208,ABUJA,Port Harcourt,Member,Male,Home Supplies,19283.34,5,2025-05-26 00:00:00,Ewallet,7,4820.84,101237.54,?
INV-100209,lagos ,Lagos,Normal,Female,Fashion,25574.22,5,2025-09-20 00:00:00,Ewallet,5,6393.56,134264.66,?
INV-100210, ogun,Lagos,Member,Male,Home Supplies,28360.1,2,2025-03-21 00:00:00,Ewallet,6,2836.01,59556.21,?
INV-100211, ogun,Port Harcourt,Member,Male,Electronics,16011.7,8,2024-12-14 00:00:00,Credit Card,4,6404.68,134498.28,?
INV-100212,lagos ,Abuja,Member,Male,Sports Equipment,15107.89,2,2025-07-09 00:00:00,Cash,8,1510.79,31726.57,?
INV-100213, ogun,Port Harcourt,Member,Female,Electronics,36803.39,4,2025-07-09 00:00:00,Cash,6,7360.68,154574.24,?
INV-100214,,Lagos,Normal,Male,Sports Equipment,43628.21,5,2024-04-08 00:00:00,Credit Card,6,10907.05,229048.1,?
INV-100215,lagos ,Port Harcourt,Member,Male,Sports Equipment,10032.79,1,2025-09-15 00:00:00,Cash,5,501.64,10534.43,?
INV-100216,Portharcourt,Ogun,Normal,Female,Electronics,5332.13,6,2025-04-25 00:00:00,Cash,9,1599.64,33592.42,?
INV-100217,lagos ,Port Harcourt,Normal,Female,Fashion,44940.89,2,2024-10-27 00:00:00,Credit Card,6,4494.09,94375.87,?
INV-100218,Portharcourt,Lagos,Member,Male,Food & Beverages,17819.83,5,2024-05-21 00:00:00,Cash,4,4454.96,93554.11,?
INV-100219, ogun,Port Harcourt,Member,Female,Fashion,27790.21,6,2025-06-20 00:00:00,Cash,8,8337.06,175078.32,?
INV-100220, ogun,Abuja,Member,Male,Fashion,18297.39,8,2025-10-01 00:00:00,Credit Card,7,7318.96,153698.08,?
INV-100221, ogun,Port Harcourt,Member,Male,Health & Beauty,6727.22,9,2024-04-15 00:00:00,Cash,8,3027.25,63572.23,?
INV-100222,ABUJA,Abuja,Normal,Male,Health & Beauty,29671.92,6,2025-02-27 00:00:00,Ewallet,4,8901.58,186933.1,?
INV-100223,Portharcourt,Ogun,Normal,Female,Fashion,26494.47,5,2024-02-24 00:00:00,Credit Card,5,6623.62,139095.97,?
INV-100224,ABUJA,Abuja,Normal,Male,Home Supplies,10548.18,4,2025-02-09 00:00:00,Cash,4,2109.64,44302.36,?
INV-100225,ABUJA,Port Harcourt,Member,Female,Sports Equipment,22867.52,2,2024-01-13 00:00:00,Cash,9,2286.75,48021.79,?
INV-100226,lagos ,Lagos,Normal,Female,Health & Beauty,39948.9,2,2025-08-04 00:00:00,Ewallet,9,3994.89,83892.69,?
INV-100227,ABUJA,Abuja,Member,Male,Fashion,29726.09,7,2024-10-01 00:00:00,Credit Card,9,10404.13,218486.76,?
INV-100228,lagos ,Ogun,Member,Female,Food & Beverages,5297.41,5,2024-07-01 00:00:00,Credit Card,6,1324.35,27811.4,?
INV-100229,lagos ,Abuja,Member,Female,Home Supplies,27627.06,7,2024-05-17 00:00:00,Cash,5,9669.47,203058.89,?
INV-100230,ABUJA,Abuja,Member,Female,Electronics,35285.55,1,2024-04-20 00:00:00,Ewallet,9,1764.28,37049.83,?
INV-100231,Portharcourt,Abuja,Member,Female,Fashion,39738.82,1,2025-01-21 00:00:00,Ewallet,7,1986.94,41725.76,?
INV-100232,Portharcourt,Ogun,Normal,Female,Fashion,31641.32,5,2024-05-15 00:00:00,Ewallet,7,7910.33,166116.93,?
INV-100233,Portharcourt,Port Harcourt,Normal,Male,Sports Equipment,8056.58,2,2024-06-07 00:00:00,Ewallet,4,805.66,16918.82,?
INV-100234,Portharcourt,Abuja,Member,Female,Home Supplies,35653.58,8,2025-02-15 00:00:00,Ewallet,9,14261.43,299490.07,?
INV-100235,Portharcourt,Abuja,Normal,Male,Health & Beauty,34028.42,3,2024-02-21 00:00:00,Ewallet,6,5104.26,107189.52,?
INV-100236,ABUJA,Lagos,Member,Male,Health & Beauty,1709.13,1,2024-04-29 00:00:00,Credit Card,7,85.46,1794.59,?
INV-100237,ABUJA,Ogun,Member,Male,Health & Beauty,20881.51,2,2025-07-24 00:00:00,Cash,8,2088.15,43851.17,?
INV-100238, ogun,Abuja,Member,,Electronics,16981.04,7,2025-04-21 00:00:00,Cash,5,5943.36,124810.64,?
INV-100239,Portharcourt,Ogun,Normal,Male,Home Supplies,33635.9,6,2025-01-07 00:00:00,Ewallet,8,10090.77,211906.17,?
INV-100240,ABUJA,Abuja,Member,Male,Home Supplies,11198.72,8,2025-09-16 00:00:00,Credit Card,7,4479.49,94069.25,?
INV-100241, ogun,Port Harcourt,Member,Female,Health & Beauty,29748.16,7,2024-11-11 00:00:00,,7,10411.86,218648.98,?
INV-100242,Portharcourt,Port Harcourt,Normal,Female,Health & Beauty,45703.7,8,2025-04-27 00:00:00,Ewallet,4,18281.48,383911.08,?
INV-100243,lagos ,Abuja,Normal,Female,Sports Equipment,39991.22,3,2024-01-18 00:00:00,Cash,4,5998.68,125972.34,?
INV-100244, ogun,Port Harcourt,Normal,Male,Food & Beverages,46112.16,6,2025-08-04 00:00:00,Ewallet,9,13833.65,290506.61,?
INV-100245,ABUJA,Abuja,Member,Female,Food & Beverages,48936.05,7,2024-01-31 00:00:00,Credit Card,5,17127.62,359679.97,?
INV-100246,lagos ,Port Harcourt,Member,Female,Fashion,1028.17,1,2024-01-27 00:00:00,Ewallet,9,51.41,1079.58,?
INV-100247,lagos ,Lagos,Normal,Female,Fashion,31325.69,1,2024-04-13 00:00:00,Cash,4,1566.28,32891.97,?
INV-100248,lagos ,Lagos,Member,Male,Home Supplies,20935.55,7,2024-12-04 00:00:00,Cash,6,7327.44,153876.29,?
INV-100249, ogun,Lagos,Normal,Female,Home Supplies,43062.8,3,2024-11-30 00:00:00,Credit Card,5,6459.42,135647.82,?
INV-100250,ABUJA,Ogun,Normal,Male,Electronics,12964.83,3,2025-02-02 00:00:00,Ewallet,6,1944.72,40839.21,?
INV-100251,lagos ,Ogun,Member,Female,Electronics,49060.96,5,2025-01-03 00:00:00,Ewallet,9,12265.24,257570.04,?
INV-100252,Portharcourt,Lagos,Member,Male,Food & Beverages,30878.54,6,2025-04-25 00:00:00,Credit Card,4,9263.56,194534.8,?
INV-100253,lagos ,Ogun,Normal,Male,Fashion,39780.1,2,2025-01-19 00:00:00,Ewallet,5,3978.01,83538.21,?
INV-100254,lagos ,Port Harcourt,Normal,Male,Food & Beverages,4737.18,3,2025-08-26 00:00:00,Credit Card,9,710.58,14922.12,?
INV-100255, ogun,Abuja,Normal,Female,Food & Beverages,9581.17,6,2025-01-04 00:00:00,Ewallet,7,2874.35,60361.37,?
INV-100256, ogun,Abuja,Normal,Female,Fashion,38040.98,3,2025-02-12 00:00:00,Cash,9,5706.15,119829.09,?
INV-100257,ABUJA,Abuja,Member,Male,Electronics,1588.33,5,2024-09-05 00:00:00,Credit Card,8,397.08,8338.73,?
INV-100258,Portharcourt,Lagos,Normal,Female,Sports Equipment,40935.46,9,2025-08-02 00:00:00,Ewallet,7,18420.96,386840.1,?
INV-100259, ogun,Ogun,Normal,Male,Sports Equipment,1190.48,3,2024-07-03 00:00:00,Ewallet,6,178.57,3750.01,?
INV-100260,lagos ,Port Harcourt,Normal,Male,Sports Equipment,33027.38,6,2024-10-28 00:00:00,Ewallet,7,9908.21,208072.49,?
INV-100261,ABUJA,Port Harcourt,Member,Female,Fashion,18572.15,5,2025-10-08 00:00:00,Credit Card,9,4643.04,97503.79,?
INV-100262,lagos ,Lagos,Member,Female,Health & Beauty,30769,5,2025-10-05 00:00:00,Cash,7,7692.25,161537.25,?
INV-100263,lagos ,Port Harcourt,Normal,,Health & Beauty,34953.55,6,2024-02-12 00:00:00,Ewallet,8,10486.07,220207.37,?
INV-100264, ogun,Port Harcourt,Member,Male,Health & Beauty,17452.52,6,2024-09-22 00:00:00,Credit Card,9,5235.76,109950.88,?
INV-100265,ABUJA,Port Harcourt,Member,Male,Home Supplies,5844.14,1,2025-07-14 00:00:00,Ewallet,8,292.21,6136.35,?
INV-100266,Portharcourt,Port Harcourt,Member,,Electronics,3947.47,9,2024-04-22 00:00:00,Cash,7,1776.36,37303.59,?
INV-100267,,Ogun,Normal,Male,Electronics,29652.33,5,2025-05-06 00:00:00,Cash,8,7413.08,155674.73,?
INV-100268, ogun,Port Harcourt,Normal,Female,Home Supplies,26272.44,1,2024-07-18 00:00:00,Cash,7,1313.62,27586.06,?
INV-100269, ogun,Abuja,Member,Male,Food & Beverages,37238.95,8,2025-02-08 00:00:00,Credit Card,5,14895.58,312807.18,?
INV-100270,ABUJA,Lagos,Normal,Female,Sports Equipment,25731.91,7,2024-02-25 00:00:00,Ewallet,7,9006.17,189129.54,?
INV-100271,Portharcourt,Ogun,Normal,Female,Health & Beauty,21411.07,7,2025-08-25 00:00:00,Credit Card,4,7493.87,157371.36,?
INV-100272,Portharcourt,Port Harcourt,Member,Male,Sports Equipment,20205.32,5,2024-04-09 00:00:00,Ewallet,8,5051.33,106077.93,?
INV-100273,Portharcourt,Ogun,Member,,Health & Beauty,1809.12,1,2025-10-20 00:00:00,Credit Card,8,90.46,1899.58,?
INV-100274,lagos ,Port Harcourt,Normal,Female,Sports Equipment,17110.08,9,2025-06-29 00:00:00,Ewallet,6,7699.54,161690.26,?
INV-100275,Portharcourt,Abuja,Member,Male,Food & Beverages,48813,9,2024-09-23 00:00:00,Credit Card,6,21965.85,461282.85,?
INV-100276,lagos ,Lagos,Normal,Female,Sports Equipment,43741,8,2025-08-18 00:00:00,Ewallet,4,17496.4,367424.4,?
INV-100277,ABUJA,Port Harcourt,Normal,Male,Sports Equipment,16804.21,5,2025-10-15 00:00:00,Credit Card,8,4201.05,88222.1,?
INV-100278,lagos ,Port Harcourt,Member,Female,Fashion,29595.87,3,2024-03-29 00:00:00,Cash,8,4439.38,93226.99,?
INV-100279,ABUJA,Port Harcourt,Normal,Male,Sports Equipment,42441.19,8,2024-10-09 00:00:00,Credit Card,6,16976.48,356506,?
INV-100280,Portharcourt,Port Harcourt,Normal,Female,Fashion,22343.08,1,2024-12-13 00:00:00,Cash,6,1117.15,23460.23,?
INV-100281,Portharcourt,Lagos,Member,Female,Electronics,1388.91,3,2024-05-01 00:00:00,Cash,7,208.34,4375.07,?
INV-100282,ABUJA,Lagos,Member,Female,Home Supplies,4188.27,7,2024-08-30 00:00:00,Ewallet,9,1465.89,30783.78,?
INV-100283, ogun,Abuja,Member,Female,Sports Equipment,25764.44,4,2025-10-10 00:00:00,Cash,8,5152.89,108210.65,?
INV-100284,ABUJA,Lagos,Normal,Male,Electronics,48487.25,7,2025-06-09 00:00:00,Cash,8,16970.54,356381.29,?
INV-100285, ogun,Port Harcourt,Member,Male,Fashion,34813.87,5,2024-12-14 00:00:00,Ewallet,7,8703.47,182772.82,?
INV-100286,lagos ,Abuja,Member,Male,Sports Equipment,4010.35,6,2024-05-18 00:00:00,Credit Card,8,1203.1,25265.2,?
INV-100287,lagos ,Abuja,Member,Male,Sports Equipment,9873.36,7,2024-02-19 00:00:00,Credit Card,4,3455.68,72569.2,?
INV-100288,lagos ,Abuja,Member,Male,Food & Beverages,38680.5,7,2025-09-09 00:00:00,Cash,6,13538.18,284301.68,?
INV-100289,Portharcourt,Port Harcourt,Normal,Male,Electronics,42151.27,7,2024-01-09 00:00:00,Credit Card,6,14752.94,309811.83,?
INV-100290,lagos ,Ogun,Normal,Male,Health & Beauty,31075.88,7,2025-07-26 00:00:00,Cash,9,10876.56,228407.72,?
INV-100291, ogun,Port Harcourt,Member,Female,Health & Beauty,32398.95,7,2024-02-04 00:00:00,Credit Card,6,11339.63,238132.28,?
INV-100292,lagos ,Lagos,Normal,Female,Food & Beverages,1902.7,3,2025-01-31 00:00:00,Credit Card,5,285.41,5993.51,?
INV-100293,ABUJA,Lagos,Member,Female,Fashion,41512.25,3,2025-09-12 00:00:00,Credit Card,4,6226.84,130763.59,?
INV-100294,ABUJA,Port Harcourt,Member,Female,Health & Beauty,39519.62,7,2025-08-26 00:00:00,Cash,4,13831.87,290469.21,?
INV-100295,Portharcourt,Port Harcourt,Normal,Male,Health & Beauty,13322.24,2,2024-07-21 00:00:00,Ewallet,7,1332.22,27976.7,?
INV-100296,ABUJA,Abuja,Normal,Male,Home Supplies,35579.5,2,2025-08-06 00:00:00,Credit Card,5,3557.95,74716.95,?
INV-100297, ogun,Port Harcourt,Member,Male,Electronics,11135.3,3,2025-04-04 00:00:00,Credit Card,8,1670.29,35076.19,?
INV-100298,,Abuja,Member,Female,Fashion,2496.34,4,2025-08-15 00:00:00,Credit Card,9,499.27,10484.63,?
INV-100299,Portharcourt,Lagos,Normal,Male,Sports Equipment,10456.26,6,2024-03-30 00:00:00,Cash,4,3136.88,65874.44,?
INV-100300,lagos ,Abuja,Member,Female,,9342.13,8,2024-06-30 00:00:00,Ewallet,5,3736.85,78473.89,?
INV-100301,lagos ,Port Harcourt,Normal,Male,Fashion,17218.53,7,2024-10-15 00:00:00,Cash,5,6026.49,126556.2,?
INV-100302, ogun,Lagos,Member,Male,Health & Beauty,21213.25,4,2024-10-18 00:00:00,Credit Card,4,4242.65,89095.65,?
INV-100303,ABUJA,Ogun,Member,Male,Home Supplies,25672.68,2,2025-03-29 00:00:00,Cash,7,2567.27,53912.63,?
INV-100304,ABUJA,Abuja,Normal,,Electronics,24099.32,2,2024-11-14 00:00:00,Credit Card,5,2409.93,50608.57,?
INV-100305,lagos ,Lagos,Normal,Female,Health & Beauty,13898.39,4,2025-07-13 00:00:00,,6,2779.68,58373.24,?
INV-100306,Portharcourt,Abuja,Normal,Female,Fashion,1943.95,6,2024-08-03 00:00:00,Cash,5,583.19,12246.89,?
INV-100307,ABUJA,Lagos,Normal,Male,Electronics,30452.53,3,2024-09-27 00:00:00,Credit Card,8,4567.88,95925.47,?
INV-100308,Portharcourt,Lagos,Normal,Female,Sports Equipment,20089.37,6,2025-05-28 00:00:00,Credit Card,4,6026.81,126563.03,?
INV-100309,ABUJA,Abuja,Normal,Male,Electronics,15284.27,5,2025-05-05 00:00:00,Ewallet,8,3821.07,80242.42,?
INV-100310,Portharcourt,Ogun,Normal,Male,Health & Beauty,43413.58,5,2024-09-14 00:00:00,Cash,7,10853.4,227921.3,?
INV-100311, ogun,Lagos,Member,Male,Electronics,37463.79,2,2025-07-14 00:00:00,Cash,9,3746.38,78673.96,?
INV-100312,,Lagos,Member,Male,Sports Equipment,42959.39,8,2025-08-08 00:00:00,Credit Card,6,17183.76,360858.88,?
INV-100313, ogun,Lagos,Member,Female,Home Supplies,25001.65,5,2025-10-11 00:00:00,Credit Card,4,6250.41,131258.66,?
INV-100314, ogun,Ogun,Normal,Male,Home Supplies,0,2,2024-12-28 00:00:00,Cash,5,698.11,14660.31,?
INV-100315,Portharcourt,Ogun,Normal,Male,Health & Beauty,34962.96,7,2025-09-26 00:00:00,Cash,6,12237.04,256977.76,?
INV-100316, ogun,Port Harcourt,Normal,Female,Fashion,10700.65,9,2024-12-05 00:00:00,Cash,5,4815.29,101121.14,?
INV-100317,lagos ,Abuja,Member,Male,Health & Beauty,22340.87,9,2024-10-13 00:00:00,Credit Card,7,10053.39,211121.22,?
INV-100318, ogun,Ogun,Normal,Female,Home Supplies,3717.54,1,2024-11-27 00:00:00,Ewallet,9,185.88,3903.42,?
INV-100319,ABUJA,Abuja,Normal,Male,Food & Beverages,41352.77,7,2025-09-15 00:00:00,Ewallet,4,14473.47,303942.86,?
INV-100320,Portharcourt,Port Harcourt,Member,Male,Food & Beverages,6734.06,9,2025-04-07 00:00:00,Credit Card,7,3030.33,63636.87,?
INV-100321,lagos ,Abuja,Normal,Male,Electronics,45203.33,6,2024-03-19 00:00:00,Credit Card,7,13561,284780.98,?
INV-100322,Portharcourt,Ogun,Member,Male,Sports Equipment,43279.41,1,2024-05-03 00:00:00,Credit Card,9,2163.97,45443.38,?
INV-100323,ABUJA,Abuja,Member,Male,Electronics,23496.85,2,2025-04-01 00:00:00,Cash,7,2349.68,49343.38,?
INV-100324,ABUJA,Ogun,Normal,Male,Food & Beverages,37346.23,4,2025-06-28 00:00:00,Credit Card,7,7469.25,156854.17,?
INV-100325,ABUJA,Abuja,Normal,Female,Home Supplies,31162.53,4,2025-01-12 00:00:00,Cash,5,6232.51,130882.63,?
INV-100326, ogun,Ogun,Normal,Male,Electronics,40252.24,2,2025-06-23 00:00:00,Ewallet,8,4025.22,84529.7,?
INV-100327, ogun,Ogun,Member,Female,Health & Beauty,21874.35,8,2024-11-27 00:00:00,Credit Card,5,8749.74,183744.54,?
INV-100328,Portharcourt,Abuja,Member,Female,Sports Equipment,39397.52,2,2025-07-28 00:00:00,Credit Card,9,3939.75,82734.79,?
INV-100329,Portharcourt,Port Harcourt,Member,Male,Health & Beauty,23391.61,3,2024-12-29 00:00:00,,6,3508.74,73683.57,?
INV-100330,lagos ,Lagos,Normal,Female,Sports Equipment,47077.81,4,2024-11-07 00:00:00,Cash,9,9415.56,197726.8,?
INV-100331,lagos ,Port Harcourt,Normal,Male,Home Supplies,24575.42,9,2024-12-31 00:00:00,Cash,9,11058.94,232237.72,?
INV-100332,Portharcourt,Abuja,Normal,Female,Electronics,23399.65,1,2025-03-24 00:00:00,Ewallet,9,1169.98,24569.63,?
INV-100333, ogun,Port Harcourt,Normal,Male,Sports Equipment,39361.06,8,2025-04-04 00:00:00,Ewallet,9,15744.42,330632.9,?
INV-100334,ABUJA,Ogun,Member,Female,Health & Beauty,41168.1,5,2024-12-13 00:00:00,Credit Card,7,10292.03,216132.53,?
INV-100335,Portharcourt,Lagos,Member,Female,Electronics,27947.21,7,2025-07-10 00:00:00,Credit Card,9,9781.52,205411.99,?
INV-100336,lagos ,Abuja,Member,Male,,9399.99,8,2024-09-21 00:00:00,Cash,6,3760,78959.92,?
INV-100337, ogun,Abuja,Member,Female,Health & Beauty,23654.03,5,2025-09-30 00:00:00,Ewallet,9,5913.51,124183.66,?
INV-100338,Portharcourt,Abuja,Normal,Male,Food & Beverages,48419.59,8,2024-04-08 00:00:00,Credit Card,5,19367.84,406724.56,?
INV-100339,Portharcourt,Lagos,Normal,Male,Sports Equipment,37772.82,8,2025-05-05 00:00:00,Cash,7,15109.13,317291.69,?
INV-100340, ogun,Ogun,Normal,Male,Health & Beauty,40652.55,9,2025-09-08 00:00:00,Cash,5,18293.65,384166.6,?
INV-100341,Portharcourt,Abuja,Member,Male,Home Supplies,2124.86,2,2024-12-07 00:00:00,,7,212.49,4462.21,?
INV-100342, ogun,Port Harcourt,Member,Male,Fashion,23659.04,3,2025-08-22 00:00:00,Ewallet,5,3548.86,74525.98,?
INV-100343,ABUJA,Abuja,Normal,Female,Health & Beauty,32507.75,1,2024-02-08 00:00:00,Credit Card,4,1625.39,34133.14,?
INV-100344, ogun,Abuja,Normal,Female,Electronics,41586.62,4,2024-03-31 00:00:00,Credit Card,8,8317.32,174663.8,?
INV-100345, ogun,Abuja,Member,Female,Electronics,2939.05,5,2024-05-11 00:00:00,Cash,8,734.76,15430.01,?
INV-100346, ogun,Abuja,Normal,Male,Health & Beauty,42695.72,1,2025-07-26 00:00:00,Cash,7,2134.79,44830.51,?
INV-100347,Portharcourt,Ogun,Member,Female,Fashion,27645.85,8,2025-03-25 00:00:00,Cash,4,11058.34,232225.14,?
INV-100348,Portharcourt,Port Harcourt,Member,Female,Health & Beauty,10267.04,2,2024-04-15 00:00:00,Credit Card,6,1026.7,21560.78,?
INV-100349, ogun,Ogun,Member,Female,,16204.13,1,2025-09-21 00:00:00,Ewallet,4,810.21,17014.34,?
INV-100350,Portharcourt,Port Harcourt,Normal,Female,Fashion,14455.51,2,2025-01-07 00:00:00,Credit Card,7,1445.55,30356.57,?
INV-100351,lagos ,Abuja,Normal,,Home Supplies,26777.52,5,2025-06-26 00:00:00,Ewallet,4,6694.38,140581.98,?
INV-100352,lagos ,Lagos,Member,Male,Sports Equipment,3058.44,9,2024-11-17 00:00:00,Credit Card,6,1376.3,28902.26,?
INV-100353,Portharcourt,Ogun,Normal,Male,Electronics,8347.54,9,2024-08-01 00:00:00,Credit Card,7,3756.39,78884.25,?
INV-100354,Portharcourt,Lagos,Member,Female,Electronics,40728.31,2,2024-05-05 00:00:00,Ewallet,8,4072.83,85529.45,?
INV-100355, ogun,Ogun,Member,Male,Fashion,7063.9,2,2024-04-04 00:00:00,Credit Card,9,706.39,14834.19,?
INV-100356,ABUJA,Abuja,Member,Male,Electronics,12053.12,3,2024-03-13 00:00:00,Credit Card,4,1807.97,37967.33,?
INV-100357,Portharcourt,Ogun,Member,Female,Food & Beverages,22941.84,7,2024-12-20 00:00:00,Cash,8,8029.64,168622.52,?
INV-100358,lagos ,Abuja,Normal,,Fashion,26097.48,3,2025-04-26 00:00:00,Ewallet,8,3914.62,82207.06,?
INV-100359, ogun,Ogun,Member,Male,Electronics,38298.72,1,2024-04-12 00:00:00,Ewallet,5,1914.94,40213.66,?
INV-100360,Portharcourt,Abuja,Member,Female,Food & Beverages,22642.96,6,2025-06-18 00:00:00,Cash,6,6792.89,142650.65,?
INV-100361,lagos ,Abuja,Normal,Male,Home Supplies,39598.3,3,2025-04-13 00:00:00,Ewallet,9,5939.75,124734.65,?
INV-100362,lagos ,Port Harcourt,Member,Male,Electronics,31108.14,1,2025-03-20 00:00:00,Cash,4,1555.41,32663.55,?
INV-100363,ABUJA,Abuja,Member,Female,Food & Beverages,6098.44,4,2024-05-09 00:00:00,Ewallet,8,1219.69,25613.45,?
INV-100364, ogun,Port Harcourt,Normal,Male,Health & Beauty,8238.41,1,2025-01-21 00:00:00,Ewallet,8,411.92,8650.33,?
INV-100365, ogun,Abuja,Normal,Male,Sports Equipment,22133.17,1,2024-12-12 00:00:00,Ewallet,6,1106.66,23239.83,?
INV-100366,ABUJA,Lagos,Normal,Male,Health & Beauty,20146.02,2,2024-11-07 00:00:00,Ewallet,9,2014.6,42306.64,?
INV-100367,ABUJA,Abuja,Member,Female,Food & Beverages,37305.44,8,2025-06-24 00:00:00,Cash,9,14922.18,313365.7,?
INV-100368, ogun,Lagos,Normal,Female,Fashion,29246.49,2,2025-03-02 00:00:00,Cash,8,2924.65,61417.63,?
INV-100369, ogun,Lagos,Normal,Female,Fashion,19712.59,2,2024-10-04 00:00:00,,8,1971.26,41396.44,?
INV-100370,Portharcourt,Abuja,Member,Female,Electronics,8952.63,8,2025-09-19 00:00:00,Credit Card,8,3581.05,75202.09,?
INV-100371,Portharcourt,Lagos,Member,Male,Health & Beauty,11728.44,6,2024-01-09 00:00:00,Cash,8,3518.53,73889.17,?
INV-100372,ABUJA,Port Harcourt,Member,Female,Fashion,28987.3,4,2025-07-20 00:00:00,Ewallet,5,5797.46,121746.66,?
INV-100373,Portharcourt,Ogun,Member,Female,Fashion,21460.22,3,2025-06-19 00:00:00,Cash,5,3219.03,67599.69,?
INV-100374,lagos ,Abuja,Member,Female,Health & Beauty,0,1,2024-04-30 00:00:00,Credit Card,9,1299.45,27288.36,?
INV-100375,Portharcourt,Lagos,Normal,Female,Home Supplies,8948.53,3,2025-02-09 00:00:00,Credit Card,7,1342.28,28187.87,?
INV-100376,Portharcourt,Abuja,Normal,Male,Fashion,33313.86,9,2025-03-12 00:00:00,Credit Card,4,14991.24,314815.98,?
INV-100377,lagos ,Port Harcourt,Normal,Male,Sports Equipment,42700.67,5,2024-11-28 00:00:00,Ewallet,6,10675.17,224178.52,?
INV-100378,ABUJA,Abuja,Member,Male,Food & Beverages,13268.01,6,2024-10-17 00:00:00,Ewallet,7,3980.4,83588.46,?
INV-100379,lagos ,Abuja,Member,Female,Electronics,24829.95,5,2025-08-21 00:00:00,Credit Card,5,6207.49,130357.24,?
INV-100380,Portharcourt,Lagos,Member,Female,Fashion,48788.6,1,2025-03-26 00:00:00,Cash,5,2439.43,51228.03,?
INV-100381,ABUJA,Port Harcourt,Normal,Male,Sports Equipment,16995.47,1,2025-02-07 00:00:00,Cash,5,849.77,17845.24,?
INV-100382,Portharcourt,Ogun,Normal,Female,Sports Equipment,29954.79,4,2024-05-31 00:00:00,Credit Card,7,5990.96,125810.12,?
INV-100383,lagos ,Ogun,Member,Female,Fashion,4964.69,3,2025-10-07 00:00:00,Ewallet,5,744.7,15638.77,?
INV-100384,lagos ,Lagos,Normal,Male,Home Supplies,30497.74,8,2024-06-14 00:00:00,Cash,7,12199.1,256181.02,?
INV-100385,Portharcourt,Abuja,Member,Male,Food & Beverages,4936.77,7,2025-10-01 00:00:00,Cash,5,1727.87,36285.26,?
INV-100386, ogun,Lagos,Normal,Female,Electronics,47982.15,7,2024-10-16 00:00:00,Cash,8,16793.75,352668.8,?
INV-100387, ogun,Lagos,Normal,Female,Fashion,35925.3,8,2024-05-31 00:00:00,Ewallet,8,14370.12,301772.52,?
INV-100388,lagos ,Lagos,Normal,Female,Electronics,39513.91,7,2025-03-15 00:00:00,Credit Card,4,13829.87,290427.24,?
INV-100389,,Abuja,Member,Male,Health & Beauty,35353.17,2,2024-02-28 00:00:00,Ewallet,5,3535.32,74241.66,?
INV-100390, ogun,Port Harcourt,Normal,Male,Sports Equipment,29691.59,4,2025-03-20 00:00:00,Cash,4,5938.32,124704.68,?
INV-100391, ogun,Lagos,Normal,Male,Sports Equipment,22770.68,6,2024-05-27 00:00:00,Credit Card,7,6831.2,143455.28,?
INV-100392,Portharcourt,Abuja,Member,Male,Fashion,42989.48,3,2024-07-11 00:00:00,Ewallet,4,6448.42,135416.86,?
INV-100393,Portharcourt,Port Harcourt,Normal,Female,Fashion,47863.37,3,2024-02-04 00:00:00,Credit Card,5,7179.51,150769.62,?
INV-100394, ogun,Lagos,Member,Male,Health & Beauty,25202.29,6,2024-10-11 00:00:00,Cash,7,7560.69,158774.43,?
INV-100395,Portharcourt,Ogun,Member,Male,Home Supplies,46610.98,1,2025-04-29 00:00:00,Ewallet,7,2330.55,48941.53,?
INV-100396,Portharcourt,Port Harcourt,Member,Female,Fashion,29374.98,1,2025-02-15 00:00:00,Credit Card,8,1468.75,30843.73,?
INV-100397,ABUJA,Lagos,Member,Female,Sports Equipment,27150.02,5,2025-03-24 00:00:00,Ewallet,7,6787.51,142537.61,?
INV-100398,Portharcourt,Port Harcourt,Member,Female,Electronics,22996.9,1,2024-02-17 00:00:00,Cash,7,1149.84,24146.74,?
INV-100399,lagos ,Port Harcourt,Normal,Male,Food & Beverages,10859.74,8,2024-01-08 00:00:00,Credit Card,4,4343.9,91221.82,?
INV-100400,,Port Harcourt,Member,Female,Electronics,684.12,2,2025-02-05 00:00:00,Cash,9,68.41,1436.65,?
INV-100401,Portharcourt,Port Harcourt,Member,Female,Home Supplies,12454.56,6,2024-01-26 00:00:00,Credit Card,7,3736.37,78463.73,?
INV-100402, ogun,Port Harcourt,Member,Male,Food & Beverages,25731.3,5,2024-03-06 00:00:00,Cash,6,6432.83,135089.33,?
INV-100403,lagos ,Port Harcourt,Member,Male,Electronics,19308.02,4,2024-08-14 00:00:00,Cash,9,3861.6,81093.68,?
INV-100404,Portharcourt,Lagos,Normal,Female,Electronics,22700.02,1,2025-03-31 00:00:00,,8,1135,23835.02,?
INV-100405,Portharcourt,Ogun,Member,Male,Health & Beauty,49042.09,3,2025-02-12 00:00:00,Cash,8,7356.31,154482.58,?
INV-100406,ABUJA,Abuja,Normal,Female,Home Supplies,17838.48,4,2024-02-28 00:00:00,Ewallet,7,3567.7,74921.62,?
INV-100407,Portharcourt,Port Harcourt,Member,Female,Sports Equipment,22883.06,2,2024-12-20 00:00:00,Cash,4,2288.31,48054.43,?
INV-100408,Portharcourt,Abuja,Normal,Male,Health & Beauty,7109.02,2,2025-09-25 00:00:00,Cash,9,710.9,14928.94,?
INV-100409,ABUJA,Lagos,Member,Female,Food & Beverages,2873.91,2,2025-10-11 00:00:00,Cash,8,287.39,6035.21,?
INV-100410, ogun,Port Harcourt,Member,Male,Sports Equipment,38882.77,1,2024-05-24 00:00:00,,8,1944.14,40826.91,?
INV-100411,Portharcourt,Ogun,Normal,Male,Health & Beauty,28748.82,2,2024-10-22 00:00:00,Ewallet,6,2874.88,60372.52,?
INV-100412,ABUJA,Abuja,Member,,Home Supplies,38154.89,6,2025-05-04 00:00:00,Credit Card,7,11446.47,240375.81,?
INV-100413,lagos ,Port Harcourt,Normal,Female,Fashion,7918.21,3,2025-09-17 00:00:00,Ewallet,9,1187.73,24942.36,?
INV-100414, ogun,Lagos,Member,Male,Fashion,28805.52,5,2024-08-03 00:00:00,Cash,8,7201.38,151228.98,?
INV-100415,lagos ,Ogun,Normal,Male,Food & Beverages,13055.3,1,2025-08-23 00:00:00,Credit Card,8,652.76,13708.06,?
INV-100416,lagos ,Abuja,Member,Female,Fashion,11789.06,8,2024-08-12 00:00:00,Ewallet,8,4715.62,99028.1,?
INV-100417,ABUJA,Abuja,Member,Female,Health & Beauty,1070.54,4,2024-12-14 00:00:00,Cash,8,214.11,4496.27,?
INV-100418,Portharcourt,Port Harcourt,Normal,Female,Food & Beverages,6951.87,9,2024-03-21 00:00:00,Ewallet,4,3128.34,65695.17,?
INV-100419,ABUJA,Ogun,Member,Female,Sports Equipment,15808.77,4,2024-03-21 00:00:00,Ewallet,5,3161.75,66396.83,?
INV-100420,ABUJA,Ogun,Member,Male,Home Supplies,6285.5,2,2024-06-02 00:00:00,Cash,6,628.55,13199.55,?
INV-100421,ABUJA,Ogun,Member,Male,Food & Beverages,49299.99,3,2024-11-18 00:00:00,Credit Card,4,7395,155294.97,?
INV-100422,ABUJA,Ogun,Member,Male,Sports Equipment,15777.32,5,2025-04-30 00:00:00,Cash,6,3944.33,82830.93,?
INV-100423, ogun,Lagos,Member,Female,Food & Beverages,6951.04,6,2025-06-06 00:00:00,Credit Card,8,2085.31,43791.55,?
INV-100424,Portharcourt,Ogun,Member,Female,Electronics,10354.57,7,2024-03-30 00:00:00,Ewallet,6,3624.1,76106.09,?
INV-100425,lagos ,Abuja,Normal,Male,Electronics,29591.31,4,2024-06-14 00:00:00,Ewallet,7,5918.26,124283.5,?
INV-100426,lagos ,Abuja,Normal,Female,Food & Beverages,3670.15,7,2025-06-16 00:00:00,Ewallet,7,1284.55,26975.6,?
INV-100427,Portharcourt,Lagos,Normal,Female,Fashion,43190.49,3,2024-04-23 00:00:00,Credit Card,5,6478.57,136050.04,?
INV-100428,lagos ,Abuja,Member,Male,Electronics,48094.23,7,2025-09-11 00:00:00,Cash,5,16832.98,353492.59,?
INV-100429,Portharcourt,Abuja,Normal,Male,Home Supplies,12714,4,2024-09-07 00:00:00,Credit Card,6,2542.8,53398.8,?
INV-100430,lagos ,Ogun,Member,Female,Sports Equipment,22779.72,8,2024-03-31 00:00:00,Ewallet,4,9111.89,191349.65,?
INV-100431,ABUJA,Abuja,Member,Female,Health & Beauty,1595.66,9,2024-04-11 00:00:00,Ewallet,4,718.05,15078.99,?
INV-100432,,Lagos,Member,Female,Electronics,32215.16,7,2024-10-18 00:00:00,Cash,8,11275.31,236781.43,?
INV-100433,Portharcourt,Ogun,Member,Male,Food & Beverages,20989.34,8,2025-10-16 00:00:00,Credit Card,4,8395.74,176310.46,?
INV-100434,Portharcourt,Port Harcourt,Normal,Male,Fashion,13867.89,8,2025-06-14 00:00:00,Ewallet,5,5547.16,116490.28,?
INV-100435,Portharcourt,Ogun,Member,Male,Health & Beauty,10738.44,2,2024-07-04 00:00:00,Credit Card,4,1073.84,22550.72,?
INV-100436,Portharcourt,Lagos,Normal,Male,Sports Equipment,32874.14,9,2024-01-09 00:00:00,Credit Card,8,14793.36,310660.62,?
INV-100437,Portharcourt,Ogun,Member,Male,Sports Equipment,21102.74,6,2024-02-08 00:00:00,Cash,7,6330.82,132947.26,?
INV-100438, ogun,Ogun,Normal,Female,Electronics,9393.13,4,2025-01-13 00:00:00,Cash,4,1878.63,39451.15,?
INV-100439, ogun,Lagos,Normal,Female,Sports Equipment,34610.9,5,2024-01-21 00:00:00,,4,8652.72,181707.22,?
INV-100440,lagos ,Ogun,Normal,Female,Sports Equipment,28471.08,5,2024-10-24 00:00:00,Cash,5,7117.77,149473.17,?
INV-100441,Portharcourt,Lagos,Normal,,Fashion,43004.27,7,2025-01-16 00:00:00,Credit Card,6,15051.49,316081.38,?
INV-100442,lagos ,Lagos,Normal,Male,Fashion,6315.06,9,2025-10-17 00:00:00,Cash,7,2841.78,59677.32,?
INV-100443,Portharcourt,Port Harcourt,Normal,Male,Fashion,39390.5,7,2025-08-09 00:00:00,Credit Card,6,13786.68,289520.18,?
INV-100444,Portharcourt,Abuja,Member,Female,Food & Beverages,33839.08,9,2024-02-13 00:00:00,Ewallet,8,15227.59,319779.31,?
INV-100445, ogun,Abuja,Normal,Male,Sports Equipment,6193.04,4,2024-05-14 00:00:00,Credit Card,8,1238.61,26010.77,?
INV-100446, ogun,Ogun,Member,Male,Sports Equipment,34893.63,4,2025-01-12 00:00:00,Cash,6,6978.73,146553.25,?
INV-100447,ABUJA,Ogun,Normal,Female,Sports Equipment,22356.59,6,2025-03-18 00:00:00,Cash,5,6706.98,140846.52,?
INV-100448, ogun,Port Harcourt,Member,,Home Supplies,47276.75,8,2024-02-03 00:00:00,Ewallet,9,18910.7,397124.7,?
INV-100449,ABUJA,Port Harcourt,Normal,Female,Fashion,7509.76,9,2025-03-09 00:00:00,Cash,5,3379.39,70967.23,?
INV-100450,ABUJA,Port Harcourt,Normal,Male,Health & Beauty,32320.25,1,2024-09-16 00:00:00,Ewallet,9,1616.01,33936.26,?
INV-100451,ABUJA,Lagos,Member,Male,Electronics,19408.01,1,2024-12-26 00:00:00,Ewallet,9,970.4,20378.41,?
INV-100452,ABUJA,Port Harcourt,Normal,Female,Health & Beauty,47862.33,8,2024-02-05 00:00:00,Cash,5,19144.93,402043.57,?
INV-100453,ABUJA,Port Harcourt,Normal,Female,Food & Beverages,16833.76,7,2025-08-01 00:00:00,Credit Card,9,5891.82,123728.14,?
INV-100454,lagos ,Ogun,Normal,Female,Food & Beverages,48128.2,9,2024-11-11 00:00:00,Ewallet,9,21657.69,454811.49,?
INV-100455, ogun,Port Harcourt,Member,Female,Sports Equipment,45123.55,3,2024-01-25 00:00:00,Credit Card,9,6768.53,142139.18,?
INV-100456,ABUJA,Lagos,Normal,Female,Health & Beauty,13883.97,5,2025-01-20 00:00:00,Cash,7,3470.99,72890.84,?
INV-100457,Portharcourt,Lagos,Member,Female,Sports Equipment,40275.32,3,2025-02-21 00:00:00,Credit Card,8,6041.3,126867.26,?
INV-100458, ogun,Ogun,Normal,Male,Home Supplies,49782.41,5,2025-02-27 00:00:00,Credit Card,9,12445.6,261357.65,?
INV-100459, ogun,Port Harcourt,Normal,Male,Food & Beverages,13006.82,1,2025-07-08 00:00:00,Credit Card,8,650.34,13657.16,?
INV-100460,ABUJA,Port Harcourt,Member,Female,Food & Beverages,22120.47,4,2024-01-25 00:00:00,Credit Card,8,4424.09,92905.97,?
INV-100461,lagos ,Lagos,Normal,Male,Health & Beauty,26248.95,6,2025-09-25 00:00:00,Cash,7,7874.69,165368.39,?
INV-100462,ABUJA,Port Harcourt,Normal,Female,Food & Beverages,15099.09,2,2024-05-11 00:00:00,Cash,8,1509.91,31708.09,?
INV-100463,lagos ,Port Harcourt,Member,Male,Home Supplies,1255.61,7,2025-09-06 00:00:00,Credit Card,6,439.46,9228.73,?
INV-100464,Portharcourt,Port Harcourt,Normal,Female,Home Supplies,11396.4,8,2024-12-01 00:00:00,Cash,4,4558.56,95729.76,?
INV-100465, ogun,Abuja,Member,Male,Home Supplies,14455.88,1,2024-02-20 00:00:00,Cash,7,722.79,15178.67,?
INV-100466,Portharcourt,Ogun,Member,Male,Electronics,22458.19,4,2024-10-07 00:00:00,Ewallet,4,4491.64,94324.4,?
INV-100467,lagos ,Abuja,Member,Male,Home Supplies,8969.57,4,2024-10-16 00:00:00,Cash,6,1793.91,37672.19,?
INV-100468,lagos ,Ogun,Normal,Male,Home Supplies,43726.09,5,2024-10-22 00:00:00,Credit Card,5,10931.52,229561.97,?
INV-100469,Portharcourt,Lagos,Member,,Electronics,35393.1,4,2024-05-08 00:00:00,Cash,5,7078.62,148651.02,?
INV-100470,,Port Harcourt,Member,Female,Sports Equipment,4717.42,9,2025-04-28 00:00:00,,9,2122.84,44579.62,?
INV-100471,Portharcourt,Ogun,Normal,Female,Fashion,32679.58,7,2024-10-18 00:00:00,Cash,5,11437.85,240194.91,?
INV-100472, ogun,Abuja,Member,Female,Food & Beverages,32856,2,2024-03-27 00:00:00,Cash,7,3285.6,68997.6,?
INV-100473,Portharcourt,Port Harcourt,Normal,Male,Home Supplies,47832.95,1,2025-02-08 00:00:00,Ewallet,5,2391.65,50224.6,?
INV-100474, ogun,Lagos,Normal,Female,Food & Beverages,649.53,9,2025-09-25 00:00:00,Credit Card,7,292.29,6138.06,?
INV-100475,Portharcourt,Ogun,Normal,Male,Health & Beauty,12772.66,1,2024-05-26 00:00:00,Credit Card,7,638.63,13411.29,?
INV-100476,lagos ,Ogun,Normal,Male,Food & Beverages,46425.68,6,2025-02-05 00:00:00,Cash,4,13927.7,292481.78,?
INV-100477,Portharcourt,Ogun,Member,Male,Sports Equipment,46640.63,2,2024-02-14 00:00:00,Cash,5,4664.06,97945.32,?
INV-100478,lagos ,Port Harcourt,Member,Female,Electronics,36169.03,4,2024-10-14 00:00:00,Ewallet,8,7233.81,151909.93,?
INV-100479,Portharcourt,Abuja,Member,Male,Food & Beverages,38405.28,6,2024-11-15 00:00:00,Cash,5,11521.58,241953.26,?
INV-100480,Portharcourt,Abuja,Member,Female,Food & Beverages,5028.41,5,2025-07-23 00:00:00,Ewallet,5,1257.1,26399.15,?
INV-100481,ABUJA,Ogun,Member,Female,Food & Beverages,25936.85,6,2024-11-03 00:00:00,Credit Card,5,7781.05,163402.15,?
INV-100482,lagos ,Lagos,Normal,Male,Fashion,11963.36,3,2024-11-21 00:00:00,Credit Card,9,1794.5,37684.58,?
INV-100483,ABUJA,Lagos,Member,Male,Fashion,9470.29,5,2024-10-17 00:00:00,Ewallet,8,2367.57,49719.02,?
INV-100484,lagos ,Abuja,Member,Female,Health & Beauty,40610.01,2,2024-09-04 00:00:00,Credit Card,8,4061,85281.02,?
INV-100485,ABUJA,Lagos,Member,Female,Electronics,7184.39,7,2024-05-15 00:00:00,Cash,7,2514.54,52805.27,?
INV-100486, ogun,Abuja,Normal,Female,Food & Beverages,23698.26,3,2024-01-22 00:00:00,Cash,8,3554.74,74649.52,?
INV-100487,Portharcourt,Ogun,Normal,Female,Food & Beverages,46959.62,1,2024-08-04 00:00:00,,7,2347.98,49307.6,?
INV-100488,lagos ,Abuja,Member,Female,Food & Beverages,9698.69,8,2024-01-03 00:00:00,Credit Card,4,3879.48,81469,?
INV-100489,lagos ,Abuja,Normal,,Food & Beverages,48910.67,8,2024-11-28 00:00:00,Credit Card,7,19564.27,410849.63,?
INV-100490,Portharcourt,Ogun,Member,Male,Fashion,49717.26,3,2024-02-24 00:00:00,Ewallet,5,7457.59,156609.37,?
INV-100491,lagos ,Lagos,Member,,Sports Equipment,28003.05,7,2025-07-05 00:00:00,Ewallet,6,9801.07,205822.42,?
INV-100492,lagos ,Abuja,Normal,Female,Sports Equipment,8922.07,9,2025-04-17 00:00:00,Credit Card,6,4014.93,84313.56,?
INV-100493,ABUJA,Abuja,Normal,Female,Health & Beauty,16147.19,8,2025-07-22 00:00:00,Ewallet,9,6458.88,135636.4,?
INV-100494,lagos ,Ogun,Member,Female,Home Supplies,21512.4,3,2024-02-02 00:00:00,Cash,5,3226.86,67764.06,?
INV-100495, ogun,Lagos,Member,Male,Electronics,15811.55,2,2025-07-20 00:00:00,,7,1581.16,33204.26,?
INV-100496, ogun,Abuja,Normal,Male,Sports Equipment,14391.46,7,2024-10-06 00:00:00,Ewallet,5,5037.01,105777.23,?
INV-100497,Portharcourt,Ogun,Member,Female,Food & Beverages,48625.37,7,2024-01-30 00:00:00,Ewallet,9,17018.88,357396.47,?
INV-100498,lagos ,Abuja,Normal,Female,Sports Equipment,8091.56,9,2025-08-13 00:00:00,Ewallet,8,3641.2,76465.24,?
INV-100499,Portharcourt,Port Harcourt,Member,Female,Health & Beauty,36799.73,5,2024-08-16 00:00:00,Credit Card,7,9199.93,193198.58,?
INV-100500, ogun,Ogun,Normal,,Home Supplies,520.31,4,2025-07-28 00:00:00,Cash,5,104.06,2185.3,?
INV-100501,lagos ,Lagos,Member,Male,Sports Equipment,30011.04,8,2024-01-02 00:00:00,Cash,8,12004.42,252092.74,?
INV-100502,lagos ,Lagos,Member,Male,Health & Beauty,45839.18,4,2024-10-03 00:00:00,Credit Card,9,9167.84,192524.56,?
INV-100503,Portharcourt,Lagos,Normal,Male,Fashion,14752.74,4,2024-11-02 00:00:00,Ewallet,8,2950.55,61961.51,?
INV-100504, ogun,Lagos,Member,Male,Home Supplies,9683.54,2,2024-05-29 00:00:00,Credit Card,7,968.35,20335.43,?
INV-100505,lagos ,Abuja,Member,Male,Health & Beauty,32758.15,1,2024-08-30 00:00:00,Credit Card,9,1637.91,34396.06,?
INV-100506,Portharcourt,Abuja,Normal,Female,Sports Equipment,35773.77,4,2025-09-16 00:00:00,Ewallet,9,7154.75,150249.83,?
INV-100507, ogun,Lagos,Member,Male,Fashion,34557.51,7,2024-03-12 00:00:00,Credit Card,9,12095.13,253997.7,?
INV-100508,Portharcourt,Lagos,Member,Male,Health & Beauty,16306.19,9,2025-03-19 00:00:00,Cash,4,7337.79,154093.5,?
INV-100509,ABUJA,Lagos,Member,Female,Health & Beauty,12984.02,9,2024-08-29 00:00:00,Credit Card,9,5842.81,122698.99,?
INV-100510,lagos ,Abuja,Normal,Male,Sports Equipment,47817.98,1,2024-09-11 00:00:00,Ewallet,4,2390.9,50208.88,?
INV-100511,ABUJA,Lagos,Normal,Female,Home Supplies,46203.33,5,2025-04-10 00:00:00,Credit Card,8,11550.83,242567.48,?
INV-100512, ogun,Lagos,Normal,Male,Fashion,23137.17,7,2024-10-13 00:00:00,Cash,4,8098.01,170058.2,?
INV-100513,ABUJA,Port Harcourt,Member,Female,Food & Beverages,42386.6,7,2024-08-06 00:00:00,Credit Card,8,14835.31,311541.51,?
INV-100514,ABUJA,Port Harcourt,Member,Female,Electronics,22890.01,6,2024-11-25 00:00:00,Credit Card,4,6867,144207.06,?
INV-100515, ogun,Lagos,Member,Female,Home Supplies,21507.26,4,2024-11-28 00:00:00,Credit Card,8,4301.45,90330.49,?
INV-100516,Portharcourt,Ogun,Member,Female,Fashion,8259.77,3,2024-11-14 00:00:00,Credit Card,8,1238.97,26018.28,?
INV-100517,ABUJA,Lagos,Normal,Female,Health & Beauty,21607.1,9,2025-01-20 00:00:00,Ewallet,9,9723.2,204187.1,?
INV-100518,Portharcourt,Port Harcourt,Member,Male,Fashion,27102.14,4,2025-01-18 00:00:00,,9,5420.43,113828.99,?
INV-100519,ABUJA,Ogun,Member,Male,,1613.96,8,2025-04-08 00:00:00,Cash,8,645.58,13557.26,?
INV-100520,Portharcourt,Ogun,Member,Female,Sports Equipment,22483.59,1,2024-03-15 00:00:00,Cash,9,1124.18,23607.77,?
INV-100521, ogun,Lagos,Normal,Female,Electronics,39177.13,7,2024-08-01 00:00:00,Credit Card,8,13712,287951.91,?
INV-100522,ABUJA,Port Harcourt,Member,Female,Food & Beverages,34162.28,6,2025-03-10 00:00:00,Cash,9,10248.68,215222.36,?
INV-100523, ogun,Port Harcourt,Member,,Food & Beverages,31940.27,1,2024-05-13 00:00:00,Ewallet,6,1597.01,33537.28,?
INV-100524,ABUJA,Ogun,Member,Female,Electronics,45522.99,4,2024-07-05 00:00:00,Credit Card,4,9104.6,191196.56,?
INV-100525, ogun,Lagos,Member,Female,Home Supplies,1392.58,5,2024-11-13 00:00:00,Credit Card,8,348.14,7311.04,?
INV-100526, ogun,Abuja,Member,Female,,28073.86,8,2024-11-20 00:00:00,,5,11229.54,235820.42,?
INV-100527,ABUJA,Abuja,Normal,Female,Health & Beauty,39473.77,4,2024-03-25 00:00:00,Credit Card,9,7894.75,165789.83,?
INV-100528,ABUJA,Port Harcourt,Member,Male,Food & Beverages,27296.1,3,2025-04-03 00:00:00,Credit Card,9,4094.41,85982.71,?
INV-100529,ABUJA,Abuja,Member,Female,,16532.83,2,2024-09-19 00:00:00,Cash,7,1653.28,34718.94,?
INV-100530,lagos ,Port Harcourt,Member,Female,Food & Beverages,7244.4,4,2024-11-29 00:00:00,Ewallet,5,1448.88,30426.48,?
INV-100531,Portharcourt,Port Harcourt,Member,Male,Electronics,44434.37,4,2024-04-07 00:00:00,Ewallet,5,8886.87,186624.35,?
INV-100532,lagos ,Port Harcourt,Member,Female,Home Supplies,23802.74,5,2025-05-08 00:00:00,Cash,6,5950.69,124964.39,?
INV-100533,lagos ,Abuja,Member,Female,Home Supplies,43966.7,7,2024-01-09 00:00:00,Ewallet,4,15388.34,323155.24,?
INV-100534, ogun,Port Harcourt,Member,Male,Electronics,29499.68,9,2024-12-25 00:00:00,Ewallet,6,13274.86,278771.98,?
INV-100535,ABUJA,Ogun,Member,Male,Health & Beauty,33872.51,2,2024-06-08 00:00:00,Ewallet,4,3387.25,71132.27,?
INV-100536,Portharcourt,Lagos,Member,Male,Health & Beauty,40310.93,5,2024-07-11 00:00:00,Credit Card,8,10077.73,211632.38,?
INV-100537, ogun,Lagos,Member,Female,Fashion,33128.2,9,2025-04-12 00:00:00,Credit Card,6,14907.69,313061.49,?
INV-100538,lagos ,Port Harcourt,Normal,Female,Food & Beverages,20203.71,3,2025-02-20 00:00:00,Credit Card,7,3030.56,63641.69,?
INV-100539,ABUJA,Lagos,Normal,Male,Health & Beauty,25924.85,1,2025-09-08 00:00:00,Ewallet,4,1296.24,27221.09,?
INV-100540, ogun,Abuja,Normal,Male,Electronics,40250.75,2,2025-01-22 00:00:00,Credit Card,6,4025.08,84526.58,?
INV-100541,ABUJA,Abuja,Normal,Male,Health & Beauty,18995.69,6,2024-03-16 00:00:00,Ewallet,7,5698.71,119672.85,?
INV-100542, ogun,Lagos,Member,Female,Home Supplies,0,5,2025-03-06 00:00:00,Cash,5,4928,103488.05,?
INV-100543,ABUJA,Abuja,Normal,Female,Food & Beverages,5236.66,1,2024-08-21 00:00:00,Ewallet,9,261.83,5498.49,?
INV-100544,lagos ,Lagos,Normal,Male,Sports Equipment,45771.93,1,2025-09-21 00:00:00,Credit Card,8,2288.6,48060.53,?
INV-100545,Portharcourt,Lagos,Member,Female,Fashion,5006.3,4,2024-11-02 00:00:00,Ewallet,8,1001.26,21026.46,?
INV-100546,lagos ,Lagos,Normal,Male,Food & Beverages,32586.35,4,2024-01-06 00:00:00,Credit Card,5,6517.27,136862.67,?
INV-100547,Portharcourt,Port Harcourt,Normal,Female,Home Supplies,20953.13,6,2025-07-22 00:00:00,Credit Card,6,6285.94,132004.72,?
INV-100548,ABUJA,Lagos,Member,Female,Home Supplies,20578.16,6,2024-06-05 00:00:00,Cash,9,6173.45,129642.41,?
INV-100549,,Port Harcourt,Member,Female,Home Supplies,34137.82,6,2025-08-28 00:00:00,Cash,5,10241.35,215068.27,?
INV-100550,lagos ,Lagos,Member,Female,Home Supplies,3821.14,1,2024-02-26 00:00:00,Credit Card,7,191.06,4012.2,?
INV-100551,Portharcourt,Lagos,Normal,Male,Electronics,29888.44,9,2024-09-04 00:00:00,Ewallet,9,13449.8,282445.76,?
INV-100552,lagos ,Lagos,Normal,Female,Fashion,38715.57,7,2024-08-11 00:00:00,Cash,4,13550.45,284559.44,?
INV-100553,,Abuja,Member,Female,Sports Equipment,41496.53,7,2024-11-25 00:00:00,Cash,6,14523.79,304999.5,?
INV-100554,lagos ,Port Harcourt,Member,Male,Home Supplies,8941.25,7,2024-04-24 00:00:00,Credit Card,9,3129.44,65718.19,?
INV-100555,Portharcourt,Port Harcourt,Normal,Female,Home Supplies,44922.24,2,2025-05-18 00:00:00,Ewallet,4,4492.22,94336.7,?
INV-100556,Portharcourt,Lagos,Member,Male,Health & Beauty,32979.23,2,2024-05-08 00:00:00,Cash,5,3297.92,69256.38,?
INV-100557,ABUJA,Lagos,Normal,Male,Fashion,44151.81,6,2024-01-17 00:00:00,Cash,8,13245.54,278156.4,?
INV-100558,Portharcourt,Abuja,Member,Female,Food & Beverages,24521.4,7,2024-06-21 00:00:00,Ewallet,9,8582.49,180232.29,?
INV-100559,ABUJA,Abuja,Member,Female,Fashion,27330.65,3,2024-09-14 00:00:00,Cash,9,4099.6,86091.55,?
INV-100560,Portharcourt,Abuja,Normal,Male,Fashion,45992.39,4,2025-03-19 00:00:00,Ewallet,4,9198.48,193168.04,?
INV-100561, ogun,Port Harcourt,Member,Male,Sports Equipment,45045.52,3,2024-09-07 00:00:00,Credit Card,4,6756.83,141893.39,?
INV-100562, ogun,Port Harcourt,Member,Male,Fashion,22683.96,7,2025-01-18 00:00:00,Cash,8,7939.39,166727.11,?
INV-100563, ogun,Port Harcourt,Member,Female,Sports Equipment,14083.43,7,2024-03-04 00:00:00,Credit Card,4,4929.2,103513.21,?
INV-100564,Portharcourt,Lagos,Normal,Male,Home Supplies,19961.94,4,2025-08-04 00:00:00,Ewallet,4,3992.39,83840.15,?
INV-100565,ABUJA,Port Harcourt,Member,Male,Home Supplies,19694.33,7,2024-11-15 00:00:00,Credit Card,9,6893.02,144753.33,?
INV-100566,ABUJA,Ogun,Member,Male,Electronics,14699.91,5,2025-09-20 00:00:00,,8,3674.98,77174.53,?
INV-100567,Portharcourt,Ogun,Member,Female,Sports Equipment,13794.69,1,2025-02-15 00:00:00,Credit Card,8,689.73,14484.42,?
INV-100568, ogun,Abuja,Member,Male,Sports Equipment,43122.62,4,2024-11-20 00:00:00,Ewallet,9,8624.52,181115,?
INV-100569, ogun,Port Harcourt,Member,Female,Food & Beverages,3958.17,7,2025-07-04 00:00:00,Ewallet,5,1385.36,29092.55,?
INV-100570,ABUJA,Ogun,Member,,Health & Beauty,34041.75,2,2025-05-16 00:00:00,Ewallet,5,3404.18,71487.68,?
INV-100571, ogun,Abuja,Normal,Male,Fashion,9054.59,2,2025-06-21 00:00:00,Ewallet,9,905.46,19014.64,?
INV-100572,lagos ,Port Harcourt,Normal,Female,Food & Beverages,17553.04,1,2024-03-25 00:00:00,Ewallet,4,877.65,18430.69,?
INV-100573,ABUJA,Lagos,Member,Male,Sports Equipment,3546.38,2,2025-04-17 00:00:00,Cash,6,354.64,7447.4,?
INV-100574, ogun,Ogun,Normal,Female,Food & Beverages,13863.7,8,2024-08-03 00:00:00,Cash,5,5545.48,116455.08,?
INV-100575,ABUJA,Lagos,Normal,Female,Electronics,38536.84,8,2024-10-24 00:00:00,Cash,5,15414.74,323709.46,?
INV-100576,lagos ,Port Harcourt,Member,,Health & Beauty,44308.26,8,2025-03-05 00:00:00,,9,17723.3,372189.38,?
INV-100577,ABUJA,Ogun,Normal,Male,Sports Equipment,11465.59,1,2025-01-10 00:00:00,Credit Card,9,573.28,12038.87,?
INV-100578,ABUJA,Port Harcourt,Normal,Male,Sports Equipment,23445.62,1,2025-06-27 00:00:00,Ewallet,6,1172.28,24617.9,?
INV-100579,ABUJA,Lagos,Normal,Female,Fashion,23781.04,4,2024-11-21 00:00:00,Ewallet,6,4756.21,99880.37,?
INV-100580,ABUJA,Ogun,Normal,Female,Health & Beauty,43741.98,6,2024-03-02 00:00:00,Cash,8,13122.59,275574.47,?
INV-100581,lagos ,Lagos,Normal,Male,Electronics,38258.55,8,2024-03-05 00:00:00,Ewallet,9,15303.42,321371.82,?
INV-100582,Portharcourt,Port Harcourt,Normal,Male,Home Supplies,25897.32,2,2024-12-18 00:00:00,Credit Card,5,2589.73,54384.37,?
INV-100583,ABUJA,Port Harcourt,Normal,Female,Food & Beverages,33701.99,3,2025-05-06 00:00:00,Ewallet,7,5055.3,106161.27,?
INV-100584,ABUJA,Lagos,Normal,Female,Fashion,42444.08,6,2024-12-22 00:00:00,Cash,7,12733.22,267397.7,?
INV-100585, ogun,Ogun,Member,Female,Sports Equipment,972.18,4,2025-05-27 00:00:00,Ewallet,4,194.44,4083.16,?
INV-100586,ABUJA,Lagos,Member,Male,Home Supplies,20443.06,2,2025-06-05 00:00:00,Credit Card,5,2044.31,42930.43,?
INV-100587, ogun,Port Harcourt,Normal,,Electronics,45408.54,7,2024-03-29 00:00:00,Cash,7,15892.99,333752.77,?
INV-100588,Portharcourt,Lagos,Normal,Male,Health & Beauty,37145.5,4,2024-10-20 00:00:00,,5,7429.1,156011.1,?
INV-100589,lagos ,Port Harcourt,Member,Female,Food & Beverages,27370.65,8,2025-01-20 00:00:00,Credit Card,9,10948.26,229913.46,?
INV-100590,lagos ,Lagos,Normal,Female,,26717.4,8,2024-10-30 00:00:00,Cash,5,10686.96,224426.16,?
INV-100591,Portharcourt,Ogun,Normal,Male,Sports Equipment,17714.62,7,2025-05-27 00:00:00,Cash,7,6200.12,130202.46,?
INV-100592,lagos ,Ogun,Member,Male,Sports Equipment,26265.77,9,2024-11-03 00:00:00,Credit Card,5,11819.6,248211.53,?
INV-100593,Portharcourt,Lagos,Member,Male,Home Supplies,32941.47,4,2024-03-06 00:00:00,Ewallet,6,6588.29,138354.17,?
INV-100594,Portharcourt,Lagos,Member,Female,Home Supplies,21208.97,7,2025-09-18 00:00:00,Ewallet,4,7423.14,155885.93,?
INV-100595,Portharcourt,Ogun,Normal,Female,Food & Beverages,35850.58,1,2025-03-03 00:00:00,Ewallet,8,1792.53,37643.11,?
INV-100596,lagos ,Port Harcourt,Normal,Female,Health & Beauty,43131,4,2025-09-18 00:00:00,Cash,7,8626.2,181150.2,?
INV-100597, ogun,Ogun,Member,Male,Electronics,8156.9,2,2024-01-22 00:00:00,Cash,9,815.69,17129.49,?
INV-100598,Portharcourt,Port Harcourt,Member,Female,Health & Beauty,22851.58,9,2024-03-23 00:00:00,Ewallet,8,10283.21,215947.43,?
INV-100599,ABUJA,Lagos,Normal,Male,Health & Beauty,20696.99,5,2024-03-04 00:00:00,Cash,4,5174.25,108659.2,?
INV-100600,lagos ,Lagos,Member,Male,Health & Beauty,34529.51,3,2025-04-28 00:00:00,Cash,6,5179.43,108767.96,?
INV-100601,Portharcourt,Port Harcourt,Normal,Male,Food & Beverages,12868.44,4,2024-12-04 00:00:00,Credit Card,6,2573.69,54047.45,?
INV-100602,Portharcourt,Lagos,Normal,Female,Food & Beverages,32192.42,6,2024-07-20 00:00:00,Ewallet,6,9657.73,202812.25,?
INV-100603,ABUJA,Port Harcourt,Member,Female,Electronics,43935.72,1,2025-03-03 00:00:00,Ewallet,6,2196.79,46132.51,?
INV-100604, ogun,Abuja,Member,Male,Health & Beauty,21197.51,7,2024-07-10 00:00:00,Ewallet,7,7419.13,155801.7,?
INV-100605, ogun,Ogun,Normal,Female,Food & Beverages,45595.28,8,2025-08-02 00:00:00,Cash,7,18238.11,383000.35,?
INV-100606, ogun,Abuja,Member,Male,Electronics,49661.61,7,2025-03-21 00:00:00,Cash,5,17381.56,365012.83,?
INV-100607,Portharcourt,Port Harcourt,Member,Male,Sports Equipment,5751.56,7,2024-01-01 00:00:00,Cash,9,2013.05,42273.97,?
INV-100608,,Ogun,Member,Female,Electronics,12036.13,9,2024-02-26 00:00:00,Ewallet,5,5416.26,113741.43,?
INV-100609,Portharcourt,Port Harcourt,Member,Male,Health & Beauty,47543.8,4,2025-07-16 00:00:00,Cash,9,9508.76,199683.96,?
INV-100610,lagos ,Ogun,Normal,Male,Fashion,47937.22,7,2024-09-07 00:00:00,Ewallet,4,16778.03,352338.57,?
INV-100611,ABUJA,Ogun,Normal,Female,Health & Beauty,5336.51,9,2025-03-21 00:00:00,Cash,5,2401.43,50430.02,?
INV-100612,Portharcourt,Ogun,Normal,Male,Fashion,1242.43,5,2025-03-04 00:00:00,Ewallet,4,310.61,6522.76,?
INV-100613,ABUJA,Ogun,Normal,Male,Electronics,8474.45,2,2024-10-08 00:00:00,Credit Card,4,847.45,17796.35,?
INV-100614,ABUJA,Port Harcourt,Member,Male,Sports Equipment,49802.63,5,2024-05-11 00:00:00,Cash,4,12450.66,261463.81,?
INV-100615, ogun,Ogun,Member,Male,Sports Equipment,9409.98,4,2024-12-03 00:00:00,Ewallet,6,1882,39521.92,?
INV-100616,lagos ,Ogun,Normal,Male,Food & Beverages,25376.11,8,2025-10-07 00:00:00,Credit Card,8,10150.44,213159.32,?
INV-100617,Portharcourt,Abuja,Normal,Male,Sports Equipment,42496.68,5,2025-01-02 00:00:00,Credit Card,8,10624.17,223107.57,?
INV-100618, ogun,Lagos,Member,Male,Home Supplies,1509.88,9,2025-02-23 00:00:00,Cash,7,679.45,14268.37,?
INV-100619, ogun,Lagos,Normal,Female,Electronics,30422.2,9,2024-10-10 00:00:00,Ewallet,4,13689.99,287489.79,?
INV-100620,Portharcourt,Abuja,Normal,Female,Food & Beverages,14212.76,3,2024-06-27 00:00:00,Cash,6,2131.91,44770.19,?
INV-100621,ABUJA,Abuja,Member,Male,Sports Equipment,43185.58,6,2025-07-25 00:00:00,Credit Card,5,12955.67,272069.15,?
INV-100622, ogun,Port Harcourt,Normal,Male,Electronics,14531.33,6,2024-06-16 00:00:00,Cash,5,4359.4,91547.38,?
INV-100623,ABUJA,Port Harcourt,Member,Female,Health & Beauty,34494.41,4,2024-04-20 00:00:00,Ewallet,7,6898.88,144876.52,?
INV-100624,lagos ,Port Harcourt,Member,Female,Sports Equipment,33873.87,3,2025-01-16 00:00:00,Credit Card,7,5081.08,106702.69,?
INV-100625,ABUJA,Abuja,Normal,Female,Fashion,11463.93,1,2024-11-03 00:00:00,Cash,4,573.2,12037.13,?
INV-100626,lagos ,Abuja,Member,Female,Electronics,2222.56,7,2024-05-02 00:00:00,Cash,4,777.9,16335.82,?
INV-100627,ABUJA,Ogun,Normal,Female,Food & Beverages,20757.85,5,2024-12-03 00:00:00,Cash,5,5189.46,108978.71,?
INV-100628, ogun,Port Harcourt,Member,Male,Health & Beauty,14815.06,7,2024-06-14 00:00:00,Cash,5,5185.27,108890.69,?
INV-100629, ogun,Port Harcourt,Normal,Female,Home Supplies,40544.4,1,2024-10-29 00:00:00,Cash,5,2027.22,42571.62,?
INV-100630,lagos ,Port Harcourt,Normal,Female,Health & Beauty,40118.03,8,2025-06-01 00:00:00,Credit Card,5,16047.21,336991.45,?
INV-100631,,Lagos,Normal,Female,Sports Equipment,23122.69,3,2024-12-09 00:00:00,Credit Card,8,3468.4,72836.47,?
INV-100632,lagos ,Ogun,Member,Male,Fashion,30522.36,7,2024-12-27 00:00:00,Ewallet,4,10682.83,224339.35,?
INV-100633,lagos ,Port Harcourt,Member,Male,Health & Beauty,30410.85,3,2024-04-11 00:00:00,Cash,4,4561.63,95794.18,?
INV-100634,ABUJA,Port Harcourt,Normal,Male,Home Supplies,41444.33,3,2024-03-30 00:00:00,Ewallet,5,6216.65,130549.64,?
INV-100635,ABUJA,Port Harcourt,Member,Male,,21537.62,9,2024-11-01 00:00:00,Credit Card,6,9691.93,203530.51,?
INV-100636,lagos ,Lagos,Normal,Male,Electronics,14134.61,2,2025-08-26 00:00:00,Cash,5,1413.46,29682.68,?
INV-100637, ogun,Lagos,Normal,Male,Fashion,0,4,2025-10-08 00:00:00,Ewallet,9,2723.85,57200.77,?
INV-100638,ABUJA,Abuja,Member,Female,Home Supplies,27041.52,6,2024-11-28 00:00:00,Cash,7,8112.46,170361.58,?
INV-100639,Portharcourt,Ogun,Normal,Male,Sports Equipment,22732.84,3,2024-11-06 00:00:00,Cash,9,3409.93,71608.45,?
INV-100640,ABUJA,Abuja,Member,Male,Sports Equipment,22285.98,7,2024-01-21 00:00:00,Ewallet,6,7800.09,163801.95,?
INV-100641,ABUJA,Ogun,Normal,Female,Sports Equipment,5011.3,7,2025-07-18 00:00:00,Credit Card,7,1753.96,36833.06,?
INV-100642,Portharcourt,Lagos,Member,Male,Fashion,36070.89,5,2024-06-28 00:00:00,Ewallet,6,9017.72,189372.17,?
INV-100643,lagos ,Port Harcourt,Normal,Female,Health & Beauty,11079.97,3,2025-10-20 00:00:00,Ewallet,7,1662,34901.91,?
INV-100644,Portharcourt,Abuja,Normal,Female,Fashion,10249.2,2,2025-10-21 00:00:00,Ewallet,5,1024.92,21523.32,?
INV-100645,,Port Harcourt,Member,Male,Sports Equipment,20931.54,4,2024-07-31 00:00:00,Cash,5,4186.31,87912.47,?
INV-100646,lagos ,Abuja,Normal,Female,Home Supplies,11775.03,4,2024-05-25 00:00:00,Credit Card,6,2355.01,49455.13,?
INV-100647,lagos ,Lagos,Normal,Female,Electronics,29400.98,8,2025-03-23 00:00:00,Credit Card,7,11760.39,246968.23,?
INV-100648,Portharcourt,Lagos,Member,Female,Electronics,18887.44,8,2024-02-17 00:00:00,Cash,8,7554.98,158654.5,?
INV-100649,lagos ,Lagos,Normal,Female,Fashion,22721.13,5,2024-10-13 00:00:00,Credit Card,6,5680.28,119285.93,?
INV-100650, ogun,Abuja,Member,Male,Sports Equipment,27089.88,6,2024-04-22 00:00:00,Ewallet,6,8126.96,170666.24,?
INV-100651,Portharcourt,Ogun,Normal,Female,Food & Beverages,10575.01,8,2024-12-12 00:00:00,Credit Card,9,4230,88830.08,?
INV-100652, ogun,Abuja,Member,Male,Fashion,8209.71,1,2024-05-10 00:00:00,Cash,4,410.49,8620.2,?
INV-100653,lagos ,Ogun,Normal,Female,Sports Equipment,44080.88,5,2025-05-29 00:00:00,Credit Card,6,11020.22,231424.62,?
INV-100654,ABUJA,Abuja,Normal,Female,Health & Beauty,21969.32,4,2025-04-05 00:00:00,Cash,8,4393.86,92271.14,?
INV-100655,lagos ,Abuja,Normal,Female,Electronics,20898.63,4,2025-10-04 00:00:00,Ewallet,5,4179.73,87774.25,?
INV-100656, ogun,Lagos,Member,Male,Electronics,2262.8,2,2024-06-08 00:00:00,Cash,7,226.28,4751.88,?
INV-100657, ogun,Port Harcourt,Member,Male,Electronics,25149.83,1,2024-02-06 00:00:00,Credit Card,4,1257.49,26407.32,?
INV-100658,Portharcourt,Port Harcourt,Member,Male,Food & Beverages,27931.4,6,2025-07-25 00:00:00,Ewallet,7,8379.42,175967.82,?
INV-100659,ABUJA,Ogun,Member,Female,Sports Equipment,28162.62,7,2024-07-04 00:00:00,Credit Card,5,9856.92,206995.26,?
INV-100660,Portharcourt,Port Harcourt,Normal,Female,Sports Equipment,35498.04,5,2025-03-07 00:00:00,Cash,6,8874.51,186364.71,?
INV-100661, ogun,Abuja,Normal,Female,Sports Equipment,9285.35,8,2025-02-01 00:00:00,Ewallet,9,3714.14,77996.94,?
INV-100662,lagos ,Abuja,Member,Female,Sports Equipment,12985.05,9,2025-05-29 00:00:00,Cash,8,5843.27,122708.72,?
INV-100663,ABUJA,Lagos,Member,Male,Food & Beverages,40631.16,2,2025-01-10 00:00:00,Credit Card,4,4063.12,85325.44,?
INV-100664,lagos ,Lagos,Member,Female,Home Supplies,47384.95,4,2025-04-28 00:00:00,Cash,8,9476.99,199016.79,?
INV-100665,lagos ,Port Harcourt,Normal,Male,Fashion,7228.67,9,2025-09-30 00:00:00,Credit Card,8,3252.9,68310.93,?
INV-100666,ABUJA,Ogun,Member,Female,Fashion,25133.65,5,2024-07-29 00:00:00,Credit Card,8,6283.41,131951.66,?
INV-100667,Portharcourt,Port Harcourt,Member,Male,Sports Equipment,11101.72,3,2025-05-18 00:00:00,Ewallet,8,1665.26,34970.42,?
INV-100668,lagos ,Port Harcourt,Normal,Male,Health & Beauty,3473.62,6,2025-09-29 00:00:00,Ewallet,5,1042.09,21883.81,?
INV-100669, ogun,Port Harcourt,Normal,Female,Electronics,16612.42,3,2024-02-15 00:00:00,Cash,8,2491.86,52329.12,?
INV-100670,lagos ,Port Harcourt,Member,Female,Food & Beverages,7612.54,5,2024-03-05 00:00:00,Credit Card,9,1903.14,39965.84,?
INV-100671,ABUJA,Abuja,Normal,Male,Health & Beauty,35641.69,3,2025-07-06 00:00:00,Credit Card,8,5346.25,112271.32,?
INV-100672,ABUJA,Ogun,Member,Female,Health & Beauty,26919.41,6,2024-09-07 00:00:00,Ewallet,5,8075.82,169592.28,?
INV-100673,ABUJA,Abuja,Normal,Female,Sports Equipment,7619.81,5,2024-08-29 00:00:00,Ewallet,7,1904.95,40004,?
INV-100674,Portharcourt,Ogun,Member,Male,Food & Beverages,957.46,9,2025-02-12 00:00:00,Ewallet,5,430.86,9048,?
INV-100675,lagos ,Lagos,Member,Male,Fashion,40503.77,3,2025-10-17 00:00:00,Ewallet,9,6075.57,127586.88,?
INV-100676,Portharcourt,Port Harcourt,Member,Male,Electronics,9221.62,6,2025-01-11 00:00:00,Cash,9,2766.49,58096.21,?
INV-100677,Portharcourt,Abuja,Member,Male,Fashion,30507.72,8,2024-07-13 00:00:00,Cash,6,12203.09,256264.85,?
INV-100678,ABUJA,Ogun,Normal,Female,Health & Beauty,17177.63,7,2024-01-11 00:00:00,Cash,5,6012.17,126255.58,?
INV-100679,ABUJA,Lagos,Normal,Male,Electronics,29481.55,6,2024-06-27 00:00:00,Cash,7,8844.46,185733.76,?
INV-100680,Portharcourt,Lagos,Normal,Male,Home Supplies,16124.85,2,2024-09-06 00:00:00,Ewallet,6,1612.48,33862.18,?
INV-100681,lagos ,Port Harcourt,Normal,Male,Health & Beauty,4803.51,7,2025-08-15 00:00:00,Cash,6,1681.23,35305.8,?
INV-100682, ogun,Ogun,Member,Female,Fashion,11536.03,8,2025-04-29 00:00:00,Cash,4,4614.41,96902.65,?
INV-100683,Portharcourt,Abuja,Member,Male,Fashion,9808.9,1,2024-10-01 00:00:00,Cash,8,490.44,10299.34,?
INV-100684,lagos ,Port Harcourt,Normal,Female,Sports Equipment,21686.96,9,2025-01-24 00:00:00,Ewallet,6,9759.13,204941.77,?
INV-100685,ABUJA,Abuja,Normal,Male,Fashion,33085.05,4,2024-04-03 00:00:00,Credit Card,6,6617.01,138957.21,?
INV-100686,ABUJA,Lagos,Normal,,Food & Beverages,13558.4,8,2025-07-20 00:00:00,Ewallet,9,5423.36,113890.56,?
INV-100687,lagos ,Abuja,Normal,Female,,1097.46,7,2024-07-28 00:00:00,Credit Card,7,384.11,8066.33,?
INV-100688, ogun,Abuja,Normal,Male,Electronics,26187.4,7,2025-01-19 00:00:00,Credit Card,6,9165.59,192477.39,?
INV-100689,ABUJA,Port Harcourt,Member,Male,Fashion,30485.09,2,2025-05-13 00:00:00,Cash,7,3048.51,64018.69,?
INV-100690,ABUJA,Abuja,Member,Female,Sports Equipment,48162.09,1,2024-03-09 00:00:00,,8,2408.1,50570.19,?
INV-100691,ABUJA,Port Harcourt,Member,Male,Sports Equipment,29678.8,4,2025-07-22 00:00:00,,9,5935.76,124650.96,?
INV-100692,lagos ,Lagos,Normal,Male,,23823.04,2,2025-06-20 00:00:00,Ewallet,4,2382.3,50028.38,?
INV-100693,Portharcourt,Port Harcourt,Normal,Male,Food & Beverages,28883.38,8,2025-04-24 00:00:00,Ewallet,4,11553.35,242620.39,?
INV-100694,ABUJA,Port Harcourt,Normal,Male,Sports Equipment,46431.08,7,2024-09-22 00:00:00,Cash,8,16250.88,341268.44,?
INV-100695,Portharcourt,Ogun,Normal,Female,Electronics,41504.72,8,2024-11-20 00:00:00,Ewallet,8,16601.89,348639.65,?
INV-100696, ogun,Abuja,Member,Male,Health & Beauty,16487.45,6,2025-06-28 00:00:00,Ewallet,9,4946.24,103870.94,?
INV-100697,ABUJA,Lagos,Member,Female,Home Supplies,12244.09,1,2025-09-07 00:00:00,Credit Card,9,612.2,12856.29,?
INV-100698,ABUJA,Port Harcourt,Normal,Male,Food & Beverages,13500.36,9,2025-07-17 00:00:00,Ewallet,5,6075.16,127578.4,?
INV-100699, ogun,Lagos,Member,Female,Sports Equipment,25468.84,6,2025-04-18 00:00:00,,6,7640.65,160453.69,?
INV-100700,ABUJA,Ogun,Member,Male,Health & Beauty,37330.45,1,2024-12-02 00:00:00,Cash,6,1866.52,39196.97,?
INV-100701,Portharcourt,Abuja,Normal,Female,Home Supplies,25409.35,1,2025-06-22 00:00:00,Ewallet,6,1270.47,26679.82,?
INV-100702,lagos ,Port Harcourt,Normal,Male,Fashion,3855.92,8,2024-05-26 00:00:00,Credit Card,7,1542.37,32389.73,?
INV-100703,Portharcourt,Abuja,Normal,Female,Fashion,36317.24,6,2025-01-01 00:00:00,Ewallet,5,10895.17,228798.61,?
INV-100704,lagos ,Ogun,Normal,Female,Electronics,40395.52,8,2024-12-23 00:00:00,Credit Card,6,16158.21,339322.37,?
INV-100705,lagos ,Ogun,Normal,Male,Home Supplies,14830.14,8,2024-12-07 00:00:00,Credit Card,7,5932.06,124573.18,?
INV-100706,Portharcourt,Lagos,Normal,Female,Fashion,33374.22,8,2025-04-19 00:00:00,Ewallet,7,13349.69,280343.45,?
INV-100707,Portharcourt,Port Harcourt,Member,Male,Fashion,21616.3,-1,2024-10-27 00:00:00,Cash,4,7565.71,158879.81,?
INV-100708,Portharcourt,Lagos,Member,Male,Sports Equipment,44511.41,7,2025-04-04 00:00:00,Credit Card,7,15578.99,327158.86,?
INV-100709,,Ogun,Normal,Male,Electronics,42338.67,4,2024-01-27 00:00:00,Cash,8,8467.73,177822.41,?
INV-100710, ogun,Abuja,Member,Male,Health & Beauty,26508.88,9,2024-04-13 00:00:00,Ewallet,9,11929,250508.92,?
INV-100711,ABUJA,Lagos,Normal,Male,Fashion,34729.52,2,2024-03-01 00:00:00,Ewallet,7,3472.95,72931.99,?
INV-100712,lagos ,Lagos,Normal,Female,Food & Beverages,44225.81,9,2024-12-07 00:00:00,Cash,8,19901.61,417933.9,?
INV-100713,Portharcourt,Abuja,Normal,Male,Food & Beverages,25037.99,3,2025-08-15 00:00:00,Ewallet,8,3755.7,78869.67,?
INV-100714,Portharcourt,Lagos,Normal,Male,Health & Beauty,16005.91,2,2024-07-24 00:00:00,Credit Card,4,1600.59,33612.41,?
INV-100715,Portharcourt,Abuja,Member,Male,Home Supplies,37806.47,4,2024-10-27 00:00:00,Cash,4,7561.29,158787.17,?
INV-100716, ogun,Port Harcourt,Normal,Male,Electronics,11393.28,5,2024-09-07 00:00:00,Ewallet,7,2848.32,59814.72,?
INV-100717,Portharcourt,Abuja,Member,Male,Sports Equipment,19732.29,2,2024-09-21 00:00:00,Ewallet,4,1973.23,41437.81,?
INV-100718,Portharcourt,Port Harcourt,Normal,Male,Food & Beverages,43353.5,1,2025-01-17 00:00:00,Cash,4,2167.68,45521.18,?
INV-100719,Portharcourt,Abuja,Normal,Female,Food & Beverages,36358.91,5,2025-01-31 00:00:00,Credit Card,9,9089.73,190884.28,?
INV-100720,ABUJA,Ogun,Normal,Female,Health & Beauty,20488.64,9,2025-01-02 00:00:00,Cash,6,9219.89,193617.65,?
INV-100721, ogun,Ogun,Member,Male,Home Supplies,11129.85,5,2024-04-07 00:00:00,Ewallet,7,2782.46,58431.71,?
INV-100722,Portharcourt,Port Harcourt,Normal,Female,Home Supplies,18120.44,9,2025-06-20 00:00:00,Ewallet,7,8154.2,171238.16,?
INV-100723,lagos ,Port Harcourt,Normal,Male,Health & Beauty,14563.16,6,2025-04-19 00:00:00,Cash,7,4368.95,91747.91,?
INV-100724,,Ogun,Normal,Male,Food & Beverages,9216.42,3,2024-11-03 00:00:00,Credit Card,4,1382.46,29031.72,?
INV-100725,lagos ,Port Harcourt,Member,Male,Electronics,37294.98,4,2025-05-24 00:00:00,Credit Card,9,7459,156638.92,?
INV-100726, ogun,Abuja,Member,Male,Food & Beverages,12977.46,4,2025-06-29 00:00:00,Credit Card,4,2595.49,54505.33,?
INV-100727, ogun,Abuja,Member,Male,Home Supplies,22981.29,1,2024-09-19 00:00:00,Cash,8,1149.06,24130.35,?
INV-100728,lagos ,Ogun,Normal,Female,Sports Equipment,19600.04,3,2025-09-15 00:00:00,Credit Card,5,2940.01,61740.13,?
INV-100729,Portharcourt,Lagos,Member,Female,,49112.83,3,2025-03-10 00:00:00,Credit Card,5,7366.92,154705.41,?
INV-100730, ogun,Abuja,Normal,Female,Electronics,19859.07,1,2024-09-02 00:00:00,Credit Card,5,992.95,20852.02,?
INV-100731,lagos ,Port Harcourt,Member,Female,,4459.13,9,2025-10-15 00:00:00,Credit Card,6,2006.61,42138.78,?
INV-100732,lagos ,Lagos,Member,Male,,4946.37,1,2025-09-03 00:00:00,Ewallet,4,247.32,5193.69,?
INV-100733,,Lagos,Normal,Female,Health & Beauty,29742.31,9,2025-03-01 00:00:00,Cash,8,13384.04,281064.83,?
INV-100734,ABUJA,Abuja,Member,Male,Fashion,30168.5,1,2024-05-10 00:00:00,Cash,8,1508.43,31676.93,?
INV-100735, ogun,Abuja,Normal,Female,Health & Beauty,21228.57,2,2025-03-02 00:00:00,Credit Card,5,2122.86,44580,?
INV-100736,Portharcourt,Lagos,Normal,Female,Health & Beauty,21876.26,2,2024-08-18 00:00:00,Cash,9,2187.63,45940.15,?
INV-100737,lagos ,Lagos,Member,Female,Health & Beauty,3169.66,6,2024-02-08 00:00:00,Cash,6,950.9,19968.86,?
INV-100738,lagos ,Ogun,Normal,Female,Food & Beverages,26069.05,7,2025-03-31 00:00:00,Ewallet,6,9124.17,191607.52,?
INV-100739,,Port Harcourt,Normal,Male,Home Supplies,25484.6,1,2025-07-08 00:00:00,Cash,5,1274.23,26758.83,?
INV-100740, ogun,Ogun,Member,Female,Fashion,7902.69,3,2024-05-19 00:00:00,Ewallet,5,1185.4,24893.47,?
INV-100741,ABUJA,Abuja,Member,Female,Electronics,5640.05,2,2024-12-24 00:00:00,Cash,4,564,11844.1,?
INV-100742,ABUJA,Ogun,Normal,Male,Home Supplies,6616.84,8,2025-07-09 00:00:00,Ewallet,9,2646.74,55581.46,?
INV-100743,lagos ,Ogun,Member,Male,Food & Beverages,5500.9,9,2025-05-28 00:00:00,Ewallet,6,2475.41,51983.51,?
INV-100744, ogun,Ogun,Normal,Female,Health & Beauty,30680.56,2,2024-01-13 00:00:00,Cash,8,3068.06,64429.18,?
INV-100745,ABUJA,Ogun,Normal,Male,Electronics,0,2,2024-02-03 00:00:00,Ewallet,5,1022.59,21474.37,?
INV-100746, ogun,Port Harcourt,Member,Male,Fashion,12945.79,9,2024-09-23 00:00:00,Ewallet,4,5825.61,122337.72,?
INV-100747, ogun,Port Harcourt,Member,Male,Home Supplies,9091.82,4,2024-07-16 00:00:00,Cash,8,1818.36,38185.64,?
INV-100748,lagos ,Lagos,Member,Female,Sports Equipment,47912.85,5,2025-08-17 00:00:00,Ewallet,6,11978.21,251542.46,?
INV-100749,ABUJA,Abuja,Member,Male,Home Supplies,42803.56,9,2025-09-05 00:00:00,Ewallet,5,19261.6,404493.64,?
INV-100750,Portharcourt,Ogun,Normal,Female,Electronics,11909.49,6,2024-05-09 00:00:00,Ewallet,9,3572.85,75029.79,?
INV-100751,lagos ,Lagos,Normal,Female,Food & Beverages,16714.53,9,2025-02-28 00:00:00,Ewallet,5,7521.54,157952.31,?
INV-100752,ABUJA,Lagos,Member,Female,Fashion,10889.7,9,2025-02-13 00:00:00,,9,4900.37,102907.67,?
INV-100753,ABUJA,Lagos,Member,Female,Electronics,24847.86,7,2024-04-13 00:00:00,Credit Card,4,8696.75,182631.77,?
INV-100754,ABUJA,Port Harcourt,Normal,Male,Health & Beauty,1470.72,9,2025-06-03 00:00:00,Ewallet,4,661.82,13898.3,?
INV-100755,ABUJA,Ogun,Normal,Female,Fashion,33732.72,5,2025-06-08 00:00:00,Ewallet,6,8433.18,177096.78,?
INV-100756,ABUJA,Ogun,Normal,Male,Home Supplies,26396.33,5,2024-11-04 00:00:00,Ewallet,9,6599.08,138580.73,?
INV-100757, ogun,Abuja,Normal,Female,Electronics,44982.63,8,2025-06-28 00:00:00,Ewallet,5,17993.05,377854.09,?
INV-100758,lagos ,Ogun,Member,Male,Home Supplies,8637.44,4,2024-03-21 00:00:00,,4,1727.49,36277.25,?
INV-100759, ogun,Ogun,Normal,Female,Home Supplies,40303.41,9,2024-09-24 00:00:00,Credit Card,5,18136.53,380867.22,?
INV-100760,Portharcourt,Lagos,Normal,Male,Home Supplies,39702.07,7,2025-07-27 00:00:00,Cash,6,13895.72,291810.21,?
INV-100761,ABUJA,Abuja,Member,Female,Food & Beverages,6795.47,7,2025-03-17 00:00:00,Credit Card,9,2378.41,49946.7,?
INV-100762,lagos ,Ogun,Normal,Female,Home Supplies,20228.68,3,2025-04-05 00:00:00,Ewallet,5,3034.3,63720.34,?
INV-100763,ABUJA,Port Harcourt,Normal,Male,Health & Beauty,8922.56,4,2025-07-01 00:00:00,Ewallet,8,1784.51,37474.75,?
INV-100764,lagos ,Ogun,Member,Female,Health & Beauty,13108.66,7,2025-01-10 00:00:00,Credit Card,5,4588.03,96348.65,?
INV-100765, ogun,Lagos,Member,Female,Fashion,13530.69,5,2025-02-25 00:00:00,Credit Card,7,3382.67,71036.12,?
INV-100766,,Port Harcourt,Member,Female,Sports Equipment,28033.7,3,2025-02-21 00:00:00,Cash,7,4205.06,88306.16,?
INV-100767,Portharcourt,Lagos,Normal,Male,Home Supplies,20864.84,1,2025-05-10 00:00:00,Credit Card,6,1043.24,21908.08,?
INV-100768,Portharcourt,Ogun,Normal,Female,Home Supplies,47412.77,7,2024-03-17 00:00:00,Ewallet,6,16594.47,348483.86,?
INV-100769,lagos ,Port Harcourt,Member,Female,Electronics,6755.32,6,2025-03-25 00:00:00,Cash,6,2026.6,42558.52,?
INV-100770,lagos ,Abuja,Member,Male,Food & Beverages,48697.76,7,2024-04-19 00:00:00,Credit Card,8,17044.22,357928.54,?
INV-100771,,Abuja,Normal,Male,Sports Equipment,11916.61,2,2025-07-25 00:00:00,Credit Card,9,1191.66,25024.88,?
INV-100772,lagos ,Port Harcourt,Member,Male,Fashion,38757.26,4,2025-01-18 00:00:00,Cash,8,7751.45,162780.49,?
INV-100773,,Port Harcourt,Member,Male,Sports Equipment,17279.01,2,2025-01-08 00:00:00,Credit Card,5,1727.9,36285.92,?
INV-100774,ABUJA,Lagos,Member,Male,Home Supplies,7582.53,8,2025-07-25 00:00:00,Ewallet,4,3033.01,63693.25,?
INV-100775,lagos ,Port Harcourt,Normal,Female,Electronics,42965.51,7,2025-03-26 00:00:00,Cash,9,15037.93,315796.5,?
INV-100776,lagos ,Lagos,Normal,Female,Food & Beverages,15788.61,1,2024-01-14 00:00:00,Credit Card,7,789.43,16578.04,?
INV-100777,Portharcourt,Ogun,Normal,Female,Fashion,33113.34,2,2024-07-28 00:00:00,Ewallet,7,3311.33,69538.01,?
INV-100778,Portharcourt,Lagos,Normal,Male,Sports Equipment,28538.96,2,2025-02-23 00:00:00,Credit Card,7,2853.9,59931.82,?
INV-100779, ogun,Port Harcourt,Normal,,Fashion,23851.94,4,2024-11-12 00:00:00,Cash,5,4770.39,100178.15,?
INV-100780,lagos ,Port Harcourt,Normal,Male,,25043.06,3,2024-11-25 00:00:00,Credit Card,5,3756.46,78885.64,?
INV-100781, ogun,Ogun,Member,Male,Fashion,36745.78,1,2024-07-09 00:00:00,,6,1837.29,38583.07,?
INV-100782,Portharcourt,Port Harcourt,Normal,Female,Electronics,4844.76,2,2024-06-08 00:00:00,Credit Card,4,484.48,10174,?
INV-100783,Portharcourt,Port Harcourt,Normal,Male,Fashion,33574.94,9,2024-11-27 00:00:00,Ewallet,6,15108.72,317283.18,?
INV-100784,ABUJA,Abuja,Member,Male,Health & Beauty,44842.7,1,2024-02-15 00:00:00,Ewallet,5,2242.13,47084.83,?
INV-100785,lagos ,Abuja,Normal,Female,Electronics,3360.52,9,2025-05-05 00:00:00,Credit Card,8,1512.23,31756.91,?
INV-100786, ogun,Ogun,Normal,Male,Sports Equipment,7462.34,7,2024-09-03 00:00:00,Credit Card,6,2611.82,54848.2,?
INV-100787,Portharcourt,Lagos,Member,Male,Food & Beverages,35973.28,2,2025-10-06 00:00:00,Cash,9,3597.33,75543.89,?
INV-100788,Portharcourt,Abuja,Member,Female,Food & Beverages,22145.44,2,2024-12-07 00:00:00,Credit Card,5,2214.54,46505.42,?
INV-100789, ogun,Lagos,Member,Male,Home Supplies,20475.66,5,2024-10-22 00:00:00,Cash,5,5118.92,107497.22,?
INV-100790,ABUJA,Port Harcourt,Normal,Male,Home Supplies,7279.85,5,2025-06-20 00:00:00,Ewallet,8,1819.96,38219.21,?
INV-100791,Portharcourt,Abuja,Member,Female,,25585.12,4,2025-04-01 00:00:00,Credit Card,8,5117.02,107457.5,?
INV-100792,lagos ,Ogun,Normal,Female,Sports Equipment,6763.99,3,2025-04-19 00:00:00,Cash,8,1014.6,21306.57,?
INV-100793,Portharcourt,Ogun,Normal,Female,Food & Beverages,24092.71,4,2024-08-17 00:00:00,Ewallet,4,4818.54,101189.38,?
INV-100794,lagos ,Ogun,Normal,Female,Food & Beverages,38298.96,4,2024-12-17 00:00:00,Cash,9,7659.79,160855.63,?
INV-100795, ogun,Abuja,Normal,Male,Food & Beverages,13284.09,2,2024-12-23 00:00:00,Ewallet,5,1328.41,27896.59,?
INV-100796,lagos ,Lagos,Member,Male,Food & Beverages,24298.92,5,2024-03-18 00:00:00,Credit Card,8,6074.73,127569.33,?
INV-100797, ogun,Port Harcourt,Member,Female,Fashion,49604.79,5,2025-09-02 00:00:00,Cash,4,12401.2,260425.15,?
INV-100798,lagos ,Lagos,Normal,Male,Sports Equipment,34489.2,5,2024-02-06 00:00:00,Credit Card,7,8622.3,181068.3,?
INV-100799, ogun,Lagos,Member,Male,Electronics,42147.16,1,2024-01-21 00:00:00,Cash,9,2107.36,44254.52,?
INV-100800,lagos ,Port Harcourt,Normal,Female,Electronics,21034.96,6,2025-10-04 00:00:00,Ewallet,7,6310.49,132520.25,?
INV-100801,ABUJA,Port Harcourt,Normal,Female,Health & Beauty,38509.12,2,2025-08-03 00:00:00,Cash,7,3850.91,80869.15,?
INV-100802,lagos ,Abuja,Normal,Male,Fashion,2505.2,7,2025-01-13 00:00:00,Cash,5,876.82,18413.22,?
INV-100803,lagos ,Abuja,Member,Female,Food & Beverages,6584.1,4,2024-03-15 00:00:00,Credit Card,4,1316.82,27653.22,?
INV-100804,ABUJA,Abuja,Normal,Female,Food & Beverages,10551.99,5,2025-08-01 00:00:00,Credit Card,4,2638,55397.95,?
INV-100805,Portharcourt,Abuja,Normal,Female,Home Supplies,20396.62,5,2025-02-27 00:00:00,Credit Card,7,5099.16,107082.26,?
INV-100806,Portharcourt,Abuja,Member,Male,Home Supplies,42364.37,5,2024-01-16 00:00:00,Ewallet,9,10591.09,222412.94,?
INV-100807,lagos ,Port Harcourt,Member,Female,Health & Beauty,17640.17,2,2024-05-28 00:00:00,Credit Card,6,1764.02,37044.36,?
INV-100808,ABUJA,Lagos,Member,Male,Food & Beverages,32903.75,5,2024-09-17 00:00:00,Cash,7,8225.94,172744.69,?
INV-100809,lagos ,Abuja,Member,Male,Health & Beauty,35611.06,3,2024-05-16 00:00:00,Ewallet,5,5341.66,112174.84,?
INV-100810, ogun,Abuja,Normal,Male,Fashion,29516.03,4,2024-09-07 00:00:00,Credit Card,7,5903.21,123967.33,?
INV-100811, ogun,Lagos,Member,Female,Electronics,18183.48,2,2024-11-10 00:00:00,Cash,9,1818.35,38185.31,?
INV-100812,lagos ,Abuja,Normal,Female,Food & Beverages,29064.14,4,2024-05-04 00:00:00,Cash,9,5812.83,122069.39,?
INV-100813,Portharcourt,Lagos,Member,Female,Sports Equipment,17442.15,9,2024-04-07 00:00:00,Ewallet,7,7848.97,164828.32,?
INV-100814,Portharcourt,Lagos,Member,,Fashion,4651.75,8,2025-08-26 00:00:00,Cash,4,1860.7,39074.7,?
INV-100815,lagos ,Port Harcourt,Member,Female,Food & Beverages,49643.8,3,2025-04-19 00:00:00,Credit Card,7,7446.57,156377.97,?
INV-100816,lagos ,Ogun,Member,Male,Sports Equipment,6795.53,1,2025-12-09 00:00:00,Cash,8,339.78,7135.31,?
INV-100817, ogun,Port Harcourt,Member,Male,Home Supplies,4081.24,1,2024-05-08 00:00:00,Credit Card,8,204.06,4285.3,?
INV-100818,Portharcourt,Ogun,Member,Male,,43987.27,6,2025-07-29 00:00:00,Credit Card,6,13196.18,277119.8,?
INV-100819,lagos ,Ogun,Normal,Female,Home Supplies,15440.82,3,2025-09-27 00:00:00,Ewallet,5,2316.12,48638.58,?
INV-100820, ogun,Ogun,Member,Male,Electronics,32689.7,4,2024-04-25 00:00:00,Cash,5,6537.94,137296.74,?
INV-100821,Portharcourt,Abuja,Member,Male,Home Supplies,16785.78,1,2024-09-18 00:00:00,Ewallet,4,839.29,17625.07,?
INV-100822,ABUJA,Port Harcourt,Member,Female,Food & Beverages,19876.99,8,2025-03-25 00:00:00,Ewallet,5,7950.8,166966.72,?
INV-100823, ogun,Ogun,Member,Female,Sports Equipment,13474.59,1,2024-07-03 00:00:00,Ewallet,6,673.73,14148.32,?
INV-100824,Portharcourt,Lagos,Normal,Male,Home Supplies,17480.68,5,2025-09-21 00:00:00,Credit Card,8,4370.17,91773.57,?
INV-100825,Portharcourt,Abuja,Member,Male,Food & Beverages,20829.67,6,2024-08-22 00:00:00,Credit Card,4,6248.9,131226.92,?
INV-100826, ogun,Port Harcourt,Member,Female,Electronics,36160.6,2,2025-02-10 00:00:00,Credit Card,9,3616.06,75937.26,?
INV-100827,ABUJA,Ogun,Member,Female,Sports Equipment,25821.04,7,2025-04-30 00:00:00,Credit Card,8,9037.36,189784.64,?
INV-100828, ogun,Lagos,Member,Female,Home Supplies,47206.48,7,2025-08-27 00:00:00,Cash,6,16522.27,346967.63,?
INV-100829,Portharcourt,Port Harcourt,Normal,Female,Health & Beauty,2573.08,1,2025-07-10 00:00:00,Cash,4,128.65,2701.73,?
INV-100830,lagos ,Port Harcourt,Member,Male,Health & Beauty,25401.88,4,2025-07-11 00:00:00,Credit Card,7,5080.38,106687.9,?
INV-100831,lagos ,Abuja,Normal,Male,Sports Equipment,29419.13,4,2025-04-17 00:00:00,Credit Card,5,5883.83,123560.35,?
INV-100832, ogun,Port Harcourt,Member,Female,Health & Beauty,46049.75,5,2025-07-18 00:00:00,Cash,6,11512.44,241761.19,?
INV-100833,Portharcourt,Abuja,Normal,Male,Home Supplies,2933.35,1,2025-01-18 00:00:00,Ewallet,4,146.67,3080.02,?
INV-100834,lagos ,Ogun,Normal,Male,Home Supplies,28888.23,1,2024-06-15 00:00:00,Ewallet,8,1444.41,30332.64,?
INV-100835,Portharcourt,Abuja,Member,Female,Sports Equipment,42754.68,7,2024-10-14 00:00:00,Credit Card,4,14964.14,314246.9,?
INV-100836, ogun,Lagos,Member,Male,Home Supplies,12475.42,9,2025-05-13 00:00:00,Ewallet,7,5613.94,117892.72,?
INV-100837,lagos ,Abuja,Normal,Male,Food & Beverages,43876.47,1,2024-08-13 00:00:00,Credit Card,6,2193.82,46070.29,?
INV-100838,Portharcourt,Lagos,Normal,Male,Electronics,1442.65,2,2024-02-03 00:00:00,Credit Card,4,144.27,3029.57,?
INV-100839,lagos ,Abuja,Member,Female,Health & Beauty,0,6,2024-04-17 00:00:00,Credit Card,9,11026.95,231565.95,?
INV-100840, ogun,Port Harcourt,Normal,Female,Food & Beverages,46689.1,6,2025-02-15 00:00:00,Cash,6,14006.73,294141.33,?
INV-100841,Portharcourt,Ogun,Normal,Male,Sports Equipment,33031.28,2,2024-12-04 00:00:00,Ewallet,6,3303.13,69365.69,?
INV-100842,lagos ,Lagos,Normal,Female,Health & Beauty,22231.95,9,2024-08-07 00:00:00,Cash,8,10004.38,210091.93,?
INV-100843, ogun,Abuja,Member,Female,Food & Beverages,2721.61,4,2024-07-19 00:00:00,Ewallet,5,544.32,11430.76,?
INV-100844,lagos ,Abuja,Normal,Female,Home Supplies,46045.63,7,2025-07-08 00:00:00,Cash,9,16115.97,338435.38,?
INV-100845,lagos ,Abuja,Normal,Male,Sports Equipment,23779.66,6,2024-10-17 00:00:00,Cash,7,7133.9,149811.86,?
INV-100846,ABUJA,Port Harcourt,Normal,Male,Sports Equipment,1935.34,3,2024-10-25 00:00:00,Credit Card,4,290.3,6096.32,?
INV-100847,ABUJA,Port Harcourt,Member,Female,Health & Beauty,34646.14,8,2024-09-14 00:00:00,Credit Card,5,13858.46,291027.58,?
INV-100848, ogun,Lagos,Member,Male,Home Supplies,24350.94,7,2025-03-29 00:00:00,Cash,8,8522.83,178979.41,?
INV-100849,ABUJA,Lagos,Normal,Male,,6655.09,9,2024-01-29 00:00:00,Ewallet,5,2994.79,62890.6,?
INV-100850, ogun,Port Harcourt,Member,Male,Fashion,11106.45,3,2025-08-14 00:00:00,Ewallet,6,1665.97,34985.32,?
INV-100851,ABUJA,Lagos,Normal,Male,Food & Beverages,3692.29,1,2024-12-17 00:00:00,Credit Card,6,184.61,3876.9,?
INV-100852,lagos ,Ogun,Member,Male,Fashion,28927.53,2,2024-01-01 00:00:00,Credit Card,7,2892.75,60747.81,?
INV-100853, ogun,Ogun,Member,Female,Food & Beverages,31290.46,1,2025-02-11 00:00:00,Ewallet,9,1564.52,32854.98,?
INV-100854, ogun,Port Harcourt,Normal,Male,Electronics,25534.24,5,2025-10-09 00:00:00,Ewallet,4,6383.56,134054.76,?
INV-100855,lagos ,Lagos,Member,Male,Sports Equipment,40946.56,2,2025-07-26 00:00:00,,4,4094.66,85987.78,?
INV-100856, ogun,Abuja,Member,Male,Health & Beauty,43119.94,3,2025-05-27 00:00:00,Credit Card,8,6467.99,135827.81,?
INV-100857, ogun,Ogun,Member,Female,Electronics,30973.41,8,2024-12-03 00:00:00,Ewallet,7,12389.36,260176.64,?
INV-100858,ABUJA,Port Harcourt,Normal,Female,Electronics,1131.45,5,2024-05-30 00:00:00,Credit Card,4,282.86,5940.11,?
INV-100859, ogun,Lagos,Member,Female,Sports Equipment,34913.87,4,2024-02-26 00:00:00,Cash,9,6982.77,146638.25,?
INV-100860,Portharcourt,Port Harcourt,Member,Male,Sports Equipment,21190.96,5,2024-10-08 00:00:00,Cash,6,5297.74,111252.54,?
INV-100861,lagos ,Abuja,Normal,Female,Food & Beverages,28495.1,6,2024-03-21 00:00:00,Cash,7,8548.53,179519.13,?
INV-100862,ABUJA,Ogun,Member,Female,Fashion,0,7,2024-05-24 00:00:00,Ewallet,5,11420.32,239826.75,?
INV-100863,ABUJA,Port Harcourt,Member,Female,Home Supplies,17836.71,9,2025-01-10 00:00:00,Credit Card,7,8026.52,168556.91,?
INV-100864,Portharcourt,Port Harcourt,Member,,Food & Beverages,45896.38,1,2024-09-12 00:00:00,Ewallet,7,2294.82,48191.2,?
INV-100865,lagos ,Port Harcourt,Member,Male,Home Supplies,7131.76,4,2025-05-04 00:00:00,,9,1426.35,29953.39,?
INV-100866,lagos ,Abuja,Member,Female,Electronics,0,9,2024-09-29 00:00:00,Ewallet,9,15182.92,318841.39,?
INV-100867,ABUJA,Port Harcourt,Normal,Female,Home Supplies,715.8,5,2024-03-07 00:00:00,Cash,4,178.95,3757.95,?
INV-100868, ogun,Abuja,Normal,Male,Fashion,46270.23,8,2024-06-09 00:00:00,Credit Card,8,18508.09,388669.93,?
INV-100869,ABUJA,Abuja,Member,,Food & Beverages,6068.95,1,2024-04-09 00:00:00,Ewallet,8,303.45,6372.4,?
INV-100870,lagos ,Abuja,Member,Female,Sports Equipment,5196.77,4,2024-08-07 00:00:00,Credit Card,9,1039.35,21826.43,?
INV-100871,Portharcourt,Ogun,Member,Male,Fashion,16983.88,9,2024-02-28 00:00:00,Credit Card,4,7642.75,160497.67,?
INV-100872,ABUJA,Ogun,Normal,Female,Fashion,18991.53,1,2025-07-26 00:00:00,Ewallet,4,949.58,19941.11,?
INV-100873,lagos ,Port Harcourt,Normal,Male,Food & Beverages,11107.85,1,2024-12-26 00:00:00,Ewallet,4,555.39,11663.24,?
INV-100874,ABUJA,Port Harcourt,Member,Male,Sports Equipment,29463.52,4,2025-10-10 00:00:00,,9,5892.7,123746.78,?
INV-100875, ogun,Ogun,Member,Female,Fashion,22424.25,3,2025-08-02 00:00:00,Credit Card,8,3363.64,70636.39,?
INV-100876,ABUJA,Lagos,Normal,,Sports Equipment,2191.69,7,2025-09-25 00:00:00,Cash,4,767.09,16108.92,?
INV-100877,ABUJA,Ogun,Member,Female,Health & Beauty,16322.78,3,2024-07-01 00:00:00,Credit Card,9,2448.42,51416.76,?
INV-100878,,Abuja,Normal,Male,Health & Beauty,40616.43,1,2025-04-05 00:00:00,Cash,5,2030.82,42647.25,?
INV-100879,lagos ,Ogun,Normal,Female,Health & Beauty,34640.23,2,2024-06-13 00:00:00,Cash,5,3464.02,72744.48,?
INV-100880,lagos ,Abuja,Member,Male,Home Supplies,36381.11,4,2024-06-05 00:00:00,Cash,6,7276.22,152800.66,?
INV-100881,ABUJA,Port Harcourt,Normal,Male,Fashion,35056.79,1,2024-06-01 00:00:00,Credit Card,5,1752.84,36809.63,?
INV-100882, ogun,Lagos,Member,Male,Food & Beverages,15893.16,1,2025-01-03 00:00:00,Cash,7,794.66,16687.82,?
INV-100883,Portharcourt,Port Harcourt,Member,Male,Food & Beverages,5433.36,8,2024-03-26 00:00:00,Credit Card,6,2173.34,45640.22,?
INV-100884,Portharcourt,Abuja,Member,,Home Supplies,13987.13,7,2025-08-16 00:00:00,Credit Card,5,4895.5,102805.41,?
INV-100885,lagos ,Abuja,Member,Female,Food & Beverages,41673.37,8,2024-09-14 00:00:00,Ewallet,7,16669.35,350056.31,?
INV-100886,lagos ,Abuja,Member,,Health & Beauty,49033.3,4,2024-05-19 00:00:00,Credit Card,5,9806.66,205939.86,?
INV-100887,ABUJA,Lagos,Member,Female,Fashion,24945.43,6,2025-10-09 00:00:00,Credit Card,9,7483.63,157156.21,?
INV-100888,Portharcourt,Ogun,Normal,Female,Food & Beverages,980.17,3,2025-06-15 00:00:00,Cash,7,147.03,3087.54,?
INV-100889,lagos ,Port Harcourt,Normal,Female,Food & Beverages,7432.22,8,2024-02-21 00:00:00,Credit Card,4,2972.89,62430.65,?
INV-100890, ogun,Port Harcourt,Normal,Male,,16442.99,4,2024-11-14 00:00:00,Credit Card,9,3288.6,69060.56,?
INV-100891, ogun,Ogun,Normal,Female,Electronics,29139.97,3,2024-07-29 00:00:00,Ewallet,7,4371,91790.91,?
INV-100892,lagos ,Port Harcourt,Member,Male,Electronics,4217.14,4,2024-09-30 00:00:00,Ewallet,9,843.43,17711.99,?
INV-100893,lagos ,Lagos,Normal,Female,Fashion,47196.19,6,2024-06-22 00:00:00,Cash,4,14158.86,297336,?
INV-100894,Portharcourt,Port Harcourt,Normal,Female,Health & Beauty,18571.64,7,2025-07-16 00:00:00,Cash,7,6500.07,136501.55,?
INV-100895,Portharcourt,Abuja,Normal,Female,Sports Equipment,45672.92,7,2025-01-30 00:00:00,Ewallet,7,15985.52,335695.96,?
INV-100896,ABUJA,Ogun,Member,Female,Health & Beauty,39135.83,4,2025-06-29 00:00:00,Ewallet,9,7827.17,164370.49,?
INV-100897,Portharcourt,Lagos,Normal,Female,Health & Beauty,37894.14,8,2024-06-26 00:00:00,Credit Card,5,15157.66,318310.78,?
INV-100898, ogun,Ogun,Member,Male,Fashion,30532.62,7,2024-03-05 00:00:00,Cash,7,10686.42,224414.76,?
INV-100899, ogun,Lagos,Normal,,Fashion,31525.8,2,2025-02-07 00:00:00,Cash,5,3152.58,66204.18,?
INV-100900,lagos ,Abuja,Member,Female,Electronics,32081.16,8,2025-05-03 00:00:00,Credit Card,7,12832.46,269481.74,?
INV-100901,Portharcourt,Ogun,Member,Male,Food & Beverages,31621.71,9,2024-11-28 00:00:00,Credit Card,8,14229.77,298825.16,?
INV-100902,ABUJA,Port Harcourt,Normal,Male,Home Supplies,27909.55,5,2024-10-23 00:00:00,Cash,6,6977.39,146525.14,?
INV-100903, ogun,Lagos,Member,Male,Home Supplies,0,4,2024-09-22 00:00:00,Ewallet,5,9865.5,207175.46,?
INV-100904, ogun,Ogun,Member,Female,Sports Equipment,36748.38,4,2024-10-24 00:00:00,Ewallet,5,7349.68,154343.2,?
INV-100905,ABUJA,Port Harcourt,Normal,Female,Food & Beverages,38958.85,4,2024-01-28 00:00:00,Credit Card,4,7791.77,163627.17,?
INV-100906,ABUJA,Ogun,Normal,Female,Sports Equipment,43686.91,6,2024-10-22 00:00:00,Cash,8,13106.07,275227.53,?
INV-100907, ogun,Ogun,Normal,Female,Electronics,11174.17,4,2025-01-11 00:00:00,Credit Card,4,2234.83,46931.51,?
INV-100908, ogun,Ogun,Member,Female,Sports Equipment,4648.31,7,2024-04-28 00:00:00,Ewallet,8,1626.91,34165.08,?
INV-100909,ABUJA,Lagos,Member,Female,Food & Beverages,24403.27,7,2024-09-12 00:00:00,Ewallet,8,8541.14,179364.03,?
INV-100910, ogun,Port Harcourt,Member,Male,Food & Beverages,25946.99,5,2025-02-19 00:00:00,Credit Card,9,6486.75,136221.7,?
INV-100911,lagos ,Abuja,Normal,Male,Home Supplies,41544.5,5,2024-01-13 00:00:00,Ewallet,9,10386.12,218108.62,?
INV-100912,lagos ,Lagos,Member,Female,Electronics,22467.29,8,2025-01-30 00:00:00,Cash,9,8986.92,188725.24,?
INV-100913,ABUJA,Lagos,Member,Female,Fashion,28757.22,7,2024-08-16 00:00:00,Credit Card,7,10065.03,211365.57,?
INV-100914,Portharcourt,Lagos,Member,Female,Sports Equipment,26590.01,7,2024-01-12 00:00:00,Credit Card,4,9306.5,195436.57,?
INV-100915,ABUJA,Abuja,Member,Female,Home Supplies,2391.04,6,2024-06-12 00:00:00,Credit Card,6,717.31,15063.55,?
INV-100916,ABUJA,Port Harcourt,Member,Female,Sports Equipment,30953.14,7,2025-06-02 00:00:00,Ewallet,8,10833.6,227505.58,?
INV-100917,Portharcourt,Port Harcourt,Member,Male,Sports Equipment,41488.14,7,2024-07-23 00:00:00,Cash,8,14520.85,304937.83,?
INV-100918,Portharcourt,Port Harcourt,Member,Male,Fashion,8296.28,2,2025-08-20 00:00:00,Credit Card,5,829.63,17422.19,?
INV-100919,Portharcourt,Ogun,Normal,Female,Electronics,29919.42,2,2025-07-15 00:00:00,Credit Card,7,2991.94,62830.78,?
INV-100920,lagos ,Ogun,Normal,Male,,29883.72,7,2024-11-19 00:00:00,Ewallet,6,10459.3,219645.34,?
INV-100921, ogun,Ogun,Normal,Female,Health & Beauty,8627.16,7,2025-01-07 00:00:00,Cash,9,3019.51,63409.63,?
INV-100922,lagos ,Abuja,Member,Female,Sports Equipment,6611.45,7,2025-02-07 00:00:00,Credit Card,8,2314.01,48594.16,?
INV-100923, ogun,Ogun,Member,Female,Health & Beauty,49012.57,5,2025-05-30 00:00:00,Ewallet,5,12253.14,257315.99,?
INV-100924,lagos ,Abuja,Normal,Male,Electronics,19989.1,1,2024-03-08 00:00:00,Credit Card,4,999.46,20988.56,?
INV-100925, ogun,Port Harcourt,Member,Male,Health & Beauty,11757.38,2,2024-01-25 00:00:00,Ewallet,8,1175.74,24690.5,?
INV-100926,lagos ,Ogun,Normal,Female,Sports Equipment,8980.56,9,2024-08-06 00:00:00,Cash,5,4041.25,84866.29,?
INV-100927,Portharcourt,Ogun,Member,Male,Fashion,33546.28,8,2024-03-01 00:00:00,Ewallet,4,13418.51,281788.75,?
INV-100928,ABUJA,Lagos,Member,Male,Health & Beauty,30667.54,8,2024-11-26 00:00:00,Credit Card,7,12267.02,257607.34,?
INV-100929,lagos ,Abuja,Normal,Female,Electronics,32355.83,1,2024-06-18 00:00:00,Credit Card,9,1617.79,33973.62,?
INV-100930, ogun,Port Harcourt,Normal,Male,Electronics,4856.3,6,2025-07-27 00:00:00,Ewallet,4,1456.89,30594.69,?
INV-100931,Portharcourt,Lagos,Normal,Male,Fashion,44729.96,9,2024-01-21 00:00:00,Cash,8,20128.48,422698.12,?
INV-100932,lagos ,Lagos,Normal,Female,Health & Beauty,19768.69,8,2025-03-17 00:00:00,Cash,6,7907.48,166057,?
INV-100933,lagos ,Port Harcourt,Normal,Female,Health & Beauty,16011.79,3,2025-04-11 00:00:00,Credit Card,4,2401.77,50437.14,?
INV-100934,Portharcourt,Lagos,Member,Male,Food & Beverages,23386.89,4,2024-07-20 00:00:00,Credit Card,6,4677.38,98224.94,?
INV-100935,lagos ,Abuja,Member,Female,Home Supplies,19808.27,3,2024-10-24 00:00:00,Ewallet,6,2971.24,62396.05,?
INV-100936,ABUJA,Abuja,Member,Male,Electronics,43247.06,6,2024-01-25 00:00:00,Ewallet,4,12974.12,272456.48,?
INV-100937,lagos ,Ogun,Normal,Female,Food & Beverages,46498.42,9,2025-02-16 00:00:00,Ewallet,7,20924.29,439410.07,?
INV-100938,,Lagos,Normal,Female,Electronics,15520.93,8,2024-09-01 00:00:00,Cash,4,6208.37,130375.81,?
INV-100939,,Ogun,Normal,Female,Food & Beverages,43264.82,4,2025-03-10 00:00:00,Cash,5,8652.96,181712.24,?
INV-100940,Portharcourt,Lagos,Normal,Female,Home Supplies,39185.39,2,2025-05-25 00:00:00,Credit Card,9,3918.54,82289.32,?
INV-100941,lagos ,Abuja,Normal,Male,Food & Beverages,46574.98,8,2024-07-08 00:00:00,Credit Card,6,18629.99,391229.83,?
INV-100942,,Abuja,Normal,Female,Electronics,12664.64,8,2024-05-14 00:00:00,Credit Card,9,5065.86,106382.98,?
INV-100943,lagos ,Abuja,Member,Female,Health & Beauty,29059.48,6,2025-01-16 00:00:00,Ewallet,8,8717.84,183074.72,?
INV-100944,lagos ,Lagos,Member,Female,Electronics,14089.96,8,2025-07-12 00:00:00,Cash,6,5635.98,118355.66,?
INV-100945, ogun,Abuja,Member,Male,Sports Equipment,41292.68,9,2025-01-23 00:00:00,Credit Card,8,18581.71,390215.83,?
INV-100946,lagos ,Lagos,Member,Male,Fashion,763.55,1,2024-02-11 00:00:00,Credit Card,5,38.18,801.73,?
INV-100947,Portharcourt,Ogun,Member,Female,Fashion,28458.55,9,2024-03-04 00:00:00,Credit Card,5,12806.35,268933.3,?
INV-100948,ABUJA,Lagos,Normal,Female,,17290.57,2,2025-04-06 00:00:00,Credit Card,9,1729.06,36310.2,?
INV-100949,lagos ,Ogun,Normal,Female,Fashion,16472.84,1,2024-12-26 00:00:00,Credit Card,5,823.64,17296.48,?
INV-100950, ogun,Lagos,Normal,Female,Fashion,32422.86,8,2025-01-01 00:00:00,Credit Card,4,12969.14,272352.02,?
INV-100951,Portharcourt,Ogun,Normal,Female,Home Supplies,42648.48,8,2025-05-09 00:00:00,Cash,6,17059.39,358247.23,?
INV-100952,lagos ,Abuja,Normal,Female,Health & Beauty,30655.17,4,2024-09-01 00:00:00,Credit Card,8,6131.03,128751.71,?
INV-100953,Portharcourt,Ogun,Normal,Male,Health & Beauty,42732.06,8,2024-07-05 00:00:00,Cash,9,17092.82,358949.3,?
INV-100954, ogun,Abuja,Member,Female,Electronics,13597.56,7,2024-07-22 00:00:00,Ewallet,9,4759.15,99942.07,?
INV-100955, ogun,Abuja,Normal,Female,Sports Equipment,26215.34,2,2025-09-19 00:00:00,Cash,5,2621.53,55052.21,?
INV-100956,Portharcourt,Ogun,Normal,Female,Food & Beverages,22801.56,5,2024-10-17 00:00:00,Ewallet,5,5700.39,119708.19,?
INV-100957,lagos ,Lagos,Normal,Female,Electronics,1076.42,4,2024-11-22 00:00:00,Cash,8,215.28,4520.96,?
INV-100958,ABUJA,Lagos,Normal,Female,Electronics,28062.2,3,2024-03-02 00:00:00,Cash,6,4209.33,88395.93,?
INV-100959, ogun,Port Harcourt,Member,Female,Electronics,33245.45,1,2025-07-01 00:00:00,,6,1662.27,34907.72,?
INV-100960,lagos ,Lagos,Member,Male,Electronics,29799.76,5,2024-09-27 00:00:00,Cash,9,7449.94,156448.74,?
INV-100961,lagos ,Port Harcourt,Normal,Male,Health & Beauty,36945.85,8,2024-08-27 00:00:00,Cash,8,14778.34,310345.14,?
INV-100962,ABUJA,Lagos,Member,Male,Food & Beverages,28781.31,9,2025-03-05 00:00:00,Credit Card,9,12951.59,271983.38,?
INV-100963, ogun,Lagos,Member,Male,Electronics,3804.14,7,2024-12-28 00:00:00,Ewallet,7,1331.45,27960.43,?
INV-100964, ogun,Abuja,Normal,Male,Health & Beauty,6264.05,1,2025-04-24 00:00:00,Credit Card,6,313.2,6577.25,?
INV-100965,lagos ,Port Harcourt,Normal,Male,Electronics,30025.49,1,2025-07-04 00:00:00,Credit Card,8,1501.27,31526.76,?
INV-100966,lagos ,Lagos,Normal,Female,Fashion,14111.47,1,2025-09-08 00:00:00,Credit Card,8,705.57,14817.04,?
INV-100967,ABUJA,Port Harcourt,Normal,,Electronics,4442.43,2,2024-11-27 00:00:00,Ewallet,9,444.24,9329.1,?
INV-100968,ABUJA,Abuja,Normal,Female,Sports Equipment,21765.34,1,2024-08-20 00:00:00,Cash,5,1088.27,22853.61,?
INV-100969, ogun,Abuja,Member,Female,Sports Equipment,27938.97,4,2025-04-13 00:00:00,Cash,8,5587.79,117343.67,?
INV-100970,Portharcourt,Port Harcourt,Normal,Female,Electronics,16772.93,9,2024-08-31 00:00:00,Credit Card,9,7547.82,158504.19,?
INV-100971, ogun,Abuja,Normal,Female,Home Supplies,36161.47,4,2025-05-24 00:00:00,,4,7232.29,151878.17,?
INV-100972,lagos ,Ogun,Normal,Male,Fashion,32366.65,4,2025-02-26 00:00:00,Cash,5,6473.33,135939.93,?
INV-100973, ogun,Ogun,Member,Female,Food & Beverages,16974.51,7,2024-09-08 00:00:00,Cash,5,5941.08,124762.65,?
INV-100974,Portharcourt,Abuja,Normal,Male,Electronics,37866.19,9,2024-09-03 00:00:00,Cash,6,17039.79,357835.5,?
INV-100975,ABUJA,Ogun,Normal,Male,Food & Beverages,32610.4,7,2025-08-26 00:00:00,Ewallet,7,11413.64,239686.44,?
INV-100976,Portharcourt,Lagos,Normal,Female,Fashion,32053.55,1,2025-05-23 00:00:00,Ewallet,6,1602.68,33656.23,?
INV-100977,Portharcourt,Port Harcourt,Member,Female,Electronics,27894.67,1,2024-04-29 00:00:00,Credit Card,4,1394.73,29289.4,?
INV-100978,Portharcourt,Lagos,Normal,Female,Home Supplies,1063.79,4,2024-11-07 00:00:00,Ewallet,9,212.76,4467.92,?
INV-100979,ABUJA,Port Harcourt,Normal,Female,Health & Beauty,34977.11,4,2024-08-03 00:00:00,Credit Card,5,6995.42,146903.86,?
INV-100980,Portharcourt,Abuja,Normal,Female,Home Supplies,19114.07,1,2025-06-06 00:00:00,Cash,5,955.7,20069.77,?
INV-100981,Portharcourt,Lagos,Member,Female,Home Supplies,47159.18,6,2024-12-31 00:00:00,Cash,8,14147.75,297102.83,?
INV-100982,Portharcourt,Abuja,Normal,Female,Health & Beauty,40990.25,2,2025-04-09 00:00:00,Credit Card,7,4099.03,86079.53,?
INV-100983,lagos ,Abuja,Normal,Male,Health & Beauty,29590.88,5,2025-03-04 00:00:00,Cash,7,7397.72,155352.12,?
INV-100984,Portharcourt,Port Harcourt,Normal,Female,Sports Equipment,12983.01,8,2024-05-15 00:00:00,Credit Card,8,5193.2,109057.28,?
INV-100985,ABUJA,Port Harcourt,Member,Female,Health & Beauty,10584.01,3,2025-01-05 00:00:00,Credit Card,4,1587.6,33339.63,?
INV-100986,Portharcourt,Port Harcourt,Normal,Male,Electronics,17349.05,9,2024-02-08 00:00:00,Credit Card,7,7807.07,163948.52,?
INV-100987,Portharcourt,Lagos,Normal,Female,Food & Beverages,24090.11,7,2024-10-27 00:00:00,Ewallet,5,8431.54,177062.31,?
INV-100988,ABUJA,Ogun,Normal,Female,Sports Equipment,15155.24,9,2024-07-13 00:00:00,Credit Card,4,6819.86,143217.02,?
INV-100989,Portharcourt,Port Harcourt,Member,Male,Sports Equipment,25989.01,1,2025-08-31 00:00:00,Credit Card,6,1299.45,27288.46,?
INV-100990,ABUJA,Port Harcourt,Member,Female,Food & Beverages,8685.84,5,2024-11-07 00:00:00,Credit Card,6,2171.46,45600.66,?
INV-100991,Portharcourt,Lagos,Normal,Female,Sports Equipment,48896.78,3,2024-03-19 00:00:00,Ewallet,4,7334.52,154024.86,?
INV-100992,ABUJA,Port Harcourt,Member,Female,Health & Beauty,5842.27,4,2024-05-01 00:00:00,Cash,5,1168.45,24537.53,?
INV-100993,Portharcourt,Lagos,Member,Female,Home Supplies,46631.23,4,2025-06-27 00:00:00,Ewallet,6,9326.25,195851.17,?
INV-100994,Portharcourt,Abuja,Member,Female,Fashion,45722.11,7,2025-08-29 00:00:00,Credit Card,9,16002.74,336057.51,?
INV-100995,lagos ,Port Harcourt,Normal,Female,Health & Beauty,26505.34,8,2024-08-24 00:00:00,Ewallet,5,10602.14,222644.86,?
INV-100996,lagos ,Port Harcourt,Normal,Male,Home Supplies,36383.06,5,2025-05-21 00:00:00,Cash,8,9095.76,191011.06,?
INV-100997,Portharcourt,Abuja,Member,Female,Home Supplies,22084.39,7,2024-06-25 00:00:00,Cash,7,7729.54,162320.27,?
INV-100998,Portharcourt,Abuja,Member,Female,Sports Equipment,31686.71,3,2025-07-27 00:00:00,Credit Card,4,4753.01,99813.14,?
INV-100999, ogun,Abuja,Member,Male,Electronics,17358.51,3,2025-09-14 00:00:00,Cash,7,2603.78,54679.31,?
INV-101000,ABUJA,Port Harcourt,Normal,Male,Electronics,15407.37,3,2024-03-24 00:00:00,Ewallet,8,2311.11,48533.22,?
INV-101001, ogun,Ogun,Normal,Female,Sports Equipment,29122.37,4,2025-01-05 00:00:00,Ewallet,6,5824.47,122313.95,?
INV-101002,lagos ,Ogun,Member,Male,Sports Equipment,25157.42,6,2024-11-30 00:00:00,Cash,9,7547.23,158491.75,?
INV-101003,lagos ,Ogun,Member,Female,Food & Beverages,29187.05,5,2024-02-16 00:00:00,Credit Card,5,7296.76,153232.01,?
INV-101004,lagos ,Port Harcourt,Member,Female,Food & Beverages,14689.7,8,2024-06-24 00:00:00,Credit Card,5,5875.88,123393.48,?
INV-101005,lagos ,Abuja,Member,Male,Fashion,18664.41,5,2024-07-06 00:00:00,Ewallet,8,4666.1,97988.15,?
INV-101006,,Port Harcourt,Normal,Female,Fashion,4652.95,5,2024-12-26 00:00:00,Cash,4,1163.24,24427.99,?
INV-101007,lagos ,Abuja,Member,Female,Fashion,3087.68,2,2024-02-07 00:00:00,Ewallet,7,308.77,6484.13,?
INV-101008,Portharcourt,Port Harcourt,Normal,Male,Fashion,13046.13,5,2025-03-02 00:00:00,Ewallet,9,3261.53,68492.18,?
INV-101009,Portharcourt,Port Harcourt,Member,Male,Home Supplies,4175.22,7,2024-11-15 00:00:00,Ewallet,6,1461.33,30687.87,?
INV-101010,lagos ,Abuja,Member,Male,Home Supplies,5636.85,2,2024-10-28 00:00:00,Credit Card,4,563.69,11837.39,?
INV-101011,lagos ,Ogun,Member,Male,Food & Beverages,40739.96,6,2025-05-20 00:00:00,Cash,9,12221.99,256661.75,?
INV-101012,ABUJA,Abuja,Member,Female,Electronics,2424.25,7,2025-10-06 00:00:00,Cash,9,848.49,17818.24,?
INV-101013, ogun,Lagos,Member,Male,Sports Equipment,33117.67,5,2024-11-30 00:00:00,Credit Card,8,8279.42,173867.77,?
INV-101014,lagos ,Lagos,Normal,Male,Electronics,13991.61,9,2025-02-23 00:00:00,Ewallet,8,6296.22,132220.71,?
INV-101015,ABUJA,Abuja,Member,Male,Health & Beauty,43641.51,4,2024-04-01 00:00:00,Ewallet,5,8728.3,183294.34,?
INV-101016,ABUJA,Port Harcourt,Member,Male,Home Supplies,24507.12,1,2025-05-09 00:00:00,Credit Card,6,1225.36,25732.48,?
INV-101017, ogun,Lagos,Member,Male,Fashion,15626.03,8,2025-01-27 00:00:00,Cash,4,6250.41,131258.65,?
INV-101018,Portharcourt,Lagos,Normal,,Fashion,26123.13,8,2025-08-31 00:00:00,Credit Card,5,10449.25,219434.29,?
INV-101019,lagos ,Port Harcourt,Normal,Male,Health & Beauty,19406.92,7,2024-08-07 00:00:00,Cash,6,6792.42,142640.86,?
INV-101020, ogun,Port Harcourt,Normal,Female,Electronics,28432.9,8,2025-02-12 00:00:00,Cash,7,11373.16,238836.36,?
INV-101021,lagos ,Ogun,Normal,Male,Fashion,6169.38,2,2025-07-30 00:00:00,Cash,7,616.94,12955.7,?
INV-101022,ABUJA,Port Harcourt,Member,Male,Electronics,49851.03,3,2024-11-14 00:00:00,Ewallet,5,7477.65,157030.74,?
INV-101023,ABUJA,Abuja,Member,Male,Sports Equipment,21565.02,9,2024-02-03 00:00:00,Ewallet,4,9704.26,203789.44,?
INV-101024,Portharcourt,Abuja,Member,Male,Health & Beauty,17737.42,1,2024-12-10 00:00:00,Credit Card,6,886.87,18624.29,?
INV-101025,ABUJA,Ogun,Normal,Male,Electronics,35655.39,8,2024-07-12 00:00:00,Credit Card,7,14262.16,299505.28,?
INV-101026,ABUJA,Lagos,Member,Male,Sports Equipment,18513.02,8,2024-11-28 00:00:00,Ewallet,7,7405.21,155509.37,?
INV-101027, ogun,Lagos,Member,Male,Electronics,41747.08,7,2024-08-30 00:00:00,Credit Card,4,14611.48,306841.04,?
INV-101028,,Port Harcourt,Normal,Male,Electronics,22986.4,5,2025-04-25 00:00:00,Ewallet,5,5746.6,120678.6,?
INV-101029,lagos ,Abuja,Normal,Female,Fashion,36118.14,4,2025-07-02 00:00:00,Ewallet,8,7223.63,151696.19,?
INV-101030, ogun,Lagos,Normal,Male,Food & Beverages,5818.93,6,2024-06-20 00:00:00,Cash,9,1745.68,36659.26,?
INV-101031,Portharcourt,Ogun,Member,,Home Supplies,42382.9,1,2024-10-01 00:00:00,,6,2119.14,44502.04,?
INV-101032,lagos ,Ogun,Member,Male,Electronics,36918.04,5,2024-04-01 00:00:00,Ewallet,7,9229.51,193819.71,?
INV-101033,ABUJA,Abuja,Normal,Female,Electronics,10979.98,4,2025-05-28 00:00:00,Cash,9,2196,46115.92,?
INV-101034,lagos ,Ogun,Member,Male,Electronics,7691.66,4,2025-03-27 00:00:00,Ewallet,9,1538.33,32304.97,?
INV-101035,ABUJA,Ogun,Normal,Male,Food & Beverages,16156.47,7,2025-08-15 00:00:00,Cash,8,5654.76,118750.05,?
INV-101036,Portharcourt,Abuja,Normal,Male,Sports Equipment,48815.49,9,2025-03-26 00:00:00,Credit Card,9,21966.97,461306.38,?
INV-101037, ogun,Port Harcourt,Member,Female,Health & Beauty,13213.16,8,2025-10-18 00:00:00,Credit Card,4,5285.26,110990.54,?
INV-101038,lagos ,Port Harcourt,Normal,Female,,23078.3,8,2025-06-23 00:00:00,Ewallet,5,9231.32,193857.72,?
INV-101039, ogun,Ogun,Normal,Female,Food & Beverages,1986,5,2024-07-03 00:00:00,Ewallet,6,496.5,10426.5,?
INV-101040,lagos ,Port Harcourt,Normal,Female,Sports Equipment,20162.76,6,2024-03-03 00:00:00,Cash,4,6048.83,127025.39,?
INV-101041,ABUJA,Port Harcourt,Member,Male,Electronics,28780.34,2,2025-05-14 00:00:00,Cash,5,2878.03,60438.71,?
INV-101042, ogun,Ogun,Normal,Male,Sports Equipment,47679.67,3,2025-09-12 00:00:00,Ewallet,4,7151.95,150190.96,?
INV-101043,lagos ,Port Harcourt,Normal,Male,Food & Beverages,26078.43,5,2024-08-17 00:00:00,Credit Card,7,6519.61,136911.76,?
INV-101044,ABUJA,Ogun,Normal,Female,,41045.81,2,2025-08-18 00:00:00,Credit Card,7,4104.58,86196.2,?
INV-101045, ogun,Lagos,Normal,Male,Food & Beverages,27582.82,3,2025-07-11 00:00:00,Ewallet,8,4137.42,86885.88,?
INV-101046, ogun,Abuja,Normal,Female,Health & Beauty,2518.86,4,2024-04-04 00:00:00,Credit Card,4,503.77,10579.21,?
INV-101047,lagos ,Abuja,Normal,Female,Home Supplies,16092.91,6,2025-02-06 00:00:00,Ewallet,9,4827.87,101385.33,?
INV-101048,,Port Harcourt,Normal,Female,Fashion,28989.7,5,2024-08-26 00:00:00,Cash,7,7247.42,152195.92,?
INV-101049,lagos ,Port Harcourt,Member,Female,Health & Beauty,47554.4,4,2024-06-09 00:00:00,Credit Card,5,9510.88,199728.48,?
INV-101050,ABUJA,Port Harcourt,Member,Female,Health & Beauty,43026.95,2,2024-11-28 00:00:00,Credit Card,8,4302.7,90356.6,?
INV-101051,lagos ,Abuja,Normal,Male,Home Supplies,11803.6,5,2024-10-01 00:00:00,Cash,9,2950.9,61968.9,?
INV-101052, ogun,Lagos,Member,Female,Health & Beauty,11395.44,5,2024-09-20 00:00:00,Cash,6,2848.86,59826.06,?
INV-101053, ogun,Lagos,Member,Female,Food & Beverages,10458.06,7,2025-09-24 00:00:00,Credit Card,4,3660.32,76866.74,?
INV-101054,lagos ,Abuja,Normal,Male,,46163.7,1,2024-07-02 00:00:00,Credit Card,7,2308.18,48471.88,?
INV-101055,lagos ,Lagos,Member,Female,Sports Equipment,42706.97,4,2024-12-31 00:00:00,Ewallet,9,8541.39,179369.27,?
INV-101056,Portharcourt,Abuja,Normal,Female,Electronics,38856.73,5,2024-04-22 00:00:00,Ewallet,5,9714.18,203997.83,?
INV-101057, ogun,Lagos,Normal,Male,Health & Beauty,19940.39,8,2024-03-25 00:00:00,Credit Card,4,7976.16,167499.28,?
INV-101058,ABUJA,Ogun,Normal,Male,Electronics,25466.84,8,2025-04-04 00:00:00,Ewallet,5,10186.74,213921.46,?
INV-101059,Portharcourt,Ogun,Normal,Male,Fashion,23484.42,1,2024-05-09 00:00:00,Cash,8,1174.22,24658.64,?
INV-101060,lagos ,Abuja,Normal,Female,Food & Beverages,13043.21,5,2025-01-12 00:00:00,Ewallet,7,3260.8,68476.85,?
INV-101061,lagos ,Lagos,Member,Male,Sports Equipment,25498.89,1,2024-01-06 00:00:00,Ewallet,7,1274.94,26773.83,?
INV-101062, ogun,Port Harcourt,Normal,Male,Fashion,0,1,2025-01-11 00:00:00,Credit Card,8,100.48,2110.06,?
INV-101063,lagos ,Lagos,Member,Male,Sports Equipment,7024.61,2,2025-03-28 00:00:00,Ewallet,5,702.46,14751.68,?
INV-101064,,Ogun,Normal,Female,Home Supplies,44386.19,2,2024-08-06 00:00:00,Credit Card,4,4438.62,93211,?
INV-101065, ogun,Ogun,Normal,Male,Food & Beverages,37708.15,9,2024-12-22 00:00:00,Credit Card,5,16968.67,356342.02,?
INV-101066,lagos ,Lagos,Normal,Female,Fashion,21431.99,4,2024-12-18 00:00:00,Credit Card,4,4286.4,90014.36,?
INV-101067, ogun,Lagos,Member,Female,Home Supplies,26098.94,3,2024-11-15 00:00:00,Cash,9,3914.84,82211.66,?
INV-101068,lagos ,Port Harcourt,Normal,Male,Fashion,18814.94,1,2024-04-08 00:00:00,Ewallet,8,940.75,19755.69,?
INV-101069,lagos ,Port Harcourt,Normal,Female,Sports Equipment,37168.6,2,2025-02-22 00:00:00,Ewallet,6,3716.86,78054.06,?
INV-101070,lagos ,Lagos,Normal,Female,Home Supplies,39317.27,6,2025-09-21 00:00:00,Ewallet,4,11795.18,247698.8,?
INV-101071,ABUJA,Lagos,Normal,Male,Home Supplies,38282.62,-1,2024-08-15 00:00:00,Credit Card,7,17227.18,361770.76,?
INV-101072,ABUJA,Lagos,Member,Female,Food & Beverages,36269.28,5,2024-01-22 00:00:00,Cash,9,9067.32,190413.72,?
INV-101073, ogun,Lagos,Normal,Male,Electronics,10622.96,4,2024-08-12 00:00:00,Credit Card,7,2124.59,44616.43,?
INV-101074,lagos ,Abuja,Member,Female,Sports Equipment,17229.51,5,2025-01-14 00:00:00,Ewallet,9,4307.38,90454.93,?
INV-101075,lagos ,Lagos,Normal,Female,Sports Equipment,23757.35,9,2024-01-12 00:00:00,Credit Card,7,10690.81,224506.96,?
INV-101076,ABUJA,Port Harcourt,Member,Male,Home Supplies,16874.25,7,2024-05-13 00:00:00,Credit Card,5,5905.99,124025.74,?
INV-101077,lagos ,Ogun,Member,Male,Home Supplies,37869.54,8,2024-04-30 00:00:00,Ewallet,5,15147.82,318104.14,?
INV-101078,ABUJA,Abuja,Normal,Female,Food & Beverages,16803,-1,2024-10-20 00:00:00,Credit Card,5,3360.6,70572.6,?
INV-101079,lagos ,Lagos,Normal,Female,Electronics,7342.49,8,2024-06-05 00:00:00,Credit Card,9,2937,61676.92,?
INV-101080, ogun,Ogun,Member,Male,Sports Equipment,20252.5,6,2025-04-10 00:00:00,Cash,9,6075.75,127590.75,?
INV-101081,lagos ,Abuja,Normal,Female,,0,5,2025-01-17 00:00:00,Credit Card,7,12251.44,257280.24,?
INV-101082,lagos ,Ogun,Normal,Female,Health & Beauty,11681.13,7,2025-05-12 00:00:00,Cash,4,4088.4,85856.31,?
INV-101083,Portharcourt,Lagos,Normal,Female,Electronics,30801.85,6,2024-02-17 00:00:00,Ewallet,9,9240.55,194051.65,?
INV-101084,ABUJA,Lagos,Member,Female,Fashion,21932.17,3,2024-12-10 00:00:00,Cash,7,3289.83,69086.34,?
INV-101085,lagos ,Port Harcourt,Normal,Male,Food & Beverages,4015.72,5,2024-03-24 00:00:00,Credit Card,4,1003.93,21082.53,?
INV-101086,lagos ,Lagos,Normal,Male,Electronics,24649.89,9,2024-09-21 00:00:00,Ewallet,5,11092.45,232941.46,?
INV-101087,Portharcourt,Lagos,Normal,Male,Health & Beauty,35257.13,7,2025-07-05 00:00:00,Credit Card,9,12340,259139.91,?
INV-101088,Portharcourt,Abuja,Member,Male,Home Supplies,25904.39,4,2025-04-11 00:00:00,Credit Card,6,5180.88,108798.44,?
INV-101089,ABUJA,Port Harcourt,Normal,Male,Health & Beauty,43669.25,7,2024-06-19 00:00:00,Cash,5,15284.24,320968.99,?
INV-101090,Portharcourt,Abuja,Member,Male,Home Supplies,14802.38,5,2025-02-09 00:00:00,Credit Card,8,3700.6,77712.5,?
INV-101091, ogun,Ogun,Normal,Female,Food & Beverages,4769.33,2,2024-05-25 00:00:00,Cash,4,476.93,10015.59,?
INV-101092,Portharcourt,Lagos,Member,Male,Home Supplies,46860,6,2024-07-28 00:00:00,Ewallet,6,14058,295218,?
INV-101093, ogun,Ogun,Normal,Female,Electronics,19220.72,7,2024-06-10 00:00:00,Ewallet,5,6727.25,141272.29,?
INV-101094,ABUJA,Abuja,Normal,Female,Home Supplies,29032.07,8,2024-04-20 00:00:00,Credit Card,9,11612.83,243869.39,?
INV-101095,ABUJA,Lagos,Member,Female,Fashion,39704.15,6,2025-01-14 00:00:00,Cash,6,11911.25,250136.15,?
INV-101096,,Lagos,Member,Male,Electronics,16553.53,-1,2024-07-11 00:00:00,Credit Card,7,6621.41,139049.65,?
INV-101097,ABUJA,Abuja,Member,Female,Food & Beverages,35950.14,7,2024-02-10 00:00:00,Credit Card,4,12582.55,264233.53,?
INV-101098,ABUJA,Abuja,Normal,Male,Electronics,7203.23,2,2024-04-27 00:00:00,Credit Card,8,720.32,15126.78,?
INV-101099, ogun,Abuja,Normal,Female,Fashion,14919.04,6,2024-09-03 00:00:00,Credit Card,7,4475.71,93989.95,?
INV-101100, ogun,Abuja,Normal,Female,Food & Beverages,7663.18,9,2025-03-03 00:00:00,Cash,6,3448.43,72417.05,?
INV-101101,ABUJA,Abuja,Normal,Male,Health & Beauty,40655.91,6,2024-02-18 00:00:00,Credit Card,5,12196.77,256132.23,?
INV-101102,Portharcourt,Lagos,Member,,Fashion,11521.14,4,2025-05-07 00:00:00,Ewallet,4,2304.23,48388.79,?
INV-101103,lagos ,Abuja,Normal,Female,Food & Beverages,36011.48,7,2024-01-17 00:00:00,Cash,9,12604.02,264684.38,?
INV-101104,ABUJA,Lagos,Normal,Female,Home Supplies,47193.27,3,2024-02-11 00:00:00,Credit Card,8,7078.99,148658.8,?
INV-101105,Portharcourt,Lagos,Normal,Female,Electronics,26624.72,5,2024-10-15 00:00:00,Cash,5,6656.18,139779.78,?
INV-101106,lagos ,Abuja,Normal,Male,Food & Beverages,27231.45,1,2025-01-19 00:00:00,Credit Card,8,1361.57,28593.02,?
INV-101107,ABUJA,Abuja,Normal,Female,Electronics,23321.16,3,2025-05-02 00:00:00,Ewallet,9,3498.17,73461.65,?
INV-101108,ABUJA,Port Harcourt,Normal,Female,Home Supplies,16631.56,8,2024-10-02 00:00:00,Ewallet,4,6652.62,139705.1,?
INV-101109, ogun,Lagos,Normal,Male,Food & Beverages,24044.92,9,2024-02-10 00:00:00,Ewallet,6,10820.21,227224.49,?
INV-101110,lagos ,Abuja,Member,Female,Health & Beauty,30338.97,9,2025-04-19 00:00:00,Cash,8,13652.54,286703.27,?
INV-101111,lagos ,Abuja,Normal,Female,Fashion,49306.58,2,2024-02-14 00:00:00,Ewallet,4,4930.66,103543.82,?
INV-101112,Portharcourt,Abuja,Normal,Female,Food & Beverages,46919.35,4,2025-09-10 00:00:00,Credit Card,8,9383.87,197061.27,?
INV-101113, ogun,Port Harcourt,Normal,Female,Home Supplies,43176.57,5,2025-08-07 00:00:00,Credit Card,5,10794.14,226676.99,?
INV-101114, ogun,Port Harcourt,Normal,Male,Food & Beverages,0,3,2024-11-23 00:00:00,Credit Card,8,6676.79,140212.67,?
INV-101115, ogun,Ogun,Member,Female,Electronics,23658.53,1,2024-05-06 00:00:00,Cash,5,1182.93,24841.46,?
INV-101116, ogun,Lagos,Member,Male,Sports Equipment,33043.49,6,2024-09-23 00:00:00,Cash,5,9913.05,208173.99,?
INV-101117,lagos ,Ogun,Member,Female,Food & Beverages,44805.8,2,2024-07-20 00:00:00,Ewallet,4,4480.58,94092.18,?
INV-101118,lagos ,Abuja,Member,Female,Health & Beauty,19951.06,9,2025-02-06 00:00:00,Cash,7,8977.98,188537.52,?
INV-101119,ABUJA,Port Harcourt,Member,Female,Food & Beverages,48107.24,1,2024-03-22 00:00:00,Credit Card,9,2405.36,50512.6,?
INV-101120,ABUJA,Port Harcourt,Member,Male,Fashion,21081.41,9,2024-03-18 00:00:00,Credit Card,8,9486.63,199219.32,?
INV-101121, ogun,Ogun,Normal,Female,Food & Beverages,30253.59,7,2025-06-09 00:00:00,Credit Card,6,10588.76,222363.89,?
INV-101122, ogun,Port Harcourt,Member,Female,,35635.33,2,2025-01-12 00:00:00,Cash,5,3563.53,74834.19,?
INV-101123, ogun,Abuja,Member,Male,Electronics,47554.3,6,2024-11-10 00:00:00,Credit Card,7,14266.29,299592.09,?
INV-101124,ABUJA,Port Harcourt,Normal,Male,Food & Beverages,12608.51,8,2024-01-11 00:00:00,Ewallet,5,5043.4,105911.48,?
INV-101125,Portharcourt,Ogun,Member,Male,Health & Beauty,37433.48,2,2025-03-01 00:00:00,Cash,7,3743.35,78610.31,?
INV-101126,Portharcourt,Abuja,Normal,Male,Home Supplies,26280.37,5,2025-01-04 00:00:00,Credit Card,7,6570.09,137971.94,?
INV-101127,ABUJA,Ogun,Normal,Female,Food & Beverages,13793.58,6,2025-02-16 00:00:00,Credit Card,6,4138.07,86899.55,?
INV-101128,ABUJA,Port Harcourt,Member,Female,Food & Beverages,38942.04,-1,2024-12-15 00:00:00,Cash,7,5841.31,122667.43,?
INV-101129,ABUJA,Ogun,Normal,Female,Fashion,27835,2,2024-08-07 00:00:00,Cash,6,2783.5,58453.5,?
INV-101130,ABUJA,Ogun,Member,Female,Health & Beauty,33218.2,6,2025-07-09 00:00:00,Ewallet,4,9965.46,209274.66,?
INV-101131,ABUJA,Lagos,Member,Male,Sports Equipment,16483.6,3,2025-09-22 00:00:00,Cash,5,2472.54,51923.34,?
INV-101132,ABUJA,Port Harcourt,Normal,Female,Home Supplies,24323.06,2,2025-06-24 00:00:00,Credit Card,6,2432.31,51078.43,?
INV-101133, ogun,Port Harcourt,Normal,Female,Electronics,31059.04,1,2024-03-17 00:00:00,Ewallet,9,1552.95,32611.99,?
INV-101134, ogun,Ogun,Member,Female,Food & Beverages,20543.09,8,2024-11-11 00:00:00,Credit Card,5,8217.24,172561.96,?
INV-101135, ogun,Lagos,Normal,Female,Sports Equipment,10319.44,1,2024-11-16 00:00:00,Credit Card,9,515.97,10835.41,?
INV-101136, ogun,Port Harcourt,Normal,Male,Home Supplies,48101.2,5,2024-11-07 00:00:00,Credit Card,8,12025.3,252531.3,?
INV-101137,ABUJA,Abuja,Member,Female,Electronics,25817.64,6,2025-09-03 00:00:00,Cash,9,7745.29,162651.13,?
INV-101138,Portharcourt,Ogun,Member,Female,Sports Equipment,36829.06,3,2024-10-29 00:00:00,Cash,4,5524.36,116011.54,?
INV-101139,lagos ,Port Harcourt,Normal,Female,Health & Beauty,20846.84,7,2025-05-16 00:00:00,Credit Card,8,7296.39,153224.27,?
INV-101140,ABUJA,Abuja,Member,Male,Health & Beauty,18079.02,2,2024-08-28 00:00:00,Cash,8,1807.9,37965.94,?
INV-101141,lagos ,Port Harcourt,Member,Male,Home Supplies,20654.63,7,2024-01-21 00:00:00,Credit Card,7,7229.12,151811.53,?
INV-101142,Portharcourt,Abuja,Member,Female,Electronics,20755.23,2,2025-05-09 00:00:00,Cash,9,2075.52,43585.98,?
INV-101143, ogun,Ogun,Member,Female,Health & Beauty,27436.92,5,2025-09-10 00:00:00,Cash,7,6859.23,144043.83,?
INV-101144,Portharcourt,Port Harcourt,Member,Female,Home Supplies,27401.76,7,2024-09-11 00:00:00,Cash,9,9590.62,201402.94,?
INV-101145,ABUJA,Port Harcourt,Member,Male,Health & Beauty,25109.11,3,2024-06-26 00:00:00,Ewallet,8,3766.37,79093.7,?
INV-101146, ogun,Lagos,Member,Female,Health & Beauty,7171.9,4,2024-07-03 00:00:00,Cash,7,1434.38,30121.98,?
INV-101147,ABUJA,Ogun,Normal,Female,Sports Equipment,25055.74,1,2025-07-26 00:00:00,Ewallet,5,1252.79,26308.53,?
INV-101148, ogun,Abuja,Member,Female,Sports Equipment,8870.64,3,2024-12-08 00:00:00,Ewallet,9,1330.6,27942.52,?
INV-101149,lagos ,Port Harcourt,Normal,Male,Health & Beauty,6743.72,9,2024-12-23 00:00:00,Ewallet,9,3034.67,63728.15,?
INV-101150,lagos ,Port Harcourt,Normal,Female,Fashion,46665.96,5,2024-12-21 00:00:00,Credit Card,7,11666.49,244996.29,?
INV-101151,lagos ,Abuja,Normal,Female,Sports Equipment,30445.03,-1,2024-01-05 00:00:00,Cash,9,12178.01,255738.25,?
INV-101152,Portharcourt,Ogun,Member,Male,Electronics,33144.76,2,2025-10-16 00:00:00,Credit Card,8,3314.48,69604,?
INV-101153,ABUJA,Lagos,Member,Male,Home Supplies,20388.79,3,2025-01-25 00:00:00,Ewallet,7,3058.32,64224.69,?
INV-101154,Portharcourt,Lagos,Normal,Female,Home Supplies,45494.55,7,2024-05-27 00:00:00,Cash,7,15923.09,334384.94,?
INV-101155,lagos ,Port Harcourt,Member,Male,Electronics,32077.56,4,2024-12-26 00:00:00,Credit Card,6,6415.51,134725.75,?
INV-101156,ABUJA,Abuja,Normal,Female,Electronics,38573.91,9,2025-01-24 00:00:00,Ewallet,6,17358.26,364523.45,?
INV-101157,,Port Harcourt,Member,Male,Electronics,18743.84,7,2025-04-05 00:00:00,Credit Card,8,6560.34,137767.22,?
INV-101158,Portharcourt,Abuja,Member,Male,Electronics,48020.59,1,2024-01-17 00:00:00,Credit Card,5,2401.03,50421.62,?
INV-101159,Portharcourt,Lagos,Normal,Female,Food & Beverages,41112.83,4,2024-03-12 00:00:00,Cash,9,8222.57,172673.89,?
INV-101160,Portharcourt,Ogun,Normal,Female,Home Supplies,42770.45,6,2024-06-18 00:00:00,Cash,4,12831.14,269453.84,?
INV-101161,lagos ,Abuja,Normal,Female,Food & Beverages,9023.62,-1,2025-07-22 00:00:00,Credit Card,9,2707.09,56848.81,?
INV-101162,,Lagos,Member,Male,Health & Beauty,13912.68,6,2025-04-24 00:00:00,Cash,4,4173.8,87649.88,?
INV-101163,ABUJA,Port Harcourt,Normal,Female,Health & Beauty,14638.52,5,2024-06-21 00:00:00,Cash,8,3659.63,76852.23,?
INV-101164,lagos ,Abuja,Member,Female,Home Supplies,13910.01,3,2025-08-18 00:00:00,Credit Card,5,2086.5,43816.53,?
INV-101165,ABUJA,Ogun,Member,Female,Health & Beauty,42842.7,2,2024-02-11 00:00:00,Cash,5,4284.27,89969.67,?
INV-101166,lagos ,Port Harcourt,Member,Female,Electronics,2078.3,3,2025-09-18 00:00:00,Cash,5,311.75,6546.65,?
INV-101167,ABUJA,Port Harcourt,Normal,Female,Food & Beverages,4266.95,9,2024-01-10 00:00:00,Ewallet,6,1920.13,40322.68,?
INV-101168, ogun,Lagos,Normal,Male,Electronics,14058.79,3,2025-08-11 00:00:00,,8,2108.82,44285.19,?
INV-101169, ogun,Abuja,Normal,Female,Health & Beauty,10393.71,3,2024-07-16 00:00:00,Ewallet,4,1559.06,32740.19,?
INV-101170,Portharcourt,Port Harcourt,Member,Female,Sports Equipment,11977.05,1,2024-10-02 00:00:00,Credit Card,5,598.85,12575.9,?
INV-101171, ogun,Ogun,Member,Male,Food & Beverages,39998.19,2,2025-09-06 00:00:00,Ewallet,8,3999.82,83996.2,?
INV-101172, ogun,Abuja,Normal,Female,Electronics,28374.77,3,2025-08-13 00:00:00,Credit Card,9,4256.22,89380.53,?
INV-101173, ogun,Ogun,Member,Female,Home Supplies,785.65,2,2024-07-17 00:00:00,Cash,4,78.56,1649.86,?
INV-101174,lagos ,Port Harcourt,Member,Female,Electronics,21751.48,8,2025-09-02 00:00:00,Cash,6,8700.59,182712.43,?
INV-101175, ogun,Ogun,Normal,Female,Sports Equipment,20690.3,6,2025-02-06 00:00:00,Ewallet,7,6207.09,130348.89,?
INV-101176, ogun,Lagos,Normal,Female,Health & Beauty,6140.29,7,2024-08-28 00:00:00,Credit Card,4,2149.1,45131.13,?
INV-101177,Portharcourt,Ogun,Normal,Male,Food & Beverages,33969.02,1,2025-07-24 00:00:00,Cash,9,1698.45,35667.47,?
INV-101178, ogun,Abuja,Member,Male,Home Supplies,35253.81,6,2025-09-05 00:00:00,Ewallet,4,10576.14,222099,?
INV-101179, ogun,Ogun,Member,Male,Food & Beverages,36184.21,2,2024-11-26 00:00:00,Ewallet,4,3618.42,75986.84,?
INV-101180,ABUJA,Ogun,Member,Female,Home Supplies,36559.31,6,2024-01-23 00:00:00,Ewallet,7,10967.79,230323.65,?
INV-101181,Portharcourt,Lagos,Member,Male,Food & Beverages,502.61,3,2024-02-25 00:00:00,Cash,5,75.39,1583.22,?
INV-101182,Portharcourt,Ogun,Member,Female,Health & Beauty,47719.08,7,2025-07-21 00:00:00,Credit Card,9,16701.68,350735.24,?
INV-101183,Portharcourt,Ogun,Normal,Female,Home Supplies,40803.33,3,2024-03-21 00:00:00,Cash,7,6120.5,128530.49,?
INV-101184,Portharcourt,Port Harcourt,Member,Female,Fashion,45247.09,9,2025-06-13 00:00:00,Cash,4,20361.19,427585,?
INV-101185,Portharcourt,Port Harcourt,Member,Male,Food & Beverages,1274.34,3,2024-10-26 00:00:00,Credit Card,9,191.15,4014.17,?
INV-101186,Portharcourt,Abuja,Member,Male,Food & Beverages,46726.01,7,2024-10-27 00:00:00,Ewallet,6,16354.1,343436.17,?
INV-101187,lagos ,Port Harcourt,Normal,Male,Electronics,40584.53,4,2024-08-13 00:00:00,Cash,4,8116.91,170455.03,?
INV-101188, ogun,Port Harcourt,Normal,Female,Home Supplies,41942.35,8,2024-10-25 00:00:00,Ewallet,6,16776.94,352315.74,?
INV-101189,,Port Harcourt,Normal,Male,,5117.73,2,2024-02-20 00:00:00,Ewallet,8,511.77,10747.23,?
INV-101190, ogun,Port Harcourt,Member,Female,Fashion,37069.51,8,2024-08-01 00:00:00,Credit Card,6,14827.8,311383.88,?
INV-101191, ogun,Lagos,Normal,Male,Health & Beauty,48015.88,9,2025-10-17 00:00:00,Credit Card,4,21607.15,453750.07,?
INV-101192,lagos ,Port Harcourt,Normal,Male,Electronics,34088.09,8,2025-10-09 00:00:00,Credit Card,7,13635.24,286339.96,?
INV-101193,Portharcourt,Lagos,Normal,Female,Fashion,28742.79,6,2024-04-08 00:00:00,Ewallet,4,8622.84,181079.58,?
INV-101194,ABUJA,Lagos,Member,Female,Home Supplies,47308.67,1,2025-04-22 00:00:00,Ewallet,4,2365.43,49674.1,?
INV-101195,lagos ,Port Harcourt,Normal,Male,Fashion,22425.39,7,2025-05-22 00:00:00,Cash,8,7848.89,164826.62,?
INV-101196,ABUJA,Ogun,Member,Male,Food & Beverages,30165.03,1,2025-04-14 00:00:00,Ewallet,5,1508.25,31673.28,?
INV-101197, ogun,Lagos,Member,Male,Food & Beverages,24078.75,7,2024-07-20 00:00:00,Credit Card,4,8427.56,176978.81,?
INV-101198, ogun,Ogun,Normal,Female,Electronics,46675.89,2,2024-10-18 00:00:00,Credit Card,8,4667.59,98019.37,?
INV-101199,lagos ,Ogun,Member,Female,Home Supplies,4266.19,8,2024-05-20 00:00:00,Credit Card,7,1706.48,35836,?
INV-101200,lagos ,Port Harcourt,Normal,Male,Home Supplies,25305.43,2,2025-02-11 00:00:00,Credit Card,8,2530.54,53141.4,?
INV-101201,ABUJA,Abuja,Member,Male,Fashion,34504.15,3,2025-01-19 00:00:00,Ewallet,8,5175.62,108688.07,?
INV-101202,Portharcourt,Port Harcourt,Normal,Female,Electronics,39699.37,3,2024-04-11 00:00:00,Credit Card,6,5954.91,125053.02,?
INV-101203,ABUJA,Abuja,Normal,Male,Home Supplies,29359.42,1,2024-09-07 00:00:00,Cash,5,1467.97,30827.39,?
INV-101204,lagos ,Abuja,Normal,Female,,45491.43,5,2024-11-13 00:00:00,Ewallet,5,11372.86,238830.01,?
INV-101205,ABUJA,Port Harcourt,Member,Female,Sports Equipment,47128.58,5,2024-12-18 00:00:00,Credit Card,9,11782.15,247425.05,?
INV-101206,lagos ,Port Harcourt,Normal,Female,Food & Beverages,3683.8,5,2024-07-09 00:00:00,Cash,7,920.95,19339.95,?
INV-101207,ABUJA,Abuja,Member,Female,Fashion,20417.34,9,2024-09-15 00:00:00,Credit Card,9,9187.8,192943.86,?
INV-101208,lagos ,Port Harcourt,Normal,Female,Health & Beauty,1661.22,6,2024-01-21 00:00:00,Ewallet,8,498.37,10465.69,?
INV-101209,lagos ,Abuja,Member,,Food & Beverages,16806.12,6,2025-04-26 00:00:00,Ewallet,7,5041.84,105878.56,?
INV-101210,lagos ,Ogun,Member,Male,Electronics,27074.98,3,2024-11-20 00:00:00,Cash,7,4061.25,85286.19,?
INV-101211,Portharcourt,Port Harcourt,Normal,Female,Home Supplies,45584.35,5,2024-07-17 00:00:00,Ewallet,5,11396.09,239317.84,?
INV-101212,ABUJA,Ogun,Normal,Female,Food & Beverages,42404.44,7,2025-01-26 00:00:00,Cash,5,14841.55,311672.63,?
INV-101213,ABUJA,Lagos,Normal,Male,Health & Beauty,6811.24,-1,2025-09-08 00:00:00,Credit Card,5,1021.69,21455.41,?
INV-101214,ABUJA,Ogun,Normal,Female,Health & Beauty,5105,2,2024-10-17 00:00:00,Ewallet,4,510.5,10720.5,?
INV-101215,lagos ,Ogun,Normal,Male,Sports Equipment,29668.73,5,2024-11-12 00:00:00,Credit Card,8,7417.18,155760.83,?
INV-101216,ABUJA,Abuja,Member,Female,Electronics,26839.84,3,2024-05-11 00:00:00,Credit Card,7,4025.98,84545.5,?
INV-101217,ABUJA,Ogun,Normal,Male,Food & Beverages,13685.69,5,2024-07-25 00:00:00,Ewallet,8,3421.42,71849.87,?
INV-101218,,Port Harcourt,Normal,Male,Fashion,45022.93,9,2024-07-07 00:00:00,Credit Card,7,20260.32,425466.69,?
INV-101219, ogun,Abuja,Member,Female,,46404.64,1,2025-10-05 00:00:00,Cash,7,2320.23,48724.87,?
INV-101220,lagos ,Lagos,Normal,Female,Sports Equipment,20429.27,4,2025-10-02 00:00:00,Cash,9,4085.85,85802.93,?
INV-101221,ABUJA,Port Harcourt,Normal,Female,Health & Beauty,44569.98,5,2024-09-03 00:00:00,Cash,7,11142.5,233992.4,?
INV-101222,lagos ,Lagos,Member,Female,Electronics,19505.47,2,2025-01-19 00:00:00,Ewallet,7,1950.55,40961.49,?
INV-101223, ogun,Ogun,Normal,Male,Electronics,36972.43,2,2024-12-12 00:00:00,Credit Card,6,3697.24,77642.1,?
INV-101224,lagos ,Port Harcourt,Normal,Male,Fashion,24059.14,1,2025-04-26 00:00:00,Credit Card,6,1202.96,25262.1,?
INV-101225,ABUJA,Port Harcourt,Normal,Male,Electronics,6567.87,8,2024-09-22 00:00:00,Credit Card,9,2627.15,55170.11,?
INV-101226, ogun,Lagos,Member,Female,Sports Equipment,46432.74,2,2024-12-11 00:00:00,Credit Card,4,4643.27,97508.75,?
INV-101227,Portharcourt,Port Harcourt,Normal,Male,Sports Equipment,22977.78,3,2025-09-28 00:00:00,Cash,5,3446.67,72380.01,?
INV-101228,ABUJA,Port Harcourt,Member,Female,Sports Equipment,36857.11,2,2024-08-27 00:00:00,Ewallet,7,3685.71,77399.93,?
INV-101229, ogun,Port Harcourt,Normal,Female,Electronics,18675.1,4,2024-06-27 00:00:00,Cash,8,3735.02,78435.42,?
INV-101230, ogun,Ogun,Member,Male,Electronics,1434.6,1,2024-10-13 00:00:00,Cash,6,71.73,1506.33,?
INV-101231,Portharcourt,Lagos,Normal,Female,Sports Equipment,5476.25,3,2024-08-18 00:00:00,Ewallet,5,821.44,17250.19,?
INV-101232,lagos ,Port Harcourt,Member,Male,Electronics,25062.86,5,2024-01-03 00:00:00,Ewallet,4,6265.72,131580.02,?
INV-101233,lagos ,Abuja,Member,Female,Electronics,34653.24,1,2025-06-14 00:00:00,Cash,5,1732.66,36385.9,?
INV-101234,ABUJA,Abuja,Member,Male,Health & Beauty,17069.4,4,2025-08-29 00:00:00,Credit Card,7,3413.88,71691.48,?
INV-101235,Portharcourt,Abuja,Member,Female,Food & Beverages,34926.68,6,2025-09-04 00:00:00,Ewallet,5,10478,220038.08,?
INV-101236,lagos ,Abuja,Member,Male,Home Supplies,35082.46,4,2024-01-14 00:00:00,Ewallet,7,7016.49,147346.33,?
INV-101237,Portharcourt,Ogun,Member,Male,Electronics,35344.83,7,2024-06-17 00:00:00,Cash,9,12370.69,259784.5,?
INV-101238,lagos ,Port Harcourt,Normal,Female,Home Supplies,24879.83,7,2025-09-29 00:00:00,Credit Card,6,8707.94,182866.75,?
INV-101239, ogun,Lagos,Normal,Female,Home Supplies,45786.86,6,2024-10-17 00:00:00,Ewallet,6,13736.06,288457.22,?
INV-101240,,Port Harcourt,Member,Male,Health & Beauty,24715.23,9,2025-10-08 00:00:00,Cash,7,11121.85,233558.92,?
INV-101241,Portharcourt,Ogun,Member,Female,,22788.13,2,2025-07-13 00:00:00,Ewallet,8,2278.81,47855.07,?
INV-101242, ogun,Abuja,Member,Female,Sports Equipment,10369.35,8,2024-04-22 00:00:00,Credit Card,6,4147.74,87102.54,?
INV-101243, ogun,Ogun,Member,Female,Home Supplies,15728.93,8,2025-09-07 00:00:00,Cash,8,6291.57,132123.01,?
INV-101244, ogun,Port Harcourt,Normal,Male,Electronics,2595.56,4,2025-01-06 00:00:00,Cash,7,519.11,10901.35,?
INV-101245,Portharcourt,Lagos,Member,Male,Fashion,31860,6,2025-05-17 00:00:00,Credit Card,9,9558,200718,?
INV-101246,ABUJA,Ogun,Normal,Female,Sports Equipment,12802.52,6,2025-03-09 00:00:00,Cash,7,3840.76,80655.88,?
INV-101247,ABUJA,Lagos,Normal,Female,Fashion,15555.69,5,2024-01-11 00:00:00,Credit Card,9,3888.92,81667.37,?
INV-101248,ABUJA,Ogun,Member,Male,Fashion,38655.32,1,2024-07-27 00:00:00,Cash,6,1932.77,40588.09,?
INV-101249,Portharcourt,Lagos,Member,Female,Home Supplies,16697.45,3,2024-04-03 00:00:00,Credit Card,8,2504.62,52596.97,?
INV-101250, ogun,Lagos,Normal,Male,Fashion,12488.7,7,2025-07-17 00:00:00,Ewallet,7,4371.05,91791.95,?
INV-101251,,Abuja,Normal,Female,Health & Beauty,8868.36,8,2024-06-26 00:00:00,Ewallet,6,3547.34,74494.22,?
INV-101252,Portharcourt,Lagos,Member,Female,Health & Beauty,38855.49,2,2024-11-22 00:00:00,Ewallet,9,3885.55,81596.53,?
INV-101253,ABUJA,Abuja,Member,,Home Supplies,6920.46,3,2025-08-21 00:00:00,Cash,7,1038.07,21799.45,?
INV-101254,lagos ,Port Harcourt,Member,Male,,22960.81,4,2024-05-24 00:00:00,Credit Card,9,4592.16,96435.4,?
INV-101255,ABUJA,Port Harcourt,Normal,Male,Food & Beverages,25593.04,5,2025-07-17 00:00:00,Credit Card,5,6398.26,134363.46,?
INV-101256,ABUJA,Abuja,Normal,Male,Electronics,34525.8,3,2025-05-14 00:00:00,Ewallet,9,5178.87,108756.27,?
INV-101257, ogun,Abuja,Member,Male,Electronics,31847.53,5,2025-10-15 00:00:00,Ewallet,5,7961.88,167199.53,?
INV-101258,Portharcourt,Ogun,Normal,Female,Electronics,40630.67,8,2024-12-02 00:00:00,Ewallet,6,16252.27,341297.63,?
INV-101259,,Ogun,Normal,Female,Electronics,2715.2,8,2024-07-16 00:00:00,Credit Card,7,1086.08,22807.68,?
INV-101260, ogun,Ogun,Member,Male,Sports Equipment,15173.82,2,2025-05-02 00:00:00,Ewallet,6,1517.38,31865.02,?
INV-101261, ogun,Port Harcourt,Member,Female,Food & Beverages,14366.64,6,2024-04-05 00:00:00,Cash,4,4309.99,90509.83,?
INV-101262, ogun,Ogun,Normal,Female,Sports Equipment,7727.84,4,2024-11-15 00:00:00,Ewallet,9,1545.57,32456.93,?
INV-101263, ogun,Lagos,Normal,Male,Fashion,14814.32,9,2024-03-05 00:00:00,Ewallet,6,6666.44,139995.32,?
INV-101264,ABUJA,Lagos,Member,Female,Electronics,15833.38,2,2024-08-24 00:00:00,Credit Card,6,1583.34,33250.1,?
INV-101265, ogun,Ogun,Member,Female,Health & Beauty,26333.28,8,2024-06-09 00:00:00,Cash,5,10533.31,221199.55,?
INV-101266, ogun,Lagos,Member,Male,Home Supplies,33353.37,1,2024-06-30 00:00:00,Credit Card,9,1667.67,35021.04,?
INV-101267,Portharcourt,Port Harcourt,Member,Female,Home Supplies,19364.48,6,2024-08-17 00:00:00,,5,5809.34,121996.22,?
INV-101268,lagos ,Lagos,Member,Female,Sports Equipment,36113.78,1,2025-09-26 00:00:00,Cash,7,1805.69,37919.47,?
INV-101269,ABUJA,Port Harcourt,Normal,Female,Sports Equipment,17140.18,2,2024-03-09 00:00:00,Ewallet,6,1714.02,35994.38,?
INV-101270,ABUJA,Abuja,Normal,Male,Health & Beauty,14869.04,3,2025-07-26 00:00:00,Ewallet,9,2230.36,46837.48,?
INV-101271,ABUJA,Abuja,Normal,Male,Electronics,27288.81,9,2025-07-27 00:00:00,Credit Card,6,12279.96,257879.25,?
INV-101272, ogun,Abuja,Normal,Female,Food & Beverages,1673.96,5,2024-12-15 00:00:00,Credit Card,7,418.49,8788.29,?
INV-101273, ogun,Abuja,Member,Female,Fashion,4449.56,2,2024-10-12 00:00:00,,8,444.96,9344.08,?
INV-101274, ogun,Lagos,Member,Female,Home Supplies,21189.49,5,2024-03-12 00:00:00,Cash,7,5297.37,111244.82,?
INV-101275,Portharcourt,Ogun,Member,Male,Fashion,47174.18,5,2024-04-15 00:00:00,Credit Card,5,11793.54,247664.44,?
INV-101276,lagos ,Lagos,Normal,Male,Food & Beverages,36214.83,1,2024-07-20 00:00:00,Cash,5,1810.74,38025.57,?
INV-101277,,Port Harcourt,Normal,Male,Sports Equipment,4862.27,3,2024-07-01 00:00:00,Cash,6,729.34,15316.15,?
INV-101278,lagos ,Lagos,Normal,Female,Home Supplies,42392.74,5,2024-11-14 00:00:00,Cash,5,10598.18,222561.88,?
INV-101279,Portharcourt,Lagos,Member,Female,Fashion,36748.89,9,2024-12-15 00:00:00,Cash,9,16537,347277.01,?
INV-101280,ABUJA,Port Harcourt,Normal,Female,Sports Equipment,30741.85,1,2024-06-06 00:00:00,Cash,7,1537.09,32278.94,?
INV-101281, ogun,Abuja,Member,Female,Food & Beverages,41104.5,8,2024-03-21 00:00:00,Ewallet,6,16441.8,345277.8,?
INV-101282,lagos ,Abuja,Member,Female,Fashion,0,1,2024-01-06 00:00:00,Cash,7,1025.17,21528.61,?
INV-101283,lagos ,Abuja,Member,Male,Electronics,11464.3,9,2024-07-02 00:00:00,Cash,7,5158.94,108337.64,?
INV-101284, ogun,Ogun,Member,Female,Sports Equipment,25845.16,6,2024-12-29 00:00:00,Ewallet,6,7753.55,162824.51,?
INV-101285,ABUJA,Port Harcourt,Member,Female,Food & Beverages,27667.67,1,2024-05-20 00:00:00,Ewallet,8,1383.38,29051.05,?
INV-101286,ABUJA,Port Harcourt,Member,Female,Fashion,27147.16,8,2024-04-19 00:00:00,Ewallet,5,10858.86,228036.14,?
INV-101287,ABUJA,Lagos,Normal,Male,Electronics,28471.15,5,2025-10-02 00:00:00,Credit Card,4,7117.79,149473.54,?
INV-101288,Portharcourt,Ogun,Member,Female,Electronics,47460.89,7,2024-10-15 00:00:00,Credit Card,4,16611.31,348837.54,?
INV-101289,lagos ,Abuja,Member,Male,Food & Beverages,45161.16,7,2024-06-13 00:00:00,Cash,4,15806.41,331934.53,?
INV-101290,lagos ,Ogun,Normal,Male,Health & Beauty,43847.99,7,2025-09-13 00:00:00,Cash,5,15346.8,322282.73,?
INV-101291,lagos ,Port Harcourt,Member,Male,Home Supplies,40170.13,6,2025-09-25 00:00:00,Cash,8,12051.04,253071.82,?
INV-101292,Portharcourt,Port Harcourt,Normal,Male,Food & Beverages,47199.69,8,2025-10-09 00:00:00,Cash,7,18879.88,396477.4,?
INV-101293,lagos ,Lagos,Normal,Male,Electronics,5375.48,9,2025-03-25 00:00:00,Ewallet,6,2418.97,50798.29,?
INV-101294,Portharcourt,Lagos,Normal,Female,Electronics,13623.6,2,2024-04-24 00:00:00,Credit Card,8,1362.36,28609.56,?
INV-101295,ABUJA,Port Harcourt,Member,Female,Food & Beverages,25005.27,7,2024-12-07 00:00:00,Ewallet,4,8751.84,183788.73,?
INV-101296, ogun,Abuja,Member,Male,Health & Beauty,42403.46,2,2024-04-22 00:00:00,Credit Card,9,4240.35,89047.27,?
INV-101297,lagos ,Abuja,Normal,Male,Home Supplies,25505.7,6,2024-12-22 00:00:00,Ewallet,5,7651.71,160685.91,?
INV-101298,lagos ,Ogun,Member,Male,Fashion,37527.72,2,2025-04-11 00:00:00,Cash,5,3752.77,78808.21,?
INV-101299,ABUJA,Port Harcourt,Member,Female,Food & Beverages,7378.52,6,2024-04-24 00:00:00,Credit Card,6,2213.56,46484.68,?
INV-101300, ogun,Port Harcourt,Normal,Female,Home Supplies,12994.48,2,2025-03-28 00:00:00,Cash,9,1299.45,27288.41,?
INV-101301,Portharcourt,Abuja,Normal,Male,Home Supplies,36722.92,1,2024-11-04 00:00:00,Credit Card,7,1836.15,38559.07,?
INV-101302, ogun,Abuja,Member,Female,Sports Equipment,8654.33,7,2024-11-19 00:00:00,Credit Card,8,3029.02,63609.33,?
INV-101303,ABUJA,Port Harcourt,Normal,Female,Electronics,17892.12,3,2025-05-26 00:00:00,Cash,9,2683.82,56360.18,?
INV-101304,ABUJA,Lagos,Normal,Male,Fashion,13610.88,4,2024-10-04 00:00:00,Cash,8,2722.18,57165.7,?
INV-101305,,Port Harcourt,Normal,Male,Food & Beverages,17818.15,6,2024-04-30 00:00:00,Cash,8,5345.45,112254.35,?
INV-101306,Portharcourt,Port Harcourt,Member,Female,Electronics,35562.04,5,2024-01-28 00:00:00,Ewallet,7,8890.51,186700.71,?
INV-101307,Portharcourt,Abuja,Member,Female,Sports Equipment,18708.44,4,2025-01-26 00:00:00,Credit Card,7,3741.69,78575.45,?
INV-101308,lagos ,Abuja,Member,Female,Sports Equipment,27985.53,9,2025-10-18 00:00:00,Credit Card,7,12593.49,264463.26,?
INV-101309,Portharcourt,Lagos,Normal,Male,Electronics,5446.63,6,2024-08-02 00:00:00,Credit Card,6,1633.99,34313.77,?
INV-101310, ogun,Lagos,Member,Male,Health & Beauty,40348.38,6,2025-05-26 00:00:00,Cash,5,12104.51,254194.79,?
INV-101311,ABUJA,Ogun,Normal,Male,Home Supplies,18809.49,2,2025-09-25 00:00:00,Credit Card,4,1880.95,39499.93,?
INV-101312,lagos ,Port Harcourt,Member,Female,Food & Beverages,32602.44,6,2024-01-30 00:00:00,Credit Card,7,9780.73,205395.37,?
INV-101313,lagos ,Abuja,Member,Female,Food & Beverages,36406.79,7,2024-01-05 00:00:00,Cash,5,12742.38,267589.91,?
INV-101314,ABUJA,Lagos,Normal,Male,Food & Beverages,10878.22,8,2025-10-04 00:00:00,Cash,7,4351.29,91377.05,?
INV-101315,Portharcourt,Ogun,Member,Female,Electronics,44291.41,8,2025-01-22 00:00:00,Credit Card,4,17716.56,372047.84,?
INV-101316,ABUJA,Ogun,Normal,Male,Health & Beauty,31003.1,9,2024-04-26 00:00:00,Ewallet,9,13951.39,292979.29,?
INV-101317,Portharcourt,Abuja,Member,Female,Fashion,21721.89,3,2024-07-06 00:00:00,Cash,7,3258.28,68423.95,?
INV-101318,ABUJA,Abuja,Member,Male,Sports Equipment,9525.59,7,2025-07-28 00:00:00,Ewallet,5,3333.96,70013.09,?
INV-101319, ogun,Ogun,Normal,Female,Electronics,47143.9,7,2025-07-03 00:00:00,Ewallet,6,16500.37,346507.67,?
INV-101320,Portharcourt,Lagos,Normal,Female,Fashion,37875.88,-1,2024-08-16 00:00:00,Ewallet,9,1893.79,39769.67,?
INV-101321, ogun,Ogun,Normal,Male,Sports Equipment,10797.22,8,2025-08-10 00:00:00,,9,4318.89,90696.65,?
INV-101322,lagos ,Port Harcourt,Member,Male,Sports Equipment,17216.68,4,2025-05-21 00:00:00,Cash,9,3443.34,72310.06,?
INV-101323,ABUJA,Port Harcourt,Member,Male,Health & Beauty,40578.88,5,2024-04-01 00:00:00,Credit Card,4,10144.72,213039.12,?
INV-101324,lagos ,Abuja,Member,Male,Home Supplies,34936.04,6,2025-02-17 00:00:00,Credit Card,5,10480.81,220097.05,?
INV-101325,lagos ,Lagos,Normal,Male,Food & Beverages,38406.32,3,2024-07-05 00:00:00,Cash,8,5760.95,120979.91,?
INV-101326,lagos ,Lagos,Normal,Female,Fashion,22339.45,5,2024-09-25 00:00:00,Cash,8,5584.86,117282.11,?
INV-101327,lagos ,Port Harcourt,Normal,Male,Electronics,0,5,2025-04-18 00:00:00,Ewallet,8,8991.4,188819.3,?
INV-101328,ABUJA,Ogun,Member,Male,Fashion,19631.44,1,2024-11-16 00:00:00,Ewallet,6,981.57,20613.01,?
INV-101329,lagos ,Abuja,Member,Male,Home Supplies,10957.51,3,2024-05-05 00:00:00,Cash,7,1643.63,34516.16,?
INV-101330,ABUJA,Ogun,Normal,Male,Food & Beverages,31817.51,3,2024-03-06 00:00:00,Credit Card,7,4772.63,100225.16,?
INV-101331,ABUJA,Ogun,Member,Male,Fashion,48812.69,1,2024-04-05 00:00:00,Ewallet,7,2440.63,51253.32,?
INV-101332, ogun,Ogun,Normal,Female,Home Supplies,15874.75,7,2024-08-30 00:00:00,Cash,6,5556.16,116679.41,?
INV-101333,Portharcourt,Lagos,Member,Male,Electronics,23317.99,1,2024-09-02 00:00:00,Cash,8,1165.9,24483.89,?
INV-101334,Portharcourt,Port Harcourt,Member,Male,Health & Beauty,33863.07,7,2024-04-26 00:00:00,Cash,9,11852.07,248893.56,?
INV-101335,ABUJA,Lagos,Normal,,Sports Equipment,27304.56,4,2025-05-21 00:00:00,Ewallet,7,5460.91,114679.15,?
INV-101336, ogun,Port Harcourt,Member,Female,Electronics,42249.68,9,2024-12-17 00:00:00,Cash,9,19012.36,399259.48,?
INV-101337,ABUJA,Abuja,Member,Female,Food & Beverages,38206.26,7,2025-07-25 00:00:00,Credit Card,9,13372.19,280816.01,?
INV-101338,ABUJA,Abuja,Normal,Male,Sports Equipment,3385.71,5,2025-07-21 00:00:00,Cash,6,846.43,17774.98,?
INV-101339,ABUJA,Ogun,Normal,Male,Electronics,49921.85,7,2024-03-25 00:00:00,Ewallet,6,17472.65,366925.6,?
INV-101340, ogun,Port Harcourt,Member,Female,Electronics,37743.92,9,2024-08-12 00:00:00,Credit Card,5,16984.76,356680.04,?
INV-101341,Portharcourt,Port Harcourt,Normal,Female,Electronics,43263.21,6,2024-01-06 00:00:00,Credit Card,7,12978.96,272558.22,?
INV-101342, ogun,Port Harcourt,Member,Female,Electronics,32734.29,1,2024-10-25 00:00:00,Cash,8,1636.71,34371,?
INV-101343,lagos ,Ogun,Normal,Male,Sports Equipment,42886.11,6,2025-09-18 00:00:00,Cash,4,12865.83,270182.49,?
INV-101344, ogun,Ogun,Member,Male,Food & Beverages,6062.96,1,2025-03-27 00:00:00,Credit Card,6,303.15,6366.11,?
INV-101345, ogun,Abuja,Member,Female,Home Supplies,17713.02,4,2024-08-13 00:00:00,Cash,9,3542.6,74394.68,?
INV-101346, ogun,Lagos,Normal,Male,Fashion,43882.84,8,2024-09-21 00:00:00,Ewallet,5,17553.14,368615.86,?
INV-101347, ogun,Port Harcourt,Member,Female,Health & Beauty,10481.93,5,2025-05-26 00:00:00,Credit Card,4,2620.48,55030.13,?
INV-101348,Portharcourt,Port Harcourt,Member,Female,Fashion,4372.98,5,2024-05-31 00:00:00,Cash,6,1093.24,22958.14,?
INV-101349,lagos ,Lagos,Normal,Female,Fashion,39511.89,8,2024-09-27 00:00:00,Credit Card,5,15804.76,331899.88,?
INV-101350,Portharcourt,Port Harcourt,Normal,Male,Health & Beauty,41856.56,8,2024-11-19 00:00:00,Cash,9,16742.62,351595.1,?
INV-101351,Portharcourt,Ogun,Member,Female,Sports Equipment,8551.28,-1,2024-03-07 00:00:00,Cash,7,427.56,8978.84,?
INV-101352, ogun,Ogun,Normal,Female,Food & Beverages,42790.13,5,2025-05-25 00:00:00,Ewallet,5,10697.53,224648.18,?
INV-101353,ABUJA,Port Harcourt,Normal,,Health & Beauty,34495.01,5,2024-03-15 00:00:00,Cash,6,8623.75,181098.8,?
INV-101354,ABUJA,Ogun,Member,Female,Food & Beverages,26244.09,8,2025-03-11 00:00:00,Cash,7,10497.64,220450.36,?
INV-101355,Portharcourt,Ogun,Member,,,41597.38,1,2024-03-26 00:00:00,Cash,9,2079.87,43677.25,?
INV-101356,,Port Harcourt,Normal,Female,Fashion,21252.84,7,2024-07-04 00:00:00,Ewallet,8,7438.49,156208.37,?
INV-101357, ogun,Abuja,Normal,,Food & Beverages,10102.7,7,2025-09-12 00:00:00,Cash,5,3535.95,74254.85,?
INV-101358,Portharcourt,Lagos,Normal,Female,Sports Equipment,14600.21,9,2025-02-06 00:00:00,Cash,4,6570.09,137971.98,?
INV-101359, ogun,Ogun,Member,Female,,25505.62,2,2025-03-09 00:00:00,Cash,9,2550.56,53561.8,?
INV-101360,ABUJA,Abuja,Member,Female,Home Supplies,26800.87,3,2025-03-27 00:00:00,Credit Card,7,4020.13,84422.74,?
INV-101361,ABUJA,Ogun,Member,Female,Health & Beauty,40376.25,4,2025-10-05 00:00:00,Ewallet,9,8075.25,169580.25,?
INV-101362,lagos ,Ogun,Member,Female,Home Supplies,39671.96,1,2025-06-23 00:00:00,Credit Card,7,1983.6,41655.56,?
INV-101363,ABUJA,Lagos,Member,Male,Fashion,29277.64,7,2025-09-25 00:00:00,Ewallet,9,10247.17,215190.65,?
INV-101364,Portharcourt,Ogun,Member,Male,Health & Beauty,39148.88,3,2024-07-28 00:00:00,Ewallet,8,5872.33,123318.97,?
INV-101365,ABUJA,Lagos,Member,Female,Fashion,9992.79,3,2024-09-25 00:00:00,Credit Card,5,1498.92,31477.29,?
INV-101366, ogun,Lagos,Normal,Female,Home Supplies,2978.19,3,2024-10-15 00:00:00,Ewallet,4,446.73,9381.3,?
INV-101367,ABUJA,Lagos,Normal,Female,Sports Equipment,43744.87,8,2025-08-22 00:00:00,Ewallet,8,17497.95,367456.91,?
INV-101368,lagos ,Abuja,Member,Male,Fashion,4239.95,9,2025-09-04 00:00:00,Credit Card,5,1907.98,40067.53,?
INV-101369,ABUJA,Port Harcourt,Member,Male,Health & Beauty,12711.08,2,2024-06-17 00:00:00,Cash,4,1271.11,26693.27,?
INV-101370, ogun,Abuja,Member,Female,Health & Beauty,34918.29,1,2024-07-12 00:00:00,Ewallet,9,1745.91,36664.2,?
INV-101371, ogun,Port Harcourt,Normal,Male,Fashion,20767.67,9,2024-04-02 00:00:00,Credit Card,4,9345.45,196254.48,?
INV-101372,Portharcourt,Port Harcourt,Member,Female,Health & Beauty,43877.54,6,2024-10-12 00:00:00,Ewallet,6,13163.26,276428.5,?
INV-101373,ABUJA,Lagos,Normal,Female,Sports Equipment,15250,9,2025-03-31 00:00:00,Credit Card,4,6862.5,144112.5,?
INV-101374, ogun,Ogun,Normal,Female,Sports Equipment,1087.63,6,2024-01-31 00:00:00,Cash,5,326.29,6852.07,?
INV-101375,lagos ,Lagos,Normal,Male,Health & Beauty,15382.45,2,2024-07-14 00:00:00,Ewallet,8,1538.24,32303.14,?
INV-101376,Portharcourt,Ogun,Normal,Female,Fashion,29114.71,1,2024-05-26 00:00:00,Cash,8,1455.74,30570.45,?
INV-101377,lagos ,Port Harcourt,Normal,Female,Home Supplies,19108.95,8,2024-06-20 00:00:00,Cash,6,7643.58,160515.18,?
INV-101378,ABUJA,Lagos,Member,Female,Health & Beauty,26976.2,3,2025-04-04 00:00:00,Credit Card,5,4046.43,84975.03,?
INV-101379,ABUJA,Ogun,Member,Male,Health & Beauty,43891.61,1,2024-03-10 00:00:00,Ewallet,4,2194.58,46086.19,?
INV-101380,ABUJA,Abuja,Normal,Male,Health & Beauty,45668.01,8,2025-05-30 00:00:00,Ewallet,6,18267.2,383611.28,?
INV-101381,Portharcourt,Ogun,Member,Male,Health & Beauty,13665.72,1,2024-02-27 00:00:00,Ewallet,9,683.29,14349.01,?
INV-101382, ogun,Lagos,Normal,Female,Fashion,23375.95,8,2025-03-02 00:00:00,Ewallet,7,9350.38,196357.98,?
INV-101383,,Abuja,Normal,Male,Home Supplies,27682.63,1,2024-09-12 00:00:00,Ewallet,9,1384.13,29066.76,?
INV-101384,lagos ,Ogun,Member,Female,Home Supplies,47481.07,9,2024-04-07 00:00:00,Credit Card,5,21366.48,448696.11,?
INV-101385,Portharcourt,Ogun,Member,Male,Food & Beverages,49931.56,9,2025-08-18 00:00:00,Ewallet,6,22469.2,471853.24,?
INV-101386,lagos ,Ogun,Member,Female,Health & Beauty,12152.66,9,2024-01-23 00:00:00,Cash,8,5468.7,114842.64,?
INV-101387,Portharcourt,Ogun,Member,Male,Health & Beauty,36485.5,3,2024-11-17 00:00:00,Cash,6,5472.83,114929.33,?
INV-101388, ogun,Ogun,Member,Female,Food & Beverages,19212.54,4,2024-01-27 00:00:00,Ewallet,7,3842.51,80692.67,?
INV-101389,lagos ,Abuja,Normal,Male,Home Supplies,901.36,5,2024-08-05 00:00:00,Credit Card,5,225.34,4732.14,?
INV-101390,ABUJA,Port Harcourt,Member,Male,Electronics,958,6,2024-01-25 00:00:00,Credit Card,6,287.4,6035.4,?
INV-101391,ABUJA,Abuja,Member,Male,Sports Equipment,23298.02,9,2024-07-30 00:00:00,Ewallet,9,10484.11,220166.29,?
INV-101392,Portharcourt,Abuja,Member,Female,Electronics,24672.58,4,2025-03-07 00:00:00,Cash,4,4934.52,103624.84,?
INV-101393,ABUJA,Abuja,Normal,Male,Home Supplies,1617.2,6,2024-08-03 00:00:00,Ewallet,9,485.16,10188.36,?
INV-101394,lagos ,Port Harcourt,Member,Male,Health & Beauty,34502.91,1,2025-06-03 00:00:00,Ewallet,5,1725.15,36228.06,?
INV-101395,ABUJA,Lagos,Normal,Male,Electronics,15053.17,2,2025-04-02 00:00:00,,6,1505.32,31611.66,?
INV-101396, ogun,Port Harcourt,Member,Male,Fashion,28214.71,8,2024-06-19 00:00:00,Credit Card,9,11285.88,237003.56,?
INV-101397, ogun,Abuja,Member,Female,Fashion,15395.49,4,2024-03-20 00:00:00,Credit Card,6,3079.1,64661.06,?
INV-101398,Portharcourt,Ogun,Normal,Male,Food & Beverages,8773.15,7,2024-06-29 00:00:00,Cash,9,3070.6,64482.65,?
INV-101399,lagos ,Ogun,Member,Female,Home Supplies,20655.1,4,2024-06-20 00:00:00,Cash,5,4131.02,86751.42,?
INV-101400, ogun,Abuja,Member,Female,Home Supplies,11997.53,9,2024-01-15 00:00:00,Ewallet,8,5398.89,113376.66,?
INV-101401, ogun,Ogun,Normal,Female,Electronics,26972.65,9,2024-08-12 00:00:00,Cash,9,12137.69,254891.54,?
INV-101402,lagos ,Abuja,Member,Female,Health & Beauty,10342.01,4,2024-03-30 00:00:00,Ewallet,4,2068.4,43436.44,?
INV-101403,ABUJA,Ogun,Normal,Male,Home Supplies,25666.1,8,2025-08-17 00:00:00,Cash,9,10266.44,215595.24,?
INV-101404,ABUJA,Port Harcourt,Normal,Female,Electronics,8290.24,6,2024-02-12 00:00:00,Ewallet,5,2487.07,52228.51,?
INV-101405,Portharcourt,Lagos,Normal,Female,Electronics,33713.25,1,2025-01-24 00:00:00,Credit Card,9,1685.66,35398.91,?
INV-101406,ABUJA,Lagos,Normal,Female,Sports Equipment,37819.92,7,2024-08-27 00:00:00,Ewallet,4,13236.97,277976.41,?
INV-101407,lagos ,Port Harcourt,Normal,Female,Sports Equipment,5964.51,1,2024-09-19 00:00:00,Credit Card,4,298.23,6262.74,?
INV-101408, ogun,Port Harcourt,Member,Male,Home Supplies,23656.22,3,2024-10-12 00:00:00,Credit Card,5,3548.43,74517.09,?
INV-101409,ABUJA,Abuja,Member,Male,Electronics,4008.15,8,2025-09-04 00:00:00,Cash,6,1603.26,33668.46,?
INV-101410,Portharcourt,Abuja,Member,,Food & Beverages,30110.03,9,2025-01-21 00:00:00,,9,13549.51,284539.78,?
INV-101411,ABUJA,Abuja,Normal,Female,Food & Beverages,13588.01,3,2025-08-27 00:00:00,Credit Card,8,2038.2,42802.23,?
INV-101412,lagos ,Ogun,Normal,Female,Sports Equipment,26617.41,1,2024-02-09 00:00:00,Ewallet,4,1330.87,27948.28,?
INV-101413,Portharcourt,Abuja,Normal,Male,Home Supplies,26114.32,1,2025-03-19 00:00:00,Ewallet,4,1305.72,27420.04,?
INV-101414,ABUJA,Port Harcourt,Normal,Male,Health & Beauty,46255.54,7,2025-04-10 00:00:00,Cash,9,16189.44,339978.22,?
INV-101415,Portharcourt,Lagos,Member,Male,Food & Beverages,27679.62,5,2024-09-19 00:00:00,Ewallet,6,6919.91,145318.01,?
INV-101416,lagos ,Ogun,Member,Male,Food & Beverages,29358.42,1,2025-03-30 00:00:00,Ewallet,9,1467.92,30826.34,?
INV-101417, ogun,Abuja,Normal,Male,Sports Equipment,20381.83,6,2025-03-12 00:00:00,Ewallet,5,6114.55,128405.53,?
INV-101418,lagos ,Ogun,Normal,Female,Sports Equipment,47479.44,6,2024-11-14 00:00:00,Credit Card,8,14243.83,299120.47,?
INV-101419,lagos ,Ogun,Member,Male,Home Supplies,38970.7,4,2025-05-16 00:00:00,Credit Card,9,7794.14,163676.94,?
INV-101420,lagos ,Abuja,Normal,Male,Sports Equipment,14627.56,7,2024-10-01 00:00:00,Ewallet,4,5119.65,107512.57,?
INV-101421,lagos ,Ogun,Normal,Female,Fashion,42288.37,7,2024-08-05 00:00:00,Cash,4,14800.93,310819.52,?
INV-101422, ogun,Lagos,Normal,Male,Electronics,21903.62,9,2024-05-05 00:00:00,Ewallet,5,9856.63,206989.21,?
INV-101423, ogun,Port Harcourt,Member,Male,Food & Beverages,41519.02,1,2024-04-21 00:00:00,Cash,6,2075.95,43594.97,?
INV-101424,Portharcourt,Port Harcourt,Member,Male,Fashion,41232.96,5,2024-09-26 00:00:00,Credit Card,9,10308.24,216473.04,?
INV-101425,ABUJA,Lagos,Normal,Female,Health & Beauty,9849.07,3,2024-06-20 00:00:00,Ewallet,7,1477.36,31024.57,?
INV-101426, ogun,Ogun,Member,Male,Fashion,35206.49,7,2025-06-11 00:00:00,Ewallet,6,12322.27,258767.7,?
INV-101427, ogun,Abuja,Normal,Female,Home Supplies,14886.83,4,2024-03-23 00:00:00,Cash,4,2977.37,62524.69,?
INV-101428,,Ogun,Normal,Female,Health & Beauty,15225.89,4,2025-09-21 00:00:00,,9,3045.18,63948.74,?
INV-101429, ogun,Lagos,Member,Male,Health & Beauty,15169.23,1,2025-08-07 00:00:00,Ewallet,4,758.46,15927.69,?
INV-101430,lagos ,Ogun,Normal,Male,Sports Equipment,36415.63,1,2024-07-21 00:00:00,Ewallet,8,1820.78,38236.41,?
INV-101431,lagos ,Port Harcourt,Normal,Male,Fashion,11876.39,2,2024-08-29 00:00:00,Cash,6,1187.64,24940.42,?
INV-101432,ABUJA,Ogun,Member,Male,Home Supplies,544.84,2,2025-05-12 00:00:00,Credit Card,7,54.48,1144.16,?
INV-101433,Portharcourt,Lagos,Normal,Female,Food & Beverages,35904.22,1,2024-09-24 00:00:00,Cash,8,1795.21,37699.43,?
INV-101434,Portharcourt,Port Harcourt,Normal,Male,Sports Equipment,8973.64,8,2024-01-30 00:00:00,Ewallet,7,3589.46,75378.58,?
INV-101435,ABUJA,Ogun,Normal,Female,Fashion,5671.88,6,2024-11-25 00:00:00,Credit Card,8,1701.56,35732.84,?
INV-101436,ABUJA,Ogun,Member,Female,Food & Beverages,12257.05,6,2025-10-19 00:00:00,Credit Card,6,3677.12,77219.42,?
INV-101437,lagos ,Port Harcourt,Normal,Female,Fashion,19305.08,9,2025-05-22 00:00:00,Credit Card,4,8687.29,182433.01,?
INV-101438,Portharcourt,Abuja,Member,Female,Sports Equipment,24057.36,5,2025-10-14 00:00:00,Credit Card,7,6014.34,126301.14,?
INV-101439, ogun,Port Harcourt,Normal,Female,Food & Beverages,2706.22,4,2024-04-12 00:00:00,Ewallet,6,541.24,11366.12,?
INV-101440,lagos ,Abuja,Normal,Male,Sports Equipment,48543.38,6,2025-09-11 00:00:00,Credit Card,7,14563.01,305823.29,?
INV-101441,,Lagos,Normal,Female,Fashion,35945.12,8,2025-04-05 00:00:00,Cash,6,14378.05,301939.01,?
INV-101442,Portharcourt,Lagos,Normal,Female,Health & Beauty,16498.11,1,2025-10-08 00:00:00,Cash,8,824.91,17323.02,?
INV-101443, ogun,Port Harcourt,Member,Male,Electronics,16275.51,7,2024-05-21 00:00:00,Cash,6,5696.43,119625,?
INV-101444, ogun,Port Harcourt,Member,Male,Health & Beauty,22702.86,8,2025-10-04 00:00:00,Ewallet,8,9081.14,190704.02,?
INV-101445,lagos ,Lagos,Normal,Female,Sports Equipment,31499.12,9,2024-04-09 00:00:00,Credit Card,4,14174.6,297666.68,?
INV-101446,Portharcourt,Abuja,Normal,Female,Sports Equipment,7745.47,8,2025-05-06 00:00:00,Cash,8,3098.19,65061.95,?
INV-101447,Portharcourt,Lagos,Normal,Male,Sports Equipment,9852.03,7,2025-07-23 00:00:00,Cash,5,3448.21,72412.42,?
INV-101448,ABUJA,Port Harcourt,Normal,Female,Food & Beverages,43042.01,3,2024-02-04 00:00:00,Cash,4,6456.3,135582.33,?
INV-101449,Portharcourt,Lagos,Normal,Male,,13184.62,2,2024-10-30 00:00:00,Credit Card,9,1318.46,27687.7,?
INV-101450,,Port Harcourt,Normal,Male,Sports Equipment,19319.65,3,2025-04-28 00:00:00,Cash,9,2897.95,60856.9,?
INV-101451,lagos ,Port Harcourt,Normal,Female,Health & Beauty,43627.96,4,2024-09-06 00:00:00,Credit Card,6,8725.59,183237.43,?
INV-101452,Portharcourt,Lagos,Normal,Male,Electronics,33325.82,4,2025-09-18 00:00:00,Credit Card,6,6665.16,139968.44,?
INV-101453, ogun,Abuja,Member,Female,Sports Equipment,17414.74,6,2024-05-02 00:00:00,Credit Card,5,5224.42,109712.86,?
INV-101454,lagos ,Ogun,Member,Female,Sports Equipment,34343.13,7,2024-03-21 00:00:00,Ewallet,6,12020.1,252422.01,?
INV-101455,lagos ,Lagos,Member,Female,Sports Equipment,1474.32,4,2024-11-12 00:00:00,Ewallet,4,294.86,6192.14,?
INV-101456,ABUJA,Ogun,Normal,Male,Food & Beverages,36914.31,6,2024-07-13 00:00:00,Credit Card,4,11074.29,232560.15,?
INV-101457,Portharcourt,Lagos,Normal,Female,Sports Equipment,24607.29,9,2024-10-21 00:00:00,Credit Card,8,11073.28,232538.89,?
INV-101458,ABUJA,Ogun,Normal,Male,Health & Beauty,40752.52,6,2024-07-24 00:00:00,Ewallet,7,12225.76,256740.88,?
INV-101459, ogun,Abuja,Member,Female,Fashion,47754.56,3,2025-09-01 00:00:00,Ewallet,6,7163.18,150426.86,?
INV-101460,lagos ,Abuja,Normal,Female,Home Supplies,46326.53,1,2024-11-18 00:00:00,Credit Card,5,2316.33,48642.86,?
INV-101461,lagos ,Lagos,Member,Male,Sports Equipment,45508.62,5,2024-03-25 00:00:00,Ewallet,9,11377.16,238920.26,?
INV-101462,lagos ,Port Harcourt,Normal,Female,Food & Beverages,25852.41,3,2025-10-17 00:00:00,Cash,4,3877.86,81435.09,?
INV-101463, ogun,Ogun,Member,Female,Health & Beauty,18327.03,8,2025-06-30 00:00:00,Credit Card,4,7330.81,153947.05,?
INV-101464, ogun,Port Harcourt,Member,Male,Sports Equipment,23519.25,1,2024-07-04 00:00:00,Credit Card,4,1175.96,24695.21,?
INV-101465,ABUJA,Port Harcourt,Member,Male,Food & Beverages,34649.85,2,2024-10-04 00:00:00,Ewallet,7,3464.98,72764.68,?
INV-101466,ABUJA,Port Harcourt,Normal,Male,Fashion,44257.89,3,2025-06-16 00:00:00,Cash,7,6638.68,139412.35,?
INV-101467,ABUJA,Abuja,Member,Female,Electronics,10745.82,3,2024-07-30 00:00:00,Ewallet,6,1611.87,33849.33,?
INV-101468,Portharcourt,Lagos,Normal,Male,Sports Equipment,45950.56,8,2025-08-12 00:00:00,Cash,9,18380.22,385984.7,?
INV-101469,lagos ,Lagos,Normal,Male,Health & Beauty,40851.42,5,2024-06-27 00:00:00,Cash,5,10212.86,214469.96,?
INV-101470,lagos ,Abuja,Normal,Female,Food & Beverages,48953.37,8,2025-06-01 00:00:00,Credit Card,7,19581.35,411208.31,?
INV-101471,ABUJA,Abuja,Normal,Male,Food & Beverages,44072.46,6,2024-06-02 00:00:00,Cash,8,13221.74,277656.5,?
INV-101472,lagos ,Lagos,Normal,Female,Sports Equipment,14356.9,2,2024-10-18 00:00:00,Credit Card,7,1435.69,30149.49,?
INV-101473,ABUJA,Port Harcourt,Member,Female,Food & Beverages,5744.82,4,2024-06-21 00:00:00,Cash,4,1148.96,24128.24,?
INV-101474,Portharcourt,Ogun,Normal,Male,Electronics,6055.93,9,2024-05-13 00:00:00,Credit Card,5,2725.17,57228.54,?
INV-101475,Portharcourt,Ogun,Normal,Female,Food & Beverages,14915.55,4,2024-11-27 00:00:00,Cash,6,2983.11,62645.31,?
INV-101476, ogun,Ogun,Normal,Male,Home Supplies,30902.09,5,2024-11-22 00:00:00,Ewallet,7,7725.52,162235.97,?
INV-101477,Portharcourt,Port Harcourt,Normal,,Home Supplies,40313.86,5,2024-07-09 00:00:00,Cash,4,10078.46,211647.76,?
INV-101478,ABUJA,Lagos,Normal,Male,Food & Beverages,45012.89,8,2024-12-02 00:00:00,Ewallet,8,18005.16,378108.28,?
INV-101479,Portharcourt,Abuja,Member,Male,Sports Equipment,31375.79,6,2024-03-23 00:00:00,Cash,8,9412.74,197667.48,?
INV-101480, ogun,Lagos,Member,,Home Supplies,778.75,7,2025-05-02 00:00:00,Cash,6,272.56,5723.81,?
INV-101481,lagos ,Port Harcourt,Normal,Female,Health & Beauty,9722.68,6,2024-10-15 00:00:00,Credit Card,6,2916.8,61252.88,?
INV-101482,ABUJA,Abuja,Member,Male,Home Supplies,5436.45,5,2025-06-22 00:00:00,Cash,7,1359.11,28541.36,?
INV-101483,lagos ,Port Harcourt,Member,Male,Food & Beverages,18484.56,5,2024-06-10 00:00:00,Cash,6,4621.14,97043.94,?
INV-101484, ogun,Ogun,Normal,Female,Sports Equipment,25316.87,3,2024-03-04 00:00:00,Cash,9,3797.53,79748.14,?
INV-101485, ogun,Ogun,Member,Male,Fashion,2648.16,7,2025-08-15 00:00:00,Ewallet,9,926.86,19463.98,?
INV-101486, ogun,Port Harcourt,Normal,Female,Sports Equipment,17749.66,5,2024-04-19 00:00:00,Credit Card,4,4437.42,93185.72,?
INV-101487,lagos ,Abuja,Member,Male,Sports Equipment,9369.39,-1,2025-01-10 00:00:00,Credit Card,4,3279.29,68865.02,?
INV-101488,lagos ,Abuja,Member,Female,Sports Equipment,32529.97,2,2025-08-14 00:00:00,Cash,4,3253,68312.94,?
INV-101489,lagos ,Lagos,Member,Female,Health & Beauty,0,9,2024-10-11 00:00:00,Cash,9,10566.67,221899.99,?
INV-101490,lagos ,Ogun,Normal,Female,Electronics,25018.22,8,2025-02-24 00:00:00,Ewallet,7,10007.29,210153.05,?
INV-101491, ogun,Lagos,Member,Male,Food & Beverages,21670.74,5,2025-01-15 00:00:00,Cash,7,5417.69,113771.39,?
INV-101492, ogun,Lagos,Member,Male,Electronics,47822.98,2,2024-01-31 00:00:00,Credit Card,6,4782.3,100428.26,?
INV-101493,ABUJA,Port Harcourt,Normal,,Fashion,11129.39,6,2024-12-03 00:00:00,Credit Card,7,3338.82,70115.16,?
INV-101494,ABUJA,Port Harcourt,Normal,Male,Electronics,26074.88,8,2025-04-06 00:00:00,Ewallet,4,10429.95,219028.99,?
INV-101495,lagos ,Lagos,Member,Male,Food & Beverages,36932.86,7,2025-03-02 00:00:00,Ewallet,5,12926.5,271456.52,?
INV-101496,Portharcourt,Ogun,Normal,Female,,28063.8,8,2024-01-09 00:00:00,Credit Card,4,11225.52,235735.92,?
INV-101497,Portharcourt,Port Harcourt,Member,Female,Fashion,46486.53,4,2024-08-19 00:00:00,Ewallet,9,9297.31,195243.43,?
INV-101498, ogun,Lagos,Member,Female,Food & Beverages,19209.43,3,2024-05-31 00:00:00,Cash,5,2881.41,60509.7,?
INV-101499, ogun,Lagos,Normal,Female,Fashion,23451.95,7,2025-07-15 00:00:00,Cash,6,8208.18,172371.83,?
INV-101500, ogun,Lagos,Normal,Female,Fashion,4881.85,2,2025-09-14 00:00:00,Ewallet,8,488.19,10251.89,?
INV-101501,ABUJA,Lagos,Normal,Female,Food & Beverages,30645.46,5,2025-06-21 00:00:00,Credit Card,7,7661.36,160888.66,?
INV-101502,ABUJA,Lagos,Member,Female,Home Supplies,14766.49,7,2024-03-20 00:00:00,Ewallet,7,5168.27,108533.7,?
INV-101503, ogun,Lagos,Normal,Male,Fashion,8435.3,1,2025-07-02 00:00:00,Credit Card,9,421.76,8857.06,?
INV-101504, ogun,Port Harcourt,Member,Female,Food & Beverages,27454.3,4,2024-01-16 00:00:00,Ewallet,4,5490.86,115308.06,?
INV-101505, ogun,Ogun,Normal,Male,Home Supplies,26849.36,2,2025-06-02 00:00:00,Ewallet,4,2684.94,56383.66,?
INV-101506,Portharcourt,Lagos,Member,Female,Fashion,4255.65,6,2024-05-20 00:00:00,,5,1276.7,26810.6,?
INV-101507,ABUJA,Abuja,Normal,Female,Home Supplies,35061.66,1,2025-06-03 00:00:00,Cash,7,1753.08,36814.74,?
INV-101508,Portharcourt,Port Harcourt,Member,Male,Health & Beauty,31376.72,7,2024-09-09 00:00:00,Cash,9,10981.85,230618.89,?
INV-101509,Portharcourt,Port Harcourt,Normal,Female,Sports Equipment,9856.36,3,2025-09-22 00:00:00,Credit Card,6,1478.45,31047.53,?
INV-101510, ogun,Lagos,Member,Male,Health & Beauty,23737.03,1,2024-02-02 00:00:00,Ewallet,4,1186.85,24923.88,?
INV-101511, ogun,Port Harcourt,Normal,Female,Home Supplies,36155.98,8,2024-10-28 00:00:00,Cash,7,14462.39,303710.23,?
INV-101512,lagos ,Lagos,Normal,Male,Fashion,26707.07,7,2025-05-23 00:00:00,Ewallet,8,9347.47,196296.96,?
INV-101513,lagos ,Ogun,Member,Female,Food & Beverages,20076.71,2,2024-09-27 00:00:00,Credit Card,9,2007.67,42161.09,?
INV-101514,Portharcourt,Ogun,Normal,Male,Electronics,16455.75,7,2024-03-31 00:00:00,Cash,5,5759.51,120949.76,?
INV-101515,ABUJA,Port Harcourt,Member,Male,Food & Beverages,30714.5,3,2025-07-06 00:00:00,Credit Card,4,4607.18,96750.68,?
INV-101516, ogun,Port Harcourt,Member,Female,Electronics,46985.88,9,2024-06-15 00:00:00,Cash,4,21143.65,444016.57,?
INV-101517, ogun,Abuja,Normal,Female,Electronics,33751.37,8,2025-01-19 00:00:00,Ewallet,6,13500.55,283511.51,?
INV-101518,Portharcourt,Port Harcourt,Member,Male,Fashion,4199.92,5,2025-03-11 00:00:00,,4,1049.98,22049.58,?
INV-101519,lagos ,Abuja,Normal,Female,Home Supplies,23303.91,7,2024-08-11 00:00:00,Cash,9,8156.37,171283.74,?
INV-101520,ABUJA,Ogun,Normal,Male,Food & Beverages,44595.79,3,2025-10-01 00:00:00,Cash,7,6689.37,140476.74,?
INV-101521,lagos ,Ogun,Member,Female,Home Supplies,5175.89,1,2024-01-08 00:00:00,Ewallet,7,258.79,5434.68,?
INV-101522,lagos ,Lagos,Normal,Male,Health & Beauty,49449.35,1,2024-06-10 00:00:00,,7,2472.47,51921.82,?
INV-101523,lagos ,Ogun,Member,Female,Fashion,47478.93,2,2024-03-24 00:00:00,Credit Card,8,4747.89,99705.75,?
INV-101524,lagos ,Abuja,Member,Male,Fashion,4374.59,8,2025-01-05 00:00:00,Credit Card,8,1749.84,36746.56,?
INV-101525, ogun,Port Harcourt,Normal,Female,Health & Beauty,46703.96,1,2025-04-12 00:00:00,Ewallet,4,2335.2,49039.16,?
INV-101526, ogun,Lagos,Normal,Male,Food & Beverages,18475.06,5,2025-01-11 00:00:00,Cash,8,4618.77,96994.07,?
INV-101527,lagos ,Abuja,Member,Male,Sports Equipment,42313.1,9,2025-01-17 00:00:00,Cash,8,19040.9,399858.8,?
INV-101528,ABUJA,Port Harcourt,Member,Female,Health & Beauty,21209.98,9,2024-10-30 00:00:00,Credit Card,6,9544.49,200434.31,?
INV-101529,Portharcourt,Lagos,Normal,Female,,22322.33,2,2024-06-22 00:00:00,Cash,8,2232.23,46876.89,?
INV-101530,ABUJA,Ogun,Normal,Male,,31895.03,7,2025-02-25 00:00:00,Credit Card,5,11163.26,234428.47,?
INV-101531,ABUJA,Abuja,Normal,Male,Fashion,38836.63,1,2024-05-05 00:00:00,Ewallet,5,1941.83,40778.46,?
INV-101532,ABUJA,Port Harcourt,Normal,Male,Food & Beverages,2172.56,3,2025-06-11 00:00:00,Ewallet,5,325.88,6843.56,?
INV-101533,lagos ,Lagos,Member,Male,Home Supplies,29861.22,6,2025-05-14 00:00:00,Ewallet,4,8958.37,188125.69,?
INV-101534, ogun,Lagos,Normal,Female,Home Supplies,9743.28,9,2024-08-26 00:00:00,Credit Card,7,4384.48,92074,?
INV-101535,ABUJA,Ogun,Member,Male,Fashion,17624.5,2,2025-09-03 00:00:00,Cash,6,1762.45,37011.45,?
INV-101536,lagos ,Port Harcourt,Member,Male,,17724.45,7,2024-04-07 00:00:00,Ewallet,4,6203.56,130274.71,?
INV-101537,ABUJA,Ogun,Normal,Male,Sports Equipment,23718.49,4,2025-03-20 00:00:00,Credit Card,7,4743.7,99617.66,?
INV-101538,ABUJA,Ogun,Member,Female,Health & Beauty,17039.75,2,2024-01-23 00:00:00,Credit Card,6,1703.98,35783.48,?
INV-101539,lagos ,Port Harcourt,Normal,Male,Food & Beverages,5814.38,3,2025-01-16 00:00:00,Ewallet,6,872.16,18315.3,?
INV-101540,,Port Harcourt,Member,Female,Health & Beauty,7708.62,6,2025-04-27 00:00:00,Ewallet,6,2312.59,48564.31,?
INV-101541, ogun,Port Harcourt,Normal,Female,Fashion,2155.18,9,2025-07-01 00:00:00,Ewallet,5,969.83,20366.45,?
INV-101542,Portharcourt,Abuja,Member,Female,Food & Beverages,23777.33,8,2025-10-09 00:00:00,Cash,5,9510.93,199729.57,?
INV-101543,lagos ,Port Harcourt,Member,Female,Electronics,47745.16,9,2025-04-30 00:00:00,Cash,5,21485.32,451191.76,?
INV-101544,Portharcourt,Lagos,Normal,Female,Health & Beauty,6225.92,4,2024-12-17 00:00:00,Credit Card,6,1245.18,26148.86,?
INV-101545,Portharcourt,Ogun,Normal,Female,Health & Beauty,47340.09,4,2025-03-08 00:00:00,Ewallet,9,9468.02,198828.38,?
INV-101546,Portharcourt,Abuja,Member,Female,Sports Equipment,36801.39,9,2024-07-03 00:00:00,Ewallet,6,16560.63,347773.14,?
INV-101547, ogun,Port Harcourt,Member,Male,Food & Beverages,32056.19,8,2024-06-06 00:00:00,Cash,5,12822.48,269272,?
INV-101548,lagos ,Abuja,Normal,Male,Home Supplies,32441.25,2,2025-06-13 00:00:00,Ewallet,6,3244.12,68126.62,?
INV-101549,Portharcourt,Port Harcourt,Member,,Health & Beauty,41423.02,8,2025-10-01 00:00:00,Credit Card,5,16569.21,347953.37,?
INV-101550,lagos ,Abuja,Normal,Male,Fashion,5792.53,1,2024-05-22 00:00:00,Ewallet,5,289.63,6082.16,?
INV-101551,,Ogun,Member,Male,Health & Beauty,25485.34,9,2025-02-07 00:00:00,Cash,5,11468.4,240836.46,?
INV-101552, ogun,Ogun,Normal,Female,Sports Equipment,35006.01,9,2025-06-07 00:00:00,Credit Card,9,15752.7,330806.79,?
INV-101553,Portharcourt,Lagos,Member,Male,Electronics,29547.61,8,2025-06-04 00:00:00,Credit Card,7,11819.04,248199.92,?
INV-101554,Portharcourt,Lagos,Normal,Female,Sports Equipment,41722.56,5,2024-10-22 00:00:00,Ewallet,6,10430.64,219043.44,?
INV-101555,lagos ,Port Harcourt,Normal,Male,Health & Beauty,4077.45,5,2025-02-18 00:00:00,Credit Card,4,1019.36,21406.61,?
INV-101556,ABUJA,Ogun,Member,Female,Home Supplies,34689.7,3,2024-09-13 00:00:00,Ewallet,5,5203.46,109272.56,?
INV-101557, ogun,Abuja,Normal,Female,Health & Beauty,26934.37,5,2024-02-07 00:00:00,Ewallet,9,6733.59,141405.44,?
INV-101558, ogun,Abuja,Member,Male,Food & Beverages,19268.46,4,2024-08-17 00:00:00,Cash,4,3853.69,80927.53,?
INV-101559, ogun,Abuja,Normal,Male,Health & Beauty,17343.61,1,2024-02-04 00:00:00,Credit Card,7,867.18,18210.79,?
INV-101560, ogun,Lagos,Normal,Female,Home Supplies,31231.22,9,2025-02-27 00:00:00,Ewallet,6,14054.05,295135.03,?
INV-101561,Portharcourt,Abuja,Normal,Female,Food & Beverages,44604.27,4,2024-04-26 00:00:00,Ewallet,9,8920.85,187337.93,?
INV-101562,Portharcourt,Lagos,Member,Female,Fashion,25060.71,3,2025-05-13 00:00:00,Ewallet,5,3759.11,78941.24,?
INV-101563,ABUJA,Lagos,Normal,Male,Food & Beverages,41323.8,6,2024-11-26 00:00:00,Credit Card,5,12397.14,260339.94,?
INV-101564, ogun,Port Harcourt,Member,Male,Sports Equipment,20406.74,1,2024-03-21 00:00:00,Credit Card,5,1020.34,21427.08,?
INV-101565, ogun,Abuja,Normal,Male,Electronics,5568.53,5,2024-12-30 00:00:00,Credit Card,9,1392.13,29234.78,?
INV-101566,lagos ,Abuja,Member,Male,Sports Equipment,3544.53,7,2024-05-22 00:00:00,Ewallet,4,1240.59,26052.3,?
INV-101567,Portharcourt,Ogun,Member,,Food & Beverages,3041.05,2,2025-01-29 00:00:00,Credit Card,7,304.1,6386.2,?
INV-101568, ogun,Port Harcourt,Member,Female,Fashion,19317.43,9,2025-08-26 00:00:00,Ewallet,6,8692.84,182549.71,?
INV-101569,ABUJA,Ogun,Normal,Female,Health & Beauty,17193.27,6,2024-06-25 00:00:00,Credit Card,7,5157.98,108317.6,?
INV-101570,ABUJA,Port Harcourt,Member,Female,Food & Beverages,36037.88,2,2024-09-17 00:00:00,Credit Card,5,3603.79,75679.55,?
INV-101571,Portharcourt,Abuja,Normal,Male,Sports Equipment,37269.66,8,2024-03-08 00:00:00,Ewallet,7,14907.86,313065.14,?
INV-101572,ABUJA,Lagos,Member,Female,Food & Beverages,0,8,2025-07-23 00:00:00,Credit Card,4,1206.91,25345.07,?
INV-101573,ABUJA,Lagos,Member,,Food & Beverages,11445.6,1,2024-06-22 00:00:00,Ewallet,8,572.28,12017.88,?
INV-101574,Portharcourt,Lagos,Member,Male,Food & Beverages,14075.96,1,2024-06-27 00:00:00,Credit Card,8,703.8,14779.76,?
INV-101575, ogun,Lagos,Member,Male,Fashion,27606.79,1,2024-05-01 00:00:00,,6,1380.34,28987.13,?
INV-101576, ogun,Lagos,Normal,Female,Home Supplies,7653.5,4,2025-04-12 00:00:00,Credit Card,6,1530.7,32144.7,?
INV-101577,ABUJA,Ogun,Member,Male,Home Supplies,7130.09,4,2025-09-26 00:00:00,Credit Card,7,1426.02,29946.38,?
INV-101578,ABUJA,Port Harcourt,Member,Female,Food & Beverages,47217.55,8,2024-12-27 00:00:00,Cash,6,18887.02,396627.42,?
INV-101579, ogun,Abuja,Normal,Male,Fashion,40308.04,1,2025-06-08 00:00:00,Ewallet,9,2015.4,42323.44,?
INV-101580,Portharcourt,Ogun,Member,,Fashion,9442.42,3,2025-09-09 00:00:00,Cash,4,1416.36,29743.62,?
INV-101581,ABUJA,Port Harcourt,Member,Female,Food & Beverages,20625.11,1,2024-03-10 00:00:00,Credit Card,5,1031.26,21656.37,?
INV-101582,lagos ,Lagos,Member,Male,Sports Equipment,18103.29,9,2024-01-09 00:00:00,Credit Card,5,8146.48,171076.09,?
INV-101583,Portharcourt,Port Harcourt,Member,Female,Sports Equipment,39654.7,9,2025-01-22 00:00:00,Ewallet,7,17844.62,374736.92,?
INV-101584,ABUJA,Port Harcourt,Normal,Male,Electronics,25755.54,7,2025-04-19 00:00:00,Ewallet,5,9014.44,189303.22,?
INV-101585,ABUJA,Lagos,Normal,Male,Food & Beverages,6828.56,8,2024-04-30 00:00:00,Ewallet,7,2731.42,57359.9,?
INV-101586,lagos ,Lagos,Member,Male,Electronics,37080.11,1,2025-07-03 00:00:00,Ewallet,6,1854.01,38934.12,?
INV-101587,lagos ,Lagos,Normal,Male,Sports Equipment,20145.95,5,2025-05-09 00:00:00,Credit Card,6,5036.49,105766.24,?
INV-101588,,Abuja,Normal,Male,Sports Equipment,13514.75,2,2024-03-20 00:00:00,Ewallet,9,1351.48,28380.98,?
INV-101589,Portharcourt,Lagos,Member,Female,Food & Beverages,19087.18,1,2024-11-06 00:00:00,Cash,9,954.36,20041.54,?
INV-101590,Portharcourt,Abuja,Normal,Male,Electronics,25138.95,3,2024-06-12 00:00:00,Ewallet,4,3770.84,79187.69,?
INV-101591, ogun,Lagos,Member,Female,Electronics,17484.22,7,2025-05-08 00:00:00,,5,6119.48,128509.02,?
INV-101592,Portharcourt,Abuja,Normal,Male,Food & Beverages,12474.34,1,2024-07-04 00:00:00,Cash,9,623.72,13098.06,?
INV-101593,Portharcourt,Port Harcourt,Normal,Female,Electronics,20225.85,2,2025-06-14 00:00:00,Cash,4,2022.58,42474.28,?
INV-101594,Portharcourt,Ogun,Normal,Male,Health & Beauty,1449.06,2,2025-08-01 00:00:00,Cash,8,144.91,3043.03,?
INV-101595,Portharcourt,Port Harcourt,Member,Female,Sports Equipment,38738.64,4,2025-05-06 00:00:00,Cash,9,7747.73,162702.29,?
INV-101596,Portharcourt,Port Harcourt,Normal,Female,Home Supplies,8961.77,3,2025-09-22 00:00:00,Ewallet,4,1344.27,28229.58,?
INV-101597,lagos ,Lagos,Member,,Fashion,2673.28,3,2024-02-06 00:00:00,Cash,7,400.99,8420.83,?
INV-101598,Portharcourt,Abuja,Member,Male,Electronics,32858.09,5,2025-09-06 00:00:00,Credit Card,7,8214.52,172504.97,?
INV-101599,lagos ,Ogun,Normal,Male,Electronics,38809.84,3,2024-09-10 00:00:00,Ewallet,4,5821.48,122251,?
INV-101600,Portharcourt,Lagos,Member,Female,Fashion,40784.54,7,2025-05-06 00:00:00,Credit Card,6,14274.59,299766.37,?
INV-101601,,Lagos,Normal,Female,Electronics,24928.7,5,2024-12-11 00:00:00,,8,6232.18,130875.68,?
INV-101602,ABUJA,Lagos,Member,Male,Fashion,10665.73,4,2024-01-15 00:00:00,Ewallet,4,2133.15,44796.07,?
INV-101603,lagos ,Port Harcourt,Member,Male,Food & Beverages,36992.77,3,2024-09-05 00:00:00,Credit Card,9,5548.92,116527.23,?
INV-101604,Portharcourt,Abuja,Normal,Female,Health & Beauty,35135.8,4,2024-10-09 00:00:00,Cash,6,7027.16,147570.36,?
INV-101605, ogun,Abuja,Normal,Female,Health & Beauty,12690.4,2,2025-05-14 00:00:00,Cash,4,1269.04,26649.84,?
INV-101606,ABUJA,Ogun,Normal,Male,Sports Equipment,45218.68,1,2024-03-16 00:00:00,Credit Card,5,2260.93,47479.61,?
INV-101607,lagos ,Abuja,Normal,Female,Home Supplies,5666.39,3,2024-04-07 00:00:00,Cash,9,849.96,17849.13,?
INV-101608,ABUJA,Abuja,Member,Male,Electronics,49143.07,2,2025-06-10 00:00:00,Ewallet,9,4914.31,103200.45,?
INV-101609, ogun,Lagos,Member,Male,Home Supplies,43082.27,1,2024-07-27 00:00:00,Ewallet,7,2154.11,45236.38,?
INV-101610,lagos ,Lagos,Member,Male,,34550.98,1,2024-02-07 00:00:00,Ewallet,5,1727.55,36278.53,?
INV-101611,ABUJA,Port Harcourt,Normal,Female,Health & Beauty,46968.12,2,2025-07-11 00:00:00,Cash,5,4696.81,98633.05,?
INV-101612,Portharcourt,Lagos,Member,Female,Food & Beverages,36254.4,9,2024-10-13 00:00:00,Cash,9,16314.48,342604.08,?
INV-101613,lagos ,Lagos,Normal,Female,Food & Beverages,9927.62,5,2024-05-12 00:00:00,Credit Card,8,2481.91,52120.01,?
INV-101614,ABUJA,Lagos,Member,Female,Electronics,22386.73,9,2025-06-10 00:00:00,Ewallet,6,10074.03,211554.6,?
INV-101615, ogun,Lagos,Normal,Male,Food & Beverages,4039.4,8,2024-12-23 00:00:00,Credit Card,7,1615.76,33930.96,?
INV-101616, ogun,Port Harcourt,Member,Female,Health & Beauty,19788.04,6,2024-07-23 00:00:00,,5,5936.41,124664.65,?
INV-101617,lagos ,Lagos,Member,Male,Home Supplies,37209.35,1,2024-01-03 00:00:00,Credit Card,7,1860.47,39069.82,?
INV-101618,ABUJA,Ogun,Normal,Male,Health & Beauty,19628.95,5,2024-05-25 00:00:00,Cash,9,4907.24,103051.99,?
INV-101619,lagos ,Ogun,Member,Male,Electronics,16849.56,1,2025-05-25 00:00:00,Ewallet,6,842.48,17692.04,?
INV-101620,lagos ,Ogun,Normal,Female,Health & Beauty,29970.11,7,2024-10-10 00:00:00,Ewallet,4,10489.54,220280.31,?
INV-101621,ABUJA,Ogun,Member,Male,Fashion,43674.12,8,2025-08-09 00:00:00,Cash,5,17469.65,366862.61,?
INV-101622,ABUJA,Lagos,Member,Male,Home Supplies,2855.37,8,2025-09-22 00:00:00,Cash,6,1142.15,23985.11,?
INV-101623,Portharcourt,Ogun,Normal,Female,Fashion,19580.79,7,2024-04-25 00:00:00,Cash,7,6853.28,143918.81,?
INV-101624,ABUJA,Lagos,Normal,Male,Fashion,8332.92,2,2024-06-23 00:00:00,Ewallet,9,833.29,17499.13,?
INV-101625, ogun,Port Harcourt,Member,Female,Sports Equipment,34920.04,5,2024-06-21 00:00:00,Cash,6,8730.01,183330.21,?
INV-101626,,Ogun,Member,Female,Electronics,5733.37,4,2025-01-15 00:00:00,Ewallet,4,1146.67,24080.15,?
INV-101627,lagos ,Abuja,Member,Female,Food & Beverages,33407.98,5,2024-06-04 00:00:00,Credit Card,6,8352,175391.9,?
INV-101628, ogun,Ogun,Member,Male,Fashion,14665.95,9,2024-05-14 00:00:00,Ewallet,9,6599.68,138593.23,?
INV-101629,ABUJA,Ogun,Member,Female,Health & Beauty,10346.38,4,2025-06-05 00:00:00,Credit Card,7,2069.28,43454.8,?
INV-101630, ogun,Lagos,Member,Female,Food & Beverages,46849.45,8,2024-09-25 00:00:00,Ewallet,5,18739.78,393535.38,?
INV-101631, ogun,Ogun,Normal,Female,Health & Beauty,1416.97,8,2025-09-13 00:00:00,Ewallet,5,566.79,11902.55,?
INV-101632,Portharcourt,Abuja,Normal,Female,Health & Beauty,22169.97,2,2025-08-07 00:00:00,Cash,8,2217,46556.94,?
INV-101633, ogun,Lagos,Normal,Male,Food & Beverages,1570.54,6,2024-07-27 00:00:00,Ewallet,7,471.16,9894.4,?
INV-101634,lagos ,Lagos,Member,Female,Food & Beverages,24437.86,5,2024-06-06 00:00:00,Cash,8,6109.46,128298.76,?
INV-101635, ogun,Port Harcourt,Member,Male,Health & Beauty,25301.85,2,2024-11-30 00:00:00,Cash,8,2530.18,53133.88,?
INV-101636,lagos ,Port Harcourt,Member,Female,Electronics,16422.29,4,2024-02-06 00:00:00,Cash,9,3284.46,68973.62,?
INV-101637,lagos ,Ogun,Normal,,Home Supplies,7042.01,7,2024-12-04 00:00:00,Ewallet,9,2464.7,51758.77,?
INV-101638,lagos ,Port Harcourt,Normal,Female,Sports Equipment,19131.18,1,2024-09-30 00:00:00,Cash,9,956.56,20087.74,?
INV-101639,ABUJA,Port Harcourt,Member,Male,Home Supplies,33777.02,9,2024-06-08 00:00:00,Credit Card,4,15199.66,319192.84,?
INV-101640,Portharcourt,Port Harcourt,Member,,Electronics,39228.59,1,2024-02-12 00:00:00,Credit Card,7,1961.43,41190.02,?
INV-101641,lagos ,Lagos,Normal,Male,Sports Equipment,26772.15,5,2024-07-18 00:00:00,Ewallet,5,6693.04,140553.79,?
INV-101642,lagos ,Lagos,Normal,Male,Food & Beverages,29696.8,7,2025-05-15 00:00:00,Cash,7,10393.88,218271.48,?
INV-101643,ABUJA,Lagos,Normal,Male,Sports Equipment,10430.51,8,2024-03-17 00:00:00,Credit Card,9,4172.2,87616.28,?
INV-101644,lagos ,Port Harcourt,Member,Female,Health & Beauty,14722.85,2,2024-03-02 00:00:00,Ewallet,4,1472.28,30917.98,?
INV-101645, ogun,Lagos,Member,Male,Home Supplies,8513.83,4,2024-01-23 00:00:00,Ewallet,7,1702.77,35758.09,?
INV-101646, ogun,Port Harcourt,Member,Male,Sports Equipment,12840.12,2,2024-06-08 00:00:00,Ewallet,7,1284.01,26964.25,?
INV-101647,Portharcourt,Lagos,Normal,Male,Health & Beauty,11631.9,4,2024-08-07 00:00:00,Ewallet,8,2326.38,48853.98,?
INV-101648,lagos ,Lagos,Normal,Male,Electronics,26212.71,6,2024-06-27 00:00:00,Ewallet,7,7863.81,165140.07,?
INV-101649,ABUJA,Abuja,Member,,Sports Equipment,28353.09,6,2024-12-26 00:00:00,Cash,8,8505.93,178624.47,?
INV-101650, ogun,Ogun,Member,Male,Health & Beauty,0,2,2025-10-06 00:00:00,Cash,8,4727.49,99277.29,?
INV-101651,ABUJA,Port Harcourt,Normal,Male,Electronics,10180.75,4,2025-09-16 00:00:00,Cash,6,2036.15,42759.15,?
INV-101652,ABUJA,Abuja,Member,Male,Food & Beverages,32262.95,4,2025-06-18 00:00:00,Cash,9,6452.59,135504.39,?
INV-101653, ogun,Lagos,Normal,Female,Electronics,40954.33,1,2025-02-17 00:00:00,Ewallet,4,2047.72,43002.05,?
INV-101654,ABUJA,Port Harcourt,Normal,Male,Electronics,28231.95,2,2024-11-05 00:00:00,Ewallet,8,2823.2,59287.1,?
INV-101655, ogun,Lagos,Member,Male,Home Supplies,13122.68,3,2024-07-23 00:00:00,Credit Card,7,1968.4,41336.44,?
INV-101656,ABUJA,Ogun,Normal,Male,Health & Beauty,13496.24,5,2025-03-09 00:00:00,Credit Card,8,3374.06,70855.26,?
INV-101657, ogun,Abuja,Member,Male,Sports Equipment,2443.03,8,2024-03-06 00:00:00,Cash,8,977.21,20521.45,?
INV-101658,lagos ,Ogun,Normal,Female,Home Supplies,15619.49,6,2024-04-05 00:00:00,Ewallet,8,4685.85,98402.79,?
INV-101659,Portharcourt,Abuja,Normal,Male,Fashion,37357.88,3,2024-08-28 00:00:00,Credit Card,5,5603.68,117677.32,?
INV-101660,,Lagos,Member,Male,,0,-1,2025-04-11 00:00:00,Credit Card,5,855.64,17968.42,?
INV-101661, ogun,Ogun,Normal,,Fashion,11355.12,7,2024-02-18 00:00:00,Credit Card,5,3974.29,83460.13,?
INV-101662,Portharcourt,Ogun,Member,Female,Home Supplies,35458.51,6,2025-09-12 00:00:00,Credit Card,5,10637.55,223388.61,?
INV-101663, ogun,Lagos,Member,Female,Health & Beauty,39241.25,6,2024-06-20 00:00:00,,6,11772.38,247219.88,?
INV-101664, ogun,Ogun,Normal,Male,Home Supplies,23038.26,1,2025-04-26 00:00:00,Ewallet,8,1151.91,24190.17,?
INV-101665,ABUJA,Port Harcourt,Member,Female,Health & Beauty,35054.68,3,2025-01-30 00:00:00,Cash,6,5258.2,110422.24,?
INV-101666,Portharcourt,Abuja,Member,Male,Health & Beauty,19703.63,7,2025-06-03 00:00:00,Credit Card,7,6896.27,144821.68,?
INV-101667,lagos ,Abuja,Member,Female,Food & Beverages,8415.71,4,2024-09-01 00:00:00,Credit Card,9,1683.14,35345.98,?
INV-101668, ogun,Abuja,Member,Male,Electronics,20208.4,4,2025-05-18 00:00:00,Ewallet,4,4041.68,84875.28,?
INV-101669,Portharcourt,Port Harcourt,Member,Female,Home Supplies,29208.41,7,2024-10-12 00:00:00,Ewallet,6,10222.94,214681.81,?
INV-101670,ABUJA,Abuja,Member,Male,Health & Beauty,47428.64,9,2025-01-18 00:00:00,Cash,5,21342.89,448200.65,?
INV-101671,lagos ,Lagos,Normal,Female,Home Supplies,3903.17,2,2024-06-15 00:00:00,Ewallet,5,390.32,8196.66,?
INV-101672,Portharcourt,Ogun,Member,Male,Home Supplies,25616.01,9,2025-09-05 00:00:00,Cash,7,11527.2,242071.29,?
INV-101673,lagos ,Port Harcourt,Normal,Male,Health & Beauty,16781.53,3,2024-10-14 00:00:00,Cash,8,2517.23,52861.82,?
INV-101674,lagos ,Abuja,Normal,Male,Sports Equipment,25661.43,6,2024-06-27 00:00:00,Credit Card,4,7698.43,161667.01,?
INV-101675,lagos ,Lagos,Member,Male,Fashion,1686.78,4,2024-06-04 00:00:00,Cash,6,337.36,7084.48,?
INV-101676, ogun,Ogun,Normal,Male,Electronics,15994.76,1,2025-08-06 00:00:00,Credit Card,8,799.74,16794.5,?
INV-101677, ogun,Ogun,Normal,Male,Electronics,41083.47,9,2025-08-10 00:00:00,Cash,8,18487.56,388238.79,?
INV-101678,ABUJA,Port Harcourt,Member,Male,Sports Equipment,27920.12,6,2024-09-15 00:00:00,Cash,9,8376.04,175896.76,?
INV-101679,ABUJA,Port Harcourt,Member,Male,Food & Beverages,22803.83,8,2025-09-15 00:00:00,Ewallet,9,9121.53,191552.17,?
INV-101680,Portharcourt,Port Harcourt,Member,Female,Sports Equipment,14633.49,2,2025-06-07 00:00:00,Ewallet,6,1463.35,30730.33,?
INV-101681,ABUJA,Lagos,Normal,Male,Food & Beverages,15253.1,7,2025-09-12 00:00:00,Credit Card,6,5338.58,112110.28,?
INV-101682,lagos ,Lagos,Normal,Male,Food & Beverages,19463.52,6,2025-07-02 00:00:00,Ewallet,6,5839.06,122620.18,?
INV-101683,lagos ,Port Harcourt,Member,Female,Sports Equipment,41860.75,2,2024-12-29 00:00:00,Cash,6,4186.08,87907.58,?
INV-101684, ogun,Abuja,Member,Male,Electronics,48377.05,2,2025-10-08 00:00:00,Credit Card,5,4837.71,101591.81,?
INV-101685,lagos ,Ogun,Normal,Female,Fashion,22213.44,4,2025-08-30 00:00:00,Credit Card,8,4442.69,93296.45,?
INV-101686,Portharcourt,Ogun,Normal,Male,Electronics,19970.97,4,2024-04-27 00:00:00,Credit Card,8,3994.19,83878.07,?
INV-101687,,Lagos,Normal,Female,Electronics,42404.26,3,2025-09-03 00:00:00,Cash,5,6360.64,133573.42,?
INV-101688,,Ogun,Normal,Female,Electronics,21631.81,8,2024-06-17 00:00:00,Ewallet,8,8652.72,181707.2,?
INV-101689,Portharcourt,Abuja,Member,Male,Sports Equipment,27824.9,7,2024-03-02 00:00:00,Credit Card,6,9738.72,204513.02,?
INV-101690,ABUJA,Ogun,Normal,Female,Sports Equipment,11931.61,2,2024-01-12 00:00:00,Cash,4,1193.16,25056.38,?
INV-101691,ABUJA,Lagos,Normal,Male,Sports Equipment,37303.38,3,2024-05-15 00:00:00,Ewallet,9,5595.51,117505.65,?
INV-101692,Portharcourt,Lagos,Normal,Male,Electronics,26833.42,9,2025-01-25 00:00:00,Ewallet,9,12075.04,253575.82,?
INV-101693, ogun,Abuja,Normal,Male,Fashion,40547.21,5,2024-05-13 00:00:00,Credit Card,8,10136.8,212872.85,?
INV-101694,lagos ,Abuja,Member,Male,Food & Beverages,39146.27,-1,2024-03-18 00:00:00,Cash,4,3914.63,82207.17,?
INV-101695,Portharcourt,Ogun,Member,Female,,11142.74,3,2025-07-06 00:00:00,Ewallet,9,1671.41,35099.63,?
INV-101696,lagos ,Ogun,Normal,Male,Food & Beverages,35923.96,8,2024-06-23 00:00:00,,4,14369.58,301761.26,?
INV-101697, ogun,Lagos,Normal,Female,Food & Beverages,40102.69,4,2024-07-10 00:00:00,Ewallet,5,8020.54,168431.3,?
INV-101698,lagos ,Abuja,Member,Female,Home Supplies,17632.31,2,2025-03-03 00:00:00,Credit Card,7,1763.23,37027.85,?
INV-101699,Portharcourt,Abuja,Member,Male,Electronics,9044.15,2,2025-02-21 00:00:00,Credit Card,8,904.42,18992.72,?
INV-101700,lagos ,Abuja,Normal,Male,Fashion,630.29,6,2025-07-29 00:00:00,Ewallet,5,189.09,3970.83,?
INV-101701,ABUJA,Ogun,Normal,,Fashion,22819.73,8,2025-10-20 00:00:00,Cash,5,9127.89,191685.73,?
INV-101702, ogun,Abuja,Member,Male,Food & Beverages,17945.42,7,2024-11-24 00:00:00,Ewallet,4,6280.9,131898.84,?
INV-101703, ogun,Lagos,Member,Female,Home Supplies,27968.04,4,2025-05-24 00:00:00,Cash,8,5593.61,117465.77,?
INV-101704, ogun,Lagos,Member,Male,Health & Beauty,0,2,2025-07-26 00:00:00,,5,980.8,20596.86,?
INV-101705,Portharcourt,Ogun,Member,Female,Electronics,43053.44,9,2024-01-02 00:00:00,Credit Card,6,19374.05,406855.01,?
INV-101706, ogun,Port Harcourt,Member,Male,Food & Beverages,13258.88,4,2025-10-13 00:00:00,Cash,5,2651.78,55687.3,?
INV-101707,ABUJA,Ogun,Member,Male,Fashion,11708.27,9,2025-03-06 00:00:00,Credit Card,6,5268.72,110643.15,?
INV-101708,Portharcourt,Port Harcourt,Normal,Male,Sports Equipment,24295.35,5,2024-05-13 00:00:00,Cash,7,6073.84,127550.59,?
INV-101709,ABUJA,Abuja,Member,Male,Sports Equipment,25193.13,7,2024-03-17 00:00:00,Ewallet,6,8817.6,185169.51,?
INV-101710,lagos ,Ogun,Member,Female,Home Supplies,11146.72,5,2025-10-14 00:00:00,Credit Card,6,2786.68,58520.28,?
INV-101711,lagos ,Lagos,Member,Female,Home Supplies,13957.11,2,2024-01-23 00:00:00,Credit Card,4,1395.71,29309.93,?
INV-101712,lagos ,Abuja,Member,Male,Food & Beverages,8900.41,6,2025-09-23 00:00:00,Cash,5,2670.12,56072.58,?
INV-101713,lagos ,Lagos,Normal,Female,Health & Beauty,36063.78,7,2024-04-24 00:00:00,Cash,7,12622.32,265068.78,?
INV-101714,,Abuja,Normal,Female,Fashion,38619.41,6,2025-07-31 00:00:00,Cash,5,11585.82,243302.28,?
INV-101715,,Ogun,Member,Male,,23385.26,3,2025-04-13 00:00:00,Credit Card,6,3507.79,73663.57,?
INV-101716,Portharcourt,Port Harcourt,Normal,Male,Health & Beauty,35847.31,8,2024-04-21 00:00:00,Ewallet,9,14338.92,301117.4,?
INV-101717, ogun,Abuja,Normal,Female,Home Supplies,36928.8,3,2025-05-25 00:00:00,Cash,6,5539.32,116325.72,?
INV-101718,ABUJA,Port Harcourt,Normal,Female,,7344.64,5,2025-02-06 00:00:00,Ewallet,5,1836.16,38559.36,?
INV-101719,lagos ,Abuja,Normal,Female,Electronics,48325.81,9,2024-08-31 00:00:00,Cash,7,21746.61,456678.9,?
INV-101720,ABUJA,Lagos,Normal,Female,Sports Equipment,41141.08,5,2025-06-05 00:00:00,Ewallet,9,10285.27,215990.67,?
INV-101721, ogun,Lagos,Normal,Male,Fashion,10621.93,7,2024-06-09 00:00:00,Cash,7,3717.68,78071.19,?
INV-101722, ogun,Abuja,Member,Male,Fashion,9715.17,7,2025-03-11 00:00:00,Ewallet,4,3400.31,71406.5,?
INV-101723,ABUJA,Port Harcourt,Member,Female,Sports Equipment,6720.23,5,2025-04-21 00:00:00,Credit Card,6,1680.06,35281.21,?
INV-101724,ABUJA,Ogun,Member,,Sports Equipment,7349.74,2,2025-06-09 00:00:00,Cash,6,734.97,15434.45,?
INV-101725,ABUJA,Ogun,Member,Female,Health & Beauty,37534.01,5,2025-05-22 00:00:00,Cash,4,9383.5,197053.55,?
INV-101726,Portharcourt,Lagos,Member,Female,Food & Beverages,23747.89,7,2025-06-21 00:00:00,Credit Card,5,8311.76,174546.99,?
INV-101727,lagos ,Ogun,Normal,Male,Home Supplies,39255.24,7,2025-05-26 00:00:00,Cash,6,13739.33,288526.01,?
INV-101728,ABUJA,Lagos,Member,Female,Health & Beauty,37439.62,4,2024-06-28 00:00:00,Cash,5,7487.92,157246.4,?
INV-101729,ABUJA,Ogun,Member,Female,Electronics,30428.33,1,2024-06-28 00:00:00,Credit Card,7,1521.42,31949.75,?
INV-101730,ABUJA,Abuja,Normal,Male,Sports Equipment,34475.15,6,2025-09-23 00:00:00,Credit Card,9,10342.55,217193.45,?
INV-101731, ogun,Lagos,Normal,Male,Electronics,1408.61,3,2024-10-04 00:00:00,Ewallet,9,211.29,4437.12,?
INV-101732, ogun,Lagos,Member,Female,Electronics,0,5,2024-10-30 00:00:00,Credit Card,9,3983.25,83648.2,?
INV-101733,Portharcourt,Abuja,Normal,Female,Health & Beauty,32072.2,4,2024-08-21 00:00:00,Credit Card,8,6414.44,134703.24,?
INV-101734,lagos ,Lagos,Normal,Male,Home Supplies,962.58,2,2025-02-06 00:00:00,Cash,4,96.26,2021.42,?
INV-101735,Portharcourt,Ogun,Normal,Female,Fashion,2132.36,7,2025-09-02 00:00:00,Credit Card,9,746.33,15672.85,?
INV-101736,lagos ,Ogun,Normal,Female,Food & Beverages,42668.46,5,2025-06-11 00:00:00,Cash,6,10667.12,224009.42,?
INV-101737, ogun,Lagos,Member,Male,Fashion,34359.23,7,2024-08-19 00:00:00,Credit Card,4,12025.73,252540.34,?
INV-101738, ogun,Ogun,Normal,Male,Home Supplies,13635.8,9,2024-05-28 00:00:00,Credit Card,7,6136.11,128858.31,?
INV-101739, ogun,Port Harcourt,Member,Male,Fashion,34554.16,4,2024-04-25 00:00:00,Ewallet,7,6910.83,145127.47,?
INV-101740,Portharcourt,Lagos,Member,Male,Sports Equipment,39726.61,5,2025-10-11 00:00:00,Credit Card,7,9931.65,208564.7,?
INV-101741,ABUJA,Abuja,Normal,Male,Sports Equipment,15686.32,9,2024-05-05 00:00:00,Credit Card,7,7058.84,148235.72,?
INV-101742,ABUJA,Port Harcourt,Normal,Male,Health & Beauty,2283.85,-1,2024-02-22 00:00:00,Cash,8,456.77,9592.17,?
INV-101743, ogun,Lagos,Normal,Female,Electronics,46672.57,5,2024-11-06 00:00:00,Cash,5,11668.14,245030.99,?
INV-101744,ABUJA,Abuja,Member,Female,Home Supplies,17586.4,5,2024-08-23 00:00:00,Ewallet,5,4396.6,92328.6,?
INV-101745,ABUJA,Ogun,Normal,Male,Home Supplies,5770.85,8,2024-12-10 00:00:00,Credit Card,9,2308.34,48475.14,?
INV-101746,Portharcourt,Abuja,Normal,Male,Fashion,24846.92,4,2025-03-24 00:00:00,Cash,8,4969.38,104357.06,?
INV-101747,lagos ,Port Harcourt,Normal,Female,Health & Beauty,38539.16,4,2024-02-07 00:00:00,Credit Card,5,7707.83,161864.47,?
INV-101748, ogun,Ogun,Normal,Female,Fashion,11471.54,7,2025-08-14 00:00:00,Ewallet,7,4015.04,84315.82,?
INV-101749, ogun,Lagos,Normal,Female,Fashion,13839.76,5,2025-03-21 00:00:00,Cash,5,3459.94,72658.74,?
INV-101750,,Ogun,Member,Male,Home Supplies,12514.39,6,2025-01-28 00:00:00,Cash,4,3754.32,78840.66,?
INV-101751,Portharcourt,Lagos,Normal,Male,Fashion,49587.82,6,2024-12-27 00:00:00,Ewallet,9,14876.35,312403.27,?
INV-101752,ABUJA,Lagos,Normal,Female,Electronics,10271.48,6,2025-10-12 00:00:00,Credit Card,5,3081.44,64710.32,?
INV-101753, ogun,Abuja,Normal,Male,Fashion,28988.25,5,2025-01-25 00:00:00,Cash,4,7247.06,152188.31,?
INV-101754,lagos ,Abuja,Member,Male,Electronics,46300.6,5,2024-05-29 00:00:00,Cash,6,11575.15,243078.15,?
INV-101755,Portharcourt,Abuja,Normal,Male,Home Supplies,7771.38,9,2024-07-22 00:00:00,Ewallet,4,3497.12,73439.54,?
INV-101756,lagos ,Port Harcourt,Member,Female,Health & Beauty,0,8,2025-07-10 00:00:00,Ewallet,4,19422.91,407881.15,?
INV-101757,lagos ,Port Harcourt,Member,Female,Sports Equipment,47400.12,4,2024-03-16 00:00:00,Ewallet,7,9480.02,199080.5,?
INV-101758, ogun,Abuja,Normal,Male,Electronics,44286.31,7,2024-12-27 00:00:00,Credit Card,7,15500.21,325504.38,?
INV-101759, ogun,Port Harcourt,Normal,,Health & Beauty,11120.55,-1,2024-02-28 00:00:00,Credit Card,9,4448.22,93412.62,?
INV-101760,Portharcourt,Ogun,Normal,Male,Health & Beauty,31885.73,9,2024-03-05 00:00:00,Credit Card,7,14348.58,301320.15,?
INV-101761, ogun,Ogun,Member,Male,Electronics,38164.13,5,2025-05-02 00:00:00,Ewallet,4,9541.03,200361.68,?
INV-101762, ogun,Port Harcourt,Member,Male,Home Supplies,49308.38,3,2024-12-26 00:00:00,Cash,8,7396.26,155321.4,?
INV-101763, ogun,Port Harcourt,Member,Female,Food & Beverages,9430.98,4,2024-06-24 00:00:00,Credit Card,7,1886.2,39610.12,?
INV-101764,lagos ,Ogun,Member,Male,Health & Beauty,38418.28,6,2024-05-26 00:00:00,Ewallet,7,11525.48,242035.16,?
INV-101765,Portharcourt,Lagos,Member,Male,Health & Beauty,17270.66,5,2025-06-01 00:00:00,Credit Card,4,4317.66,90670.96,?
INV-101766,ABUJA,Ogun,Member,Male,Home Supplies,9193.51,9,2025-05-03 00:00:00,Cash,6,4137.08,86878.67,?
INV-101767,lagos ,Ogun,Normal,Female,Home Supplies,21358.16,3,2025-09-10 00:00:00,Cash,6,3203.72,67278.2,?
INV-101768, ogun,Port Harcourt,Normal,Female,Fashion,39794.88,2,2024-06-25 00:00:00,Ewallet,5,3979.49,83569.25,?
INV-101769,lagos ,Ogun,Member,Male,Home Supplies,23510.07,6,2024-04-19 00:00:00,Cash,9,7053.02,148113.44,?
INV-101770, ogun,Port Harcourt,Normal,Female,Health & Beauty,27107.39,7,2024-04-19 00:00:00,Ewallet,6,9487.59,199239.32,?
INV-101771, ogun,Port Harcourt,Normal,Female,Electronics,49760.39,5,2025-07-15 00:00:00,Ewallet,7,12440.1,261242.05,?
INV-101772,lagos ,Abuja,Member,Female,Food & Beverages,20255.91,1,2025-03-26 00:00:00,Ewallet,8,1012.8,21268.71,?
INV-101773,Portharcourt,Ogun,Member,Female,Fashion,30962.34,3,2025-03-08 00:00:00,Ewallet,5,4644.35,97531.37,?
INV-101774, ogun,Lagos,Normal,,Electronics,18579.59,3,2024-01-20 00:00:00,Cash,9,2786.94,58525.71,?
INV-101775,Portharcourt,Abuja,Member,Female,Food & Beverages,19942.89,4,2025-04-14 00:00:00,Cash,8,3988.58,83760.14,?
INV-101776,ABUJA,Port Harcourt,Member,Male,Food & Beverages,34934.22,6,2025-09-07 00:00:00,Cash,8,10480.27,220085.59,?
INV-101777, ogun,Port Harcourt,Normal,Female,Food & Beverages,46925.41,5,2024-01-24 00:00:00,Cash,7,11731.35,246358.4,?
INV-101778,Portharcourt,Lagos,Member,Female,Sports Equipment,27346.77,1,2024-10-28 00:00:00,Ewallet,4,1367.34,28714.11,?
INV-101779,Portharcourt,Port Harcourt,Normal,Male,Electronics,38535.8,6,2024-06-10 00:00:00,Ewallet,4,11560.74,242775.54,?
INV-101780,ABUJA,Ogun,Normal,Male,Fashion,4915.72,9,2024-08-29 00:00:00,Cash,4,2212.07,46453.55,?
INV-101781,Portharcourt,Abuja,Normal,Male,Fashion,10952.32,1,2024-08-14 00:00:00,Credit Card,6,547.62,11499.94,?
INV-101782,Portharcourt,Port Harcourt,Normal,Male,Food & Beverages,25355.52,8,2024-11-30 00:00:00,Credit Card,4,10142.21,212986.37,?
INV-101783,ABUJA,Port Harcourt,Normal,Female,Electronics,1490.58,8,2024-02-05 00:00:00,Credit Card,9,596.23,12520.87,?
INV-101784, ogun,Lagos,Member,Female,Sports Equipment,13016.32,3,2024-01-07 00:00:00,Cash,7,1952.45,41001.41,?
INV-101785,Portharcourt,Ogun,Member,Female,Food & Beverages,0,9,2025-02-26 00:00:00,Ewallet,6,11750.11,246752.35,?
INV-101786,Portharcourt,Port Harcourt,Member,Female,Home Supplies,1240.58,8,2024-12-29 00:00:00,Ewallet,9,496.23,10420.87,?
INV-101787,Portharcourt,Lagos,Member,Male,Fashion,13595.04,3,2024-07-24 00:00:00,Credit Card,4,2039.26,42824.38,?
INV-101788,lagos ,Port Harcourt,Normal,Female,Health & Beauty,25944.53,5,2024-10-18 00:00:00,Credit Card,9,6486.13,136208.78,?
INV-101789,ABUJA,Lagos,Normal,Female,Food & Beverages,28870.89,3,2025-08-28 00:00:00,Ewallet,8,4330.63,90943.3,?
INV-101790,lagos ,Lagos,Member,Male,Home Supplies,46324.71,5,2025-07-15 00:00:00,Credit Card,7,11581.18,243204.73,?
INV-101791,ABUJA,Ogun,Normal,Female,,32444.61,9,2024-05-06 00:00:00,Credit Card,7,14600.07,306601.56,?
INV-101792, ogun,Port Harcourt,Member,Female,Sports Equipment,21029.42,4,2025-05-20 00:00:00,Ewallet,9,4205.88,88323.56,?
INV-101793, ogun,Ogun,Member,,Electronics,46552.38,6,2025-02-28 00:00:00,Credit Card,5,13965.71,293279.99,?
INV-101794,Portharcourt,Lagos,Member,Female,Fashion,39351.71,3,2025-07-24 00:00:00,Credit Card,7,5902.76,123957.89,?
INV-101795,ABUJA,Abuja,Normal,Male,Electronics,10400.44,3,2025-01-29 00:00:00,Cash,8,1560.07,32761.39,?
INV-101796, ogun,Port Harcourt,Normal,Male,Electronics,6976.7,5,2025-08-31 00:00:00,,7,1744.18,36627.68,?
INV-101797,,Abuja,Normal,Male,,33952.68,8,2024-07-22 00:00:00,Cash,5,13581.07,285202.51,?
INV-101798, ogun,Port Harcourt,Normal,Male,Sports Equipment,28214.22,8,2025-07-26 00:00:00,Ewallet,7,11285.69,236999.45,?
INV-101799,lagos ,Ogun,Member,Male,Food & Beverages,39588.84,3,2024-03-02 00:00:00,Cash,7,5938.33,124704.85,?
INV-101800, ogun,Ogun,Normal,Female,Food & Beverages,37070.85,8,2025-01-28 00:00:00,Ewallet,5,14828.34,311395.14,?
INV-101801,lagos ,Ogun,Normal,Female,,31447.97,8,2024-03-14 00:00:00,Cash,7,12579.19,264162.95,?
INV-101802, ogun,Ogun,Normal,Male,Sports Equipment,49325.92,3,2024-01-27 00:00:00,Cash,9,7398.89,155376.65,?
INV-101803,Portharcourt,Ogun,Member,Male,Home Supplies,26912.69,2,2024-03-09 00:00:00,Cash,6,2691.27,56516.65,?
INV-101804,lagos ,Abuja,Member,Male,Fashion,6098.73,2,2025-02-10 00:00:00,Credit Card,9,609.87,12807.33,?
INV-101805, ogun,Ogun,Normal,Female,Health & Beauty,41499.54,9,2024-12-24 00:00:00,Credit Card,7,18674.79,392170.65,?
INV-101806,Portharcourt,Lagos,Normal,Male,Electronics,12966.74,7,2024-03-01 00:00:00,Credit Card,4,4538.36,95305.54,?
INV-101807,lagos ,Lagos,Normal,Female,Electronics,38976.46,6,2025-02-06 00:00:00,Credit Card,4,11692.94,245551.7,?
INV-101808,Portharcourt,Abuja,Normal,Female,Food & Beverages,47876.8,7,2025-04-23 00:00:00,Credit Card,6,16756.88,351894.48,?
INV-101809,ABUJA,Port Harcourt,Member,Female,Home Supplies,34991.38,8,2025-04-13 00:00:00,Cash,7,13996.55,293927.59,?
INV-101810,ABUJA,Lagos,Normal,Female,Sports Equipment,30003.49,1,2024-11-30 00:00:00,Credit Card,8,1500.17,31503.66,?
INV-101811,lagos ,Port Harcourt,Normal,Male,Sports Equipment,23289.12,8,2025-08-21 00:00:00,Ewallet,7,9315.65,195628.61,?
INV-101812, ogun,Abuja,Normal,Female,Food & Beverages,18538.29,3,2025-03-24 00:00:00,Cash,4,2780.74,58395.61,?
INV-101813,lagos ,Port Harcourt,Member,Female,Health & Beauty,17973.74,3,2024-01-31 00:00:00,Cash,5,2696.06,56617.28,?
INV-101814,Portharcourt,Port Harcourt,Member,Male,Fashion,32000.45,6,2024-12-07 00:00:00,,6,9600.14,201602.84,?
INV-101815, ogun,Port Harcourt,Normal,Female,Fashion,37688.02,4,2024-05-19 00:00:00,Credit Card,5,7537.6,158289.68,?
INV-101816,ABUJA,Port Harcourt,Normal,Female,Home Supplies,34086.59,4,2025-02-13 00:00:00,Ewallet,8,6817.32,143163.68,?
INV-101817, ogun,Abuja,Normal,Female,Food & Beverages,10321.3,4,2025-10-07 00:00:00,Cash,7,2064.26,43349.46,?
INV-101818,ABUJA,Lagos,Normal,Male,Food & Beverages,24952.37,9,2025-09-09 00:00:00,Cash,8,11228.57,235799.9,?
INV-101819, ogun,Ogun,Normal,Female,Health & Beauty,39686.18,8,2024-10-24 00:00:00,Cash,5,15874.47,333363.91,?
INV-101820, ogun,Port Harcourt,Member,Female,Fashion,24047.35,3,2024-01-10 00:00:00,Ewallet,7,3607.1,75749.15,?
INV-101821, ogun,Lagos,Member,Male,Food & Beverages,27062.85,1,2024-10-15 00:00:00,Credit Card,9,1353.14,28415.99,?
INV-101822,Portharcourt,Lagos,Member,Male,Sports Equipment,38671.23,1,2025-08-11 00:00:00,Cash,9,1933.56,40604.79,?
INV-101823,Portharcourt,Abuja,Normal,Female,Home Supplies,33232.63,1,2024-12-17 00:00:00,Credit Card,8,1661.63,34894.26,?
INV-101824,lagos ,Lagos,Member,Female,Fashion,20762.57,4,2024-11-30 00:00:00,Cash,9,4152.51,87202.79,?
INV-101825,lagos ,Abuja,Member,Male,,44822.93,6,2025-01-27 00:00:00,Credit Card,9,13446.88,282384.46,?
INV-101826,ABUJA,Port Harcourt,Member,Female,Home Supplies,8547.07,4,2024-10-16 00:00:00,Ewallet,4,1709.41,35897.69,?
INV-101827,Portharcourt,Port Harcourt,Normal,Male,Electronics,49778.06,3,2025-04-07 00:00:00,Cash,9,7466.71,156800.89,?
INV-101828,ABUJA,Ogun,Normal,Female,Sports Equipment,6383.2,8,2024-09-01 00:00:00,Cash,4,2553.28,53618.88,?
INV-101829,lagos ,Ogun,Member,Male,Health & Beauty,1240.02,8,2024-01-22 00:00:00,Cash,6,496.01,10416.17,?
INV-101830,ABUJA,Ogun,Normal,Female,Home Supplies,44555.94,6,2025-05-03 00:00:00,Ewallet,4,13366.78,280702.42,?
INV-101831,lagos ,Lagos,Member,Male,Food & Beverages,12625.2,9,2024-06-23 00:00:00,Ewallet,4,5681.34,119308.14,?
INV-101832,Portharcourt,Port Harcourt,Member,Male,Electronics,36620.13,1,2024-04-12 00:00:00,Credit Card,5,1831.01,38451.14,?
INV-101833,,Abuja,Member,,Health & Beauty,40645.26,8,2025-05-28 00:00:00,Ewallet,4,16258.1,341420.18,?
INV-101834,Portharcourt,Ogun,Member,Male,Food & Beverages,43019.83,6,2025-06-18 00:00:00,Cash,4,12905.95,271024.93,?
INV-101835,,Abuja,Normal,Male,Sports Equipment,49583.91,1,2024-04-06 00:00:00,Credit Card,5,2479.2,52063.11,?
INV-101836,ABUJA,Abuja,Normal,Female,Electronics,15054.97,4,2024-09-24 00:00:00,Ewallet,4,3010.99,63230.87,?
INV-101837,Portharcourt,Ogun,Normal,Female,Fashion,35657.05,5,2025-08-10 00:00:00,Credit Card,9,8914.26,187199.51,?
INV-101838,Portharcourt,Port Harcourt,Normal,Male,Food & Beverages,6212.29,7,2025-07-03 00:00:00,Credit Card,4,2174.3,45660.33,?
INV-101839,,Ogun,Member,Female,Home Supplies,20637.06,8,2024-08-28 00:00:00,Credit Card,6,8254.82,173351.3,?
INV-101840,ABUJA,Abuja,Normal,Female,Health & Beauty,42474.6,9,2024-03-12 00:00:00,Cash,4,19113.57,401384.97,?
INV-101841,ABUJA,Ogun,Member,Female,Electronics,18699.07,6,2024-11-01 00:00:00,Cash,4,5609.72,117804.14,?
INV-101842,Portharcourt,Abuja,Normal,Female,Food & Beverages,29759.22,9,2025-08-24 00:00:00,,6,13391.65,281224.63,?
INV-101843, ogun,Abuja,Normal,Female,Fashion,25436.79,4,2025-09-20 00:00:00,Cash,5,5087.36,106834.52,?
INV-101844,ABUJA,Ogun,Normal,Female,Health & Beauty,32474.6,8,2024-07-04 00:00:00,Credit Card,9,12989.84,272786.64,?
INV-101845, ogun,Lagos,Member,Male,Health & Beauty,48658.27,3,2024-09-27 00:00:00,Credit Card,4,7298.74,153273.55,?
INV-101846,Portharcourt,Ogun,Member,Female,Food & Beverages,3258.91,4,2024-10-03 00:00:00,Cash,9,651.78,13687.42,?
INV-101847,Portharcourt,Lagos,Member,Female,Fashion,28911.1,4,2024-06-11 00:00:00,Credit Card,8,5782.22,121426.62,?
INV-101848,lagos ,Abuja,Member,Female,Sports Equipment,43219.92,6,2025-06-03 00:00:00,Cash,9,12965.98,272285.5,?
INV-101849,ABUJA,Abuja,Normal,Male,Sports Equipment,24328.44,9,2024-06-18 00:00:00,Credit Card,5,10947.8,229903.76,?
INV-101850, ogun,Lagos,Member,Female,Electronics,4387.1,6,2025-07-04 00:00:00,Ewallet,5,1316.13,27638.73,?
INV-101851,lagos ,Abuja,Member,Female,Food & Beverages,28246.7,1,2024-09-09 00:00:00,Ewallet,4,1412.34,29659.04,?
INV-101852,ABUJA,Lagos,Normal,Female,Electronics,16937.66,5,2025-10-11 00:00:00,Cash,6,4234.42,88922.72,?
INV-101853,lagos ,Lagos,Normal,Male,Sports Equipment,8169.62,9,2024-06-04 00:00:00,Cash,5,3676.33,77202.91,?
INV-101854,Portharcourt,Abuja,Member,Female,Health & Beauty,42527.21,5,2024-12-17 00:00:00,Cash,6,10631.8,223267.85,?
INV-101855,ABUJA,Port Harcourt,Normal,,,26319.18,6,2025-02-12 00:00:00,Cash,8,7895.75,165810.83,?
INV-101856,lagos ,Lagos,Member,Female,Fashion,46697.18,3,2025-06-11 00:00:00,Cash,6,7004.58,147096.12,?
INV-101857,lagos ,Ogun,Normal,Male,Home Supplies,40397.82,8,2025-07-06 00:00:00,Credit Card,7,16159.13,339341.69,?
INV-101858, ogun,Ogun,Member,Male,Sports Equipment,34802.1,4,2024-10-08 00:00:00,Ewallet,6,6960.42,146168.82,?
INV-101859,lagos ,Abuja,Member,Male,Sports Equipment,748.76,4,2024-11-20 00:00:00,Credit Card,5,149.75,3144.79,?
INV-101860,ABUJA,Port Harcourt,Member,Female,Fashion,21677.26,5,2024-05-22 00:00:00,Ewallet,6,5419.32,113805.62,?
INV-101861,ABUJA,Abuja,Member,Male,Electronics,10275.57,9,2024-10-24 00:00:00,Credit Card,6,4624.01,97104.14,?
INV-101862, ogun,Port Harcourt,Member,Male,Food & Beverages,45584.5,8,2025-07-14 00:00:00,Credit Card,7,18233.8,382909.8,?
INV-101863,ABUJA,Lagos,Normal,Male,Health & Beauty,9141.91,7,2025-06-01 00:00:00,Credit Card,7,3199.67,67193.04,?
INV-101864,Portharcourt,Lagos,Member,Male,Home Supplies,14659.97,5,2024-08-30 00:00:00,Cash,4,3664.99,76964.84,?
INV-101865,ABUJA,Lagos,Member,Female,Food & Beverages,26083.42,9,2025-10-05 00:00:00,Ewallet,5,11737.54,246488.32,?
INV-101866,ABUJA,Lagos,Member,Female,Food & Beverages,13536.5,9,2024-08-09 00:00:00,Cash,4,6091.42,127919.92,?
INV-101867,lagos ,Ogun,Member,Female,Fashion,10888.3,2,2025-07-05 00:00:00,Cash,7,1088.83,22865.43,?
INV-101868,lagos ,Ogun,Member,Female,Electronics,30155.42,4,2025-08-16 00:00:00,Credit Card,6,6031.08,126652.76,?
INV-101869,ABUJA,Abuja,Normal,Male,Sports Equipment,4902.01,8,2024-03-27 00:00:00,Ewallet,7,1960.8,41176.88,?
INV-101870, ogun,Port Harcourt,Normal,Female,Sports Equipment,3379.3,1,2024-02-23 00:00:00,Ewallet,8,168.97,3548.27,?
INV-101871,lagos ,Lagos,Member,Male,Fashion,18926.14,5,2024-11-13 00:00:00,Ewallet,6,4731.54,99362.24,?
INV-101872, ogun,Lagos,Normal,Female,Electronics,36172.89,8,2024-11-14 00:00:00,Ewallet,4,14469.16,303852.28,?
INV-101873,ABUJA,Port Harcourt,Member,Female,Fashion,27962.93,2,2025-02-23 00:00:00,Cash,6,2796.29,58722.15,?
INV-101874,ABUJA,Port Harcourt,Normal,Female,Sports Equipment,21432.39,2,2025-05-15 00:00:00,Cash,8,2143.24,45008.02,?
INV-101875,Portharcourt,Abuja,Normal,Male,Food & Beverages,28504.7,8,2024-12-04 00:00:00,Ewallet,7,11401.88,239439.48,?
INV-101876,lagos ,Port Harcourt,Member,Female,Health & Beauty,18589.85,9,2024-11-23 00:00:00,Cash,5,8365.43,175674.08,?
INV-101877,ABUJA,Lagos,Normal,Female,Electronics,46839.24,7,2024-09-17 00:00:00,Ewallet,9,16393.73,344268.41,?
INV-101878,Portharcourt,Lagos,Normal,Female,Home Supplies,3217.79,8,2024-05-20 00:00:00,Cash,5,1287.12,27029.44,?
INV-101879,lagos ,Lagos,Member,Male,Home Supplies,33832.88,5,2025-04-02 00:00:00,Credit Card,5,8458.22,177622.62,?
INV-101880,ABUJA,Lagos,Member,Female,Food & Beverages,44618.49,-1,2025-01-14 00:00:00,Credit Card,7,2230.92,46849.41,?
INV-101881,ABUJA,Lagos,Normal,Female,Fashion,40292.29,4,2025-08-31 00:00:00,Ewallet,5,8058.46,169227.62,?
INV-101882,lagos ,Abuja,Normal,Male,Fashion,9610.03,2,2024-02-05 00:00:00,Ewallet,8,961,20181.06,?
INV-101883,lagos ,Lagos,Normal,Male,Sports Equipment,15148.35,3,2024-12-01 00:00:00,Cash,7,2272.25,47717.3,?
INV-101884,lagos ,Abuja,Member,Female,Food & Beverages,35993.87,3,2024-07-29 00:00:00,Ewallet,5,5399.08,113380.69,?
INV-101885,ABUJA,Lagos,Normal,Female,Sports Equipment,4671.39,9,2025-01-16 00:00:00,Ewallet,9,2102.13,44144.64,?
INV-101886,ABUJA,Ogun,Normal,Female,Sports Equipment,40687.15,4,2024-03-01 00:00:00,Cash,4,8137.43,170886.03,?
INV-101887,Portharcourt,Ogun,Normal,Male,Home Supplies,36085.89,2,2025-10-12 00:00:00,Ewallet,7,3608.59,75780.37,?
INV-101888, ogun,Ogun,Member,Male,Sports Equipment,36615.53,3,2025-06-28 00:00:00,Ewallet,7,5492.33,115338.92,?
INV-101889,lagos ,Ogun,Member,Male,Sports Equipment,5461.95,3,2025-08-17 00:00:00,Credit Card,6,819.29,17205.14,?
INV-101890,ABUJA,Abuja,Member,Female,Home Supplies,36029.15,7,2024-03-26 00:00:00,Credit Card,5,12610.2,264814.25,?
INV-101891,ABUJA,Abuja,Member,Male,Fashion,34151,8,2024-06-08 00:00:00,Credit Card,4,13660.4,286868.4,?
INV-101892,lagos ,Port Harcourt,Normal,Female,Electronics,41630.66,6,2025-05-21 00:00:00,Ewallet,9,12489.2,262273.16,?
INV-101893, ogun,Lagos,Member,Male,Health & Beauty,2559,4,2025-04-11 00:00:00,Cash,8,511.8,10747.8,?
INV-101894,lagos ,Ogun,Normal,Male,Sports Equipment,1643.98,6,2024-07-26 00:00:00,Credit Card,7,493.19,10357.07,?
INV-101895, ogun,Abuja,Normal,Male,Electronics,18963.85,1,2024-02-03 00:00:00,Ewallet,8,948.19,19912.04,?
INV-101896,ABUJA,Lagos,Normal,Female,Home Supplies,7865.02,8,2024-02-15 00:00:00,Credit Card,8,3146.01,66066.17,?
INV-101897, ogun,Lagos,Normal,Female,Electronics,28140.03,1,2025-02-19 00:00:00,Cash,8,1407,29547.03,?
INV-101898,Portharcourt,Abuja,Member,Female,Health & Beauty,45908.77,5,2024-09-10 00:00:00,Cash,6,11477.19,241021.04,?
INV-101899,ABUJA,Ogun,Member,Female,Electronics,19878.25,2,2024-02-21 00:00:00,Cash,8,1987.82,41744.32,?
INV-101900,Portharcourt,Port Harcourt,Member,Male,Electronics,42325.04,6,2025-05-06 00:00:00,,5,12697.51,266647.75,?
INV-101901,lagos ,Lagos,Member,Female,Electronics,511.92,9,2025-07-09 00:00:00,Cash,5,230.36,4837.64,?
INV-101902,lagos ,Port Harcourt,Member,Male,Electronics,8841.47,5,2025-02-04 00:00:00,Cash,4,2210.37,46417.72,?
INV-101903,lagos ,Ogun,Normal,Female,Food & Beverages,2005.97,4,2024-08-31 00:00:00,Ewallet,4,401.19,8425.07,?
INV-101904, ogun,Ogun,Member,Female,Sports Equipment,16743.29,2,2024-09-01 00:00:00,Credit Card,9,1674.33,35160.91,?
INV-101905,ABUJA,Port Harcourt,Member,Male,Home Supplies,45455.38,3,2025-05-19 00:00:00,Cash,8,6818.31,143184.45,?
INV-101906,lagos ,Ogun,Member,Male,Health & Beauty,5299.13,6,2025-10-21 00:00:00,Credit Card,8,1589.74,33384.52,?
INV-101907,lagos ,Lagos,Member,Female,Home Supplies,30517.28,8,2024-10-20 00:00:00,Credit Card,6,12206.91,256345.15,?
INV-101908,ABUJA,Port Harcourt,Normal,Female,Food & Beverages,22849.05,8,2025-09-28 00:00:00,,8,9139.62,191932.02,?
INV-101909,lagos ,Ogun,Normal,Male,Food & Beverages,46954.18,5,2024-12-29 00:00:00,Cash,8,11738.54,246509.44,?
INV-101910,Portharcourt,Port Harcourt,Normal,Male,Food & Beverages,6564.7,5,2025-02-25 00:00:00,Cash,8,1641.18,34464.68,?
INV-101911,ABUJA,Lagos,Normal,Male,Sports Equipment,10995.38,3,2024-04-03 00:00:00,Ewallet,7,1649.31,34635.45,?
INV-101912,ABUJA,Ogun,Normal,Male,Food & Beverages,1962.33,7,2024-09-03 00:00:00,Ewallet,7,686.82,14423.13,?
INV-101913,ABUJA,Lagos,Member,Male,Electronics,21979.79,6,2024-10-18 00:00:00,Ewallet,6,6593.94,138472.68,?
INV-101914,Portharcourt,Ogun,Normal,Female,Home Supplies,14252.73,1,2024-12-04 00:00:00,Ewallet,6,712.64,14965.37,?
INV-101915,ABUJA,Abuja,Normal,Female,Fashion,43560.34,4,2025-04-21 00:00:00,Ewallet,5,8712.07,182953.43,?
INV-101916,Portharcourt,Ogun,Normal,Female,Health & Beauty,30444.57,6,2025-01-24 00:00:00,Credit Card,6,9133.37,191800.79,?
INV-101917,ABUJA,Port Harcourt,Member,Female,Food & Beverages,30897.49,6,2024-11-09 00:00:00,Ewallet,9,9269.25,194654.19,?
INV-101918, ogun,Ogun,Member,Male,Home Supplies,26829.58,3,2025-03-10 00:00:00,Cash,5,4024.44,84513.18,?
INV-101919,lagos ,Lagos,Normal,Male,Food & Beverages,5046.59,6,2024-05-28 00:00:00,Cash,8,1513.98,31793.52,?
INV-101920, ogun,Lagos,Member,Male,,22528.42,6,2024-04-30 00:00:00,,6,6758.53,141929.05,?
INV-101921,lagos ,Ogun,Member,Female,Food & Beverages,49975.51,9,2025-03-06 00:00:00,Ewallet,9,22488.98,472268.57,?
INV-101922,,Port Harcourt,Normal,Male,Food & Beverages,0,9,2024-01-17 00:00:00,Ewallet,6,18829.73,395424.38,?
INV-101923, ogun,Abuja,Member,Male,Food & Beverages,44726.22,2,2024-05-25 00:00:00,Ewallet,6,4472.62,93925.06,?
INV-101924,ABUJA,Port Harcourt,Member,Female,Food & Beverages,41249.7,4,2024-06-30 00:00:00,Ewallet,5,8249.94,173248.74,?
INV-101925,lagos ,Abuja,Member,Female,Health & Beauty,5600.56,9,2024-11-08 00:00:00,,5,2520.25,52925.29,?
INV-101926,lagos ,Lagos,Normal,Female,Home Supplies,11758.69,4,2024-04-29 00:00:00,Credit Card,4,2351.74,49386.5,?
INV-101927, ogun,Port Harcourt,Normal,Male,Sports Equipment,654.52,8,2024-07-05 00:00:00,Ewallet,5,261.81,5497.97,?
INV-101928,Portharcourt,Abuja,Normal,Male,Food & Beverages,15523.75,3,2025-03-10 00:00:00,,5,2328.56,48899.81,?
INV-101929, ogun,Ogun,Member,Female,Food & Beverages,5876.07,3,2024-07-01 00:00:00,Ewallet,7,881.41,18509.62,?
INV-101930,Portharcourt,Lagos,Normal,Female,Food & Beverages,23903.27,9,2024-07-31 00:00:00,Cash,6,10756.47,225885.9,?
INV-101931,Portharcourt,Ogun,Member,Male,Food & Beverages,34017.81,8,2024-11-17 00:00:00,Cash,5,13607.12,285749.6,?
INV-101932,lagos ,Lagos,Member,Female,Electronics,43788.01,1,2024-04-17 00:00:00,Credit Card,6,2189.4,45977.41,?
INV-101933, ogun,Port Harcourt,Member,Male,Electronics,37586.25,2,2025-07-11 00:00:00,Credit Card,6,3758.62,78931.12,?
INV-101934, ogun,Port Harcourt,Normal,Female,Fashion,46959.99,3,2025-02-10 00:00:00,Credit Card,7,7044,147923.97,?
INV-101935,Portharcourt,Lagos,Normal,Female,Food & Beverages,3167.97,2,2025-01-10 00:00:00,Credit Card,6,316.8,6652.74,?
INV-101936, ogun,Lagos,Normal,Female,Fashion,1102.9,3,2024-09-10 00:00:00,Cash,9,165.44,3474.14,?
INV-101937,ABUJA,Lagos,Normal,Male,Health & Beauty,33236.24,8,2024-08-23 00:00:00,Credit Card,5,13294.5,279184.42,?
INV-101938,ABUJA,Port Harcourt,Member,Male,Fashion,14822.94,6,2024-01-26 00:00:00,Ewallet,6,4446.88,93384.52,?
INV-101939, ogun,Abuja,Normal,Female,Home Supplies,13048.3,7,2024-09-08 00:00:00,Cash,4,4566.9,95905,?
INV-101940, ogun,Ogun,Member,Male,Electronics,16878.91,6,2024-10-10 00:00:00,Cash,4,5063.67,106337.13,?
INV-101941,Portharcourt,Ogun,Normal,Female,Electronics,13854.9,1,2025-05-08 00:00:00,Cash,7,692.74,14547.64,?
INV-101942,ABUJA,Port Harcourt,Normal,Female,Food & Beverages,25816.1,3,2024-07-15 00:00:00,Ewallet,9,3872.41,81320.71,?
INV-101943,ABUJA,Ogun,Normal,Male,Food & Beverages,22287.35,1,2024-01-09 00:00:00,Cash,5,1114.37,23401.72,?
INV-101944,lagos ,Lagos,Member,Male,Health & Beauty,25865.21,9,2025-05-18 00:00:00,Ewallet,7,11639.34,244426.23,?
INV-101945,Portharcourt,Abuja,Member,Male,Sports Equipment,33799.32,9,2025-04-19 00:00:00,Credit Card,4,15209.69,319403.57,?
INV-101946,lagos ,Ogun,Member,Male,Health & Beauty,19662.96,5,2024-02-18 00:00:00,Cash,9,4915.74,103230.54,?
INV-101947,ABUJA,Abuja,Member,Female,Home Supplies,12939.73,4,2025-07-04 00:00:00,Ewallet,5,2587.95,54346.87,?
INV-101948,Portharcourt,Lagos,Member,Male,Food & Beverages,8726.93,9,2024-10-18 00:00:00,Cash,6,3927.12,82469.49,?
INV-101949, ogun,Ogun,Normal,Male,Food & Beverages,17798.97,9,2025-02-15 00:00:00,Credit Card,5,8009.54,168200.27,?
INV-101950,Portharcourt,Port Harcourt,Member,Female,Health & Beauty,37219.42,3,2024-01-25 00:00:00,Cash,8,5582.91,117241.17,?
INV-101951, ogun,Abuja,Member,Female,Health & Beauty,37956.89,5,2024-06-14 00:00:00,Credit Card,5,9489.22,199273.67,?
INV-101952, ogun,Lagos,Member,Female,Health & Beauty,33511.82,3,2025-01-26 00:00:00,,6,5026.77,105562.23,?
INV-101953,,Abuja,Member,Female,Electronics,12084.39,2,2025-07-31 00:00:00,Ewallet,8,1208.44,25377.22,?
INV-101954, ogun,Ogun,Normal,Male,Fashion,29610.27,1,2024-06-18 00:00:00,,9,1480.51,31090.78,?
INV-101955,lagos ,Ogun,Member,Male,Fashion,28749.14,2,2024-03-05 00:00:00,Cash,7,2874.91,60373.19,?
INV-101956,ABUJA,Port Harcourt,Normal,Female,Food & Beverages,24471.18,8,2025-07-12 00:00:00,Credit Card,9,9788.47,205557.91,?
INV-101957, ogun,Lagos,Normal,Female,Electronics,27723.96,8,2024-08-28 00:00:00,Credit Card,5,11089.58,232881.26,?
INV-101958,lagos ,Lagos,Normal,Male,Health & Beauty,24843.64,3,2025-07-14 00:00:00,Ewallet,7,3726.55,78257.47,?
INV-101959, ogun,Port Harcourt,Member,Male,Food & Beverages,28490.09,7,2025-03-06 00:00:00,Ewallet,5,9971.53,209402.16,?
INV-101960,ABUJA,Port Harcourt,Normal,Male,Electronics,35917.54,7,2024-03-02 00:00:00,Ewallet,4,12571.14,263993.92,?
INV-101961,lagos ,Lagos,Member,Male,Home Supplies,5926.6,2,2025-02-06 00:00:00,Ewallet,4,592.66,12445.86,?
INV-101962,ABUJA,Abuja,Member,Male,Sports Equipment,37606.47,9,2024-07-23 00:00:00,Credit Card,6,16922.91,355381.14,?
INV-101963,ABUJA,Abuja,Member,Female,Electronics,7226.36,3,2024-10-01 00:00:00,Credit Card,9,1083.95,22763.03,?
INV-101964,lagos ,Port Harcourt,Member,Female,Food & Beverages,3798.09,2,2024-11-07 00:00:00,Cash,4,379.81,7975.99,?
INV-101965,lagos ,Abuja,Member,Female,Fashion,48815.94,3,2024-03-12 00:00:00,Cash,8,7322.39,153770.21,?
INV-101966,lagos ,Lagos,Normal,Female,Health & Beauty,47871.09,2,2024-05-19 00:00:00,Cash,8,4787.11,100529.29,?
INV-101967,Portharcourt,Ogun,Normal,Male,Sports Equipment,3491.61,8,2024-09-08 00:00:00,Ewallet,5,1396.64,29329.52,?
INV-101968,lagos ,Ogun,Member,Female,,22441.05,5,2024-02-03 00:00:00,Credit Card,7,5610.26,117815.51,?
INV-101969,lagos ,Abuja,Normal,Male,Sports Equipment,9719.12,3,2025-08-06 00:00:00,Credit Card,8,1457.87,30615.23,?
INV-101970,lagos ,Port Harcourt,Member,Male,Sports Equipment,24524.57,5,2024-03-10 00:00:00,Cash,5,6131.14,128753.99,?
INV-101971,lagos ,Port Harcourt,Normal,Male,Electronics,41593.77,8,2025-08-09 00:00:00,Cash,7,16637.51,349387.67,?
INV-101972, ogun,Port Harcourt,Normal,Male,Food & Beverages,47555.28,7,2024-03-28 00:00:00,Credit Card,4,16644.35,349531.31,?
INV-101973,Portharcourt,Port Harcourt,Normal,,Food & Beverages,31895.51,6,2025-07-14 00:00:00,Ewallet,5,9568.65,200941.71,?
INV-101974,ABUJA,Port Harcourt,Normal,Male,Sports Equipment,18018.33,1,2024-04-06 00:00:00,Cash,7,900.92,18919.25,?
INV-101975,lagos ,Abuja,Normal,Male,Health & Beauty,30364.62,1,2024-12-30 00:00:00,Cash,6,1518.23,31882.85,?
INV-101976, ogun,Ogun,Member,Female,Food & Beverages,15944.06,1,2024-05-01 00:00:00,Credit Card,9,797.2,16741.26,?
INV-101977, ogun,Ogun,Member,Male,Sports Equipment,45536.27,8,2025-01-27 00:00:00,Credit Card,9,18214.51,382504.67,?
INV-101978, ogun,Abuja,Normal,Female,Food & Beverages,43584.82,8,2024-10-17 00:00:00,Cash,6,17433.93,366112.49,?
INV-101979,ABUJA,Port Harcourt,Member,Female,Health & Beauty,28132.47,7,2024-11-25 00:00:00,Cash,8,9846.36,206773.65,?
INV-101980,lagos ,Abuja,Normal,Male,Home Supplies,16577.55,6,2025-03-15 00:00:00,Ewallet,9,4973.26,104438.56,?
INV-101981,Portharcourt,Ogun,Member,Male,Sports Equipment,15022.79,4,2025-09-04 00:00:00,Ewallet,7,3004.56,63095.72,?
INV-101982,Portharcourt,Lagos,Normal,Female,Fashion,2154.19,1,2025-03-02 00:00:00,Ewallet,6,107.71,2261.9,?
INV-101983, ogun,Abuja,Normal,Female,Fashion,40883.13,9,2025-03-29 00:00:00,Ewallet,8,18397.41,386345.58,?
INV-101984,ABUJA,Port Harcourt,Normal,Female,Sports Equipment,22793.97,1,2025-06-27 00:00:00,Cash,5,1139.7,23933.67,?
INV-101985,ABUJA,Ogun,Member,Female,Electronics,16594.08,4,2024-08-01 00:00:00,,5,3318.82,69695.14,?
INV-101986,ABUJA,Ogun,Member,Male,Home Supplies,23819.96,3,2025-09-23 00:00:00,Cash,7,3572.99,75032.87,?
INV-101987,,Ogun,Normal,Male,Electronics,41027.53,7,2024-02-20 00:00:00,Ewallet,7,14359.64,301552.35,?
INV-101988, ogun,Ogun,Normal,Male,Fashion,6668.4,5,2025-02-14 00:00:00,Cash,7,1667.1,35009.1,?
INV-101989,lagos ,Port Harcourt,Member,Female,Health & Beauty,42953.97,5,2024-10-21 00:00:00,Credit Card,9,10738.49,225508.34,?
INV-101990,Portharcourt,Lagos,Member,Male,Sports Equipment,44926.69,4,2024-12-07 00:00:00,Ewallet,7,8985.34,188692.1,?
INV-101991, ogun,Ogun,Member,Female,Food & Beverages,47362.04,1,2024-10-16 00:00:00,,6,2368.1,49730.14,?
INV-101992,,Abuja,Member,Male,Fashion,20175.66,5,2024-01-19 00:00:00,Ewallet,6,5043.92,105922.22,?
INV-101993,lagos ,Lagos,Member,Female,Home Supplies,11248.45,4,2025-09-13 00:00:00,Cash,8,2249.69,47243.49,?
INV-101994,lagos ,Ogun,Normal,Male,Fashion,18995.22,8,2024-02-24 00:00:00,Ewallet,6,7598.09,159559.85,?
INV-101995,lagos ,Lagos,Member,Male,Home Supplies,16979.15,-1,2024-06-26 00:00:00,Credit Card,9,1697.92,35656.22,?
INV-101996,ABUJA,Abuja,Normal,Female,Home Supplies,9219.62,8,2024-12-24 00:00:00,Ewallet,5,3687.85,77444.81,?
INV-101997,lagos ,Ogun,Normal,Female,Sports Equipment,30559.7,1,2024-08-03 00:00:00,Credit Card,8,1527.98,32087.68,?
INV-101998, ogun,Abuja,Member,Female,Home Supplies,24092.9,4,2024-07-17 00:00:00,Cash,6,4818.58,101190.18,?
INV-101999,lagos ,Port Harcourt,Member,Female,Electronics,43352.2,3,2025-10-03 00:00:00,Credit Card,7,6502.83,136559.43,?
INV-102000, ogun,Ogun,Normal,Female,Health & Beauty,2089.42,5,2024-01-11 00:00:00,Cash,6,522.36,10969.46,?
INV-102001,Portharcourt,Ogun,Member,Male,Fashion,32371.46,5,2024-03-06 00:00:00,Credit Card,4,8092.86,169950.16,?
INV-102002,ABUJA,Ogun,Normal,Female,Health & Beauty,38265.97,5,2025-05-03 00:00:00,Cash,8,9566.49,200896.34,?
INV-102003,Portharcourt,Ogun,Member,Male,Food & Beverages,38094.59,4,2025-07-02 00:00:00,Credit Card,9,7618.92,159997.28,?
INV-102004,Portharcourt,Port Harcourt,Member,Male,Fashion,44360.66,8,2024-11-14 00:00:00,Cash,6,17744.26,372629.54,?
INV-102005, ogun,Ogun,Member,,Health & Beauty,36587.17,3,2024-06-07 00:00:00,Cash,6,5488.08,115249.59,?
INV-102006,Portharcourt,Lagos,Normal,Male,Health & Beauty,46426.6,4,2024-09-13 00:00:00,Cash,9,9285.32,194991.72,?
INV-102007, ogun,Ogun,Member,Male,Sports Equipment,16966.5,1,2024-01-10 00:00:00,Credit Card,5,848.32,17814.82,?
INV-102008,lagos ,Port Harcourt,Normal,Female,Sports Equipment,25408.87,7,2025-07-27 00:00:00,Credit Card,7,8893.1,186755.19,?
INV-102009,lagos ,Ogun,Member,Female,Food & Beverages,1196.94,1,2024-10-26 00:00:00,Cash,7,59.85,1256.79,?
INV-102010, ogun,Lagos,Normal,Male,Home Supplies,844.4,2,2025-09-16 00:00:00,Ewallet,5,84.44,1773.24,?
INV-102011,lagos ,Port Harcourt,Member,Male,Fashion,12386.27,7,2024-03-16 00:00:00,Cash,5,4335.19,91039.08,?
INV-102012,ABUJA,Port Harcourt,Normal,Female,Sports Equipment,5489.96,1,2024-01-09 00:00:00,Ewallet,4,274.5,5764.46,?
INV-102013,Portharcourt,Lagos,Normal,Female,,13380.46,3,2025-04-17 00:00:00,Cash,9,2007.07,42148.45,?
INV-102014,ABUJA,Lagos,Normal,Male,Food & Beverages,9263.64,6,2024-03-17 00:00:00,Credit Card,8,2779.09,58360.93,?
INV-102015,Portharcourt,Lagos,Normal,Female,Sports Equipment,1911.74,6,2025-03-16 00:00:00,Ewallet,7,573.52,12043.96,?
INV-102016,lagos ,Lagos,Normal,Female,Sports Equipment,45510.56,6,2024-07-01 00:00:00,Credit Card,5,13653.17,286716.53,?
INV-102017,ABUJA,Lagos,Normal,Female,Home Supplies,907.05,2,2024-06-05 00:00:00,Ewallet,5,90.7,1904.8,?
INV-102018,lagos ,Port Harcourt,Member,Male,Fashion,36936.07,2,2025-09-25 00:00:00,Ewallet,9,3693.61,77565.75,?
INV-102019,Portharcourt,Port Harcourt,Normal,Female,Fashion,8031.32,6,2024-05-03 00:00:00,Ewallet,8,2409.4,50597.32,?
INV-102020, ogun,Ogun,Normal,Male,Fashion,45655.37,5,2025-09-15 00:00:00,Ewallet,5,11413.84,239690.69,?
INV-102021, ogun,Ogun,Normal,Male,Home Supplies,44693.4,7,2024-12-14 00:00:00,Credit Card,4,15642.69,328496.49,?
INV-102022,ABUJA,Abuja,Member,Male,Sports Equipment,32868.11,7,2025-06-09 00:00:00,Ewallet,8,11503.84,241580.61,?
INV-102023,lagos ,Ogun,Member,Male,Food & Beverages,33775.59,5,2025-04-30 00:00:00,Cash,4,8443.9,177321.85,?
INV-102024,lagos ,Ogun,Member,Male,Fashion,764.29,8,2025-02-23 00:00:00,Cash,6,305.72,6420.04,?
INV-102025,ABUJA,Lagos,Normal,Female,Health & Beauty,49251.14,6,2025-02-05 00:00:00,Ewallet,7,14775.34,310282.18,?
INV-102026, ogun,Lagos,Member,Male,Home Supplies,43952.71,5,2025-05-11 00:00:00,Credit Card,5,10988.18,230751.73,?
INV-102027,Portharcourt,Ogun,Member,Male,Electronics,44807.76,4,2024-03-13 00:00:00,Credit Card,8,8961.55,188192.59,?
INV-102028,ABUJA,Abuja,Normal,Male,Food & Beverages,33132.6,7,2025-06-28 00:00:00,Ewallet,4,11596.41,243524.61,?
INV-102029,Portharcourt,Lagos,Normal,Female,Health & Beauty,17566.95,4,2024-11-25 00:00:00,Credit Card,7,3513.39,73781.19,?
INV-102030, ogun,Ogun,Member,Female,Fashion,44735.61,5,2024-11-06 00:00:00,Credit Card,7,11183.9,234861.95,?
INV-102031,lagos ,Ogun,Normal,Female,Electronics,14930.09,5,2025-09-24 00:00:00,Credit Card,5,3732.52,78382.97,?
INV-102032, ogun,Port Harcourt,Normal,Female,Food & Beverages,28354.22,1,2025-05-19 00:00:00,Ewallet,7,1417.71,29771.93,?
INV-102033,ABUJA,Abuja,Normal,Female,Home Supplies,5436.68,1,2025-05-27 00:00:00,Cash,5,271.83,5708.51,?
INV-102034,lagos ,Port Harcourt,Normal,Female,Electronics,46136.8,3,2025-06-26 00:00:00,Cash,6,6920.52,145330.92,?
INV-102035,ABUJA,Abuja,Member,Female,Sports Equipment,7468.14,3,2024-11-29 00:00:00,Cash,5,1120.22,23524.64,?
INV-102036,ABUJA,Lagos,Normal,Male,Electronics,11632.39,2,2024-10-31 00:00:00,,9,1163.24,24428.02,?
INV-102037, ogun,Abuja,Member,Male,Health & Beauty,28127.64,2,2025-06-04 00:00:00,Cash,4,2812.76,59068.04,?
INV-102038,ABUJA,Ogun,Member,Female,Food & Beverages,38322.6,6,2024-07-06 00:00:00,Credit Card,9,11496.78,241432.38,?
INV-102039, ogun,Ogun,Member,Male,Health & Beauty,31157.89,1,2024-04-27 00:00:00,Credit Card,7,1557.89,32715.78,?
INV-102040,lagos ,Abuja,Member,Male,Health & Beauty,11990.63,6,2025-04-27 00:00:00,Credit Card,7,3597.19,75540.97,?
INV-102041, ogun,Abuja,Normal,Female,Fashion,546.68,5,2024-11-08 00:00:00,Ewallet,7,136.67,2870.07,?
INV-102042,,Abuja,Normal,Male,Home Supplies,37978.95,6,2025-03-09 00:00:00,Credit Card,5,11393.68,239267.38,?
INV-102043, ogun,Port Harcourt,Normal,Male,Electronics,49267.76,5,2024-03-22 00:00:00,Cash,8,12316.94,258655.74,?
INV-102044,Portharcourt,Abuja,Member,Female,Food & Beverages,40590.7,7,2024-08-04 00:00:00,Credit Card,5,14206.74,298341.64,?
INV-102045,Portharcourt,Lagos,Member,Male,Sports Equipment,23280.23,1,2025-01-12 00:00:00,Cash,4,1164.01,24444.24,?
INV-102046,ABUJA,Port Harcourt,Member,Female,Home Supplies,45236.48,3,2025-10-14 00:00:00,Credit Card,5,6785.47,142494.91,?
INV-102047, ogun,Port Harcourt,Normal,Female,Home Supplies,20787.46,6,2025-04-03 00:00:00,,7,6236.24,130961,?
INV-102048, ogun,Abuja,Member,Male,Food & Beverages,26484.24,1,2024-10-15 00:00:00,Credit Card,6,1324.21,27808.45,?
INV-102049,lagos ,Lagos,Normal,Male,Home Supplies,24117.92,7,2024-11-16 00:00:00,Cash,4,8441.27,177266.71,?
INV-102050,ABUJA,Port Harcourt,Normal,Male,Fashion,22657.38,4,2025-02-22 00:00:00,Cash,9,4531.48,95161,?
INV-102051, ogun,Ogun,Normal,Female,Home Supplies,38871.94,3,2025-08-17 00:00:00,Ewallet,6,5830.79,122446.61,?
INV-102052,ABUJA,Port Harcourt,Normal,Female,Fashion,26575.06,9,2024-01-09 00:00:00,Credit Card,4,11958.78,251134.32,?
INV-102053,Portharcourt,Abuja,Member,Female,Electronics,16177.5,1,2025-07-22 00:00:00,Cash,4,808.88,16986.38,?
INV-102054, ogun,Lagos,Normal,Male,Electronics,13278.83,8,2024-04-26 00:00:00,Credit Card,7,5311.53,111542.17,?
INV-102055, ogun,Abuja,Member,Male,Health & Beauty,2368.49,1,2025-05-19 00:00:00,Cash,9,118.42,2486.91,?
INV-102056,ABUJA,Ogun,Normal,Female,Fashion,29368.16,5,2024-04-17 00:00:00,Ewallet,5,7342.04,154182.84,?
INV-102057, ogun,Ogun,Member,Male,Sports Equipment,11883.09,8,2024-05-30 00:00:00,Ewallet,9,4753.24,99817.96,?
INV-102058,ABUJA,Ogun,Member,Male,Electronics,7832.63,6,2024-09-02 00:00:00,Ewallet,7,2349.79,49345.57,?
INV-102059, ogun,Abuja,Normal,,Home Supplies,32864.58,7,2024-05-19 00:00:00,Ewallet,7,11502.6,241554.66,?
INV-102060,lagos ,Port Harcourt,Normal,Female,Food & Beverages,34219.86,8,2024-12-05 00:00:00,Cash,7,13687.94,287446.82,?
INV-102061,ABUJA,Abuja,Normal,Male,Food & Beverages,37731.67,6,2024-01-04 00:00:00,Credit Card,6,11319.5,237709.52,?
INV-102062, ogun,Lagos,Member,Female,Fashion,25427.06,6,2025-04-02 00:00:00,Ewallet,9,7628.12,160190.48,?
INV-102063,Portharcourt,Port Harcourt,Normal,Male,Sports Equipment,44755.7,6,2024-12-15 00:00:00,Ewallet,9,13426.71,281960.91,?
INV-102064, ogun,Ogun,Normal,Female,Health & Beauty,46848.97,5,2025-09-06 00:00:00,Ewallet,4,11712.24,245957.09,?
INV-102065,Portharcourt,Abuja,Member,Female,Home Supplies,40464.86,8,2024-03-16 00:00:00,Credit Card,8,16185.94,339904.82,?
INV-102066,Portharcourt,Ogun,Normal,Female,Fashion,31961.88,2,2024-01-01 00:00:00,Cash,5,3196.19,67119.95,?
INV-102067,lagos ,Ogun,Member,Male,Food & Beverages,15534.19,7,2025-06-17 00:00:00,Cash,7,5436.97,114176.3,?
INV-102068,ABUJA,Lagos,Normal,Male,Fashion,49155.77,4,2024-07-04 00:00:00,Cash,9,9831.15,206454.23,?
INV-102069, ogun,Port Harcourt,Member,,Home Supplies,14069.74,1,2024-06-22 00:00:00,Cash,9,703.49,14773.23,?
INV-102070,lagos ,Lagos,Member,Female,Sports Equipment,10531.52,5,2025-01-07 00:00:00,Credit Card,4,2632.88,55290.48,?
INV-102071, ogun,Lagos,Normal,Female,Sports Equipment,22386.63,3,2025-03-25 00:00:00,Credit Card,5,3357.99,70517.88,?
INV-102072,Portharcourt,Lagos,Member,Male,Electronics,3313.61,4,2024-05-31 00:00:00,,8,662.72,13917.16,?
INV-102073,ABUJA,Ogun,Normal,Female,Home Supplies,48935.48,7,2024-08-14 00:00:00,,8,17127.42,359675.78,?
INV-102074, ogun,Lagos,Normal,Female,Electronics,29627.46,5,2025-05-10 00:00:00,Credit Card,7,7406.86,155544.16,?
INV-102075, ogun,Lagos,Member,Female,Electronics,28069.13,4,2025-10-14 00:00:00,Cash,8,5613.83,117890.35,?
INV-102076,Portharcourt,Port Harcourt,Normal,Female,Electronics,32961.92,1,2024-12-16 00:00:00,Credit Card,8,1648.1,34610.02,?
INV-102077, ogun,Port Harcourt,Member,Male,Fashion,25102.67,6,2024-07-26 00:00:00,Ewallet,5,7530.8,158146.82,?
INV-102078, ogun,Lagos,Member,Male,Food & Beverages,2087.14,6,2025-06-19 00:00:00,Cash,5,626.14,13148.98,?
INV-102079,Portharcourt,Port Harcourt,Member,Female,Sports Equipment,30809.41,7,2025-03-28 00:00:00,Credit Card,7,10783.29,226449.16,?
INV-102080,lagos ,Port Harcourt,Member,Male,Fashion,35950.61,1,2025-10-21 00:00:00,Cash,9,1797.53,37748.14,?
INV-102081,Portharcourt,Lagos,Member,Male,Food & Beverages,21129.08,4,2024-05-16 00:00:00,Cash,4,4225.82,88742.14,?
INV-102082,lagos ,Ogun,Member,Male,Sports Equipment,37986.13,9,2024-01-05 00:00:00,Credit Card,7,17093.76,358968.93,?
INV-102083,ABUJA,Lagos,Member,Female,Home Supplies,11736.56,6,2025-06-07 00:00:00,Credit Card,6,3520.97,73940.33,?
INV-102084,lagos ,Port Harcourt,Member,Male,Sports Equipment,11453.19,2,2025-02-13 00:00:00,Ewallet,8,1145.32,24051.7,?
INV-102085,lagos ,Ogun,Normal,Male,Sports Equipment,8490.14,4,2024-06-29 00:00:00,Credit Card,4,1698.03,35658.59,?
INV-102086,ABUJA,Abuja,Normal,Male,Sports Equipment,18913.74,6,2024-08-12 00:00:00,,9,5674.12,119156.56,?
INV-102087,lagos ,Ogun,Member,Female,Health & Beauty,42427.1,4,2024-10-30 00:00:00,Credit Card,9,8485.42,178193.82,?
INV-102088,Portharcourt,Port Harcourt,Normal,Female,Home Supplies,41481.65,7,2025-04-30 00:00:00,Cash,5,14518.58,304890.13,?
INV-102089,,Ogun,Normal,Male,Fashion,19449.8,3,2024-04-29 00:00:00,Ewallet,6,2917.47,61266.87,?
INV-102090,ABUJA,Lagos,Normal,Male,,29661.38,6,2024-01-13 00:00:00,Cash,9,8898.41,186866.69,?
INV-102091,Portharcourt,Abuja,Normal,Female,Food & Beverages,36180.41,4,2024-01-28 00:00:00,Credit Card,6,7236.08,151957.72,?
INV-102092,ABUJA,Abuja,Normal,Female,Fashion,0,3,2025-02-23 00:00:00,Ewallet,8,1865.96,39185.18,?
INV-102093,ABUJA,Abuja,Normal,Male,Electronics,8822.98,3,2025-02-13 00:00:00,Credit Card,5,1323.45,27792.39,?
INV-102094, ogun,Port Harcourt,Member,Male,Sports Equipment,48618.75,2,2025-02-26 00:00:00,Cash,4,4861.88,102099.38,?
INV-102095, ogun,Port Harcourt,Normal,Female,Fashion,31069.09,3,2025-07-26 00:00:00,Cash,5,4660.36,97867.63,?
INV-102096,ABUJA,Abuja,Normal,Female,Food & Beverages,49080.08,1,2025-05-19 00:00:00,Credit Card,8,2454,51534.08,?
INV-102097,ABUJA,Ogun,Normal,Male,Food & Beverages,17218.92,3,2024-06-10 00:00:00,Ewallet,9,2582.84,54239.6,?
INV-102098,,Abuja,Normal,Female,Electronics,35300.07,9,2024-01-04 00:00:00,Cash,6,15885.03,333585.66,?
INV-102099, ogun,Ogun,Member,Male,Food & Beverages,11518.88,4,2024-11-06 00:00:00,Credit Card,8,2303.78,48379.3,?
INV-102100, ogun,Ogun,Member,Male,Health & Beauty,13429.41,3,2024-10-30 00:00:00,Credit Card,9,2014.41,42302.64,?
INV-102101,lagos ,Port Harcourt,Member,Male,Sports Equipment,25839.16,8,2025-02-10 00:00:00,Credit Card,7,10335.66,217048.94,?
INV-102102,lagos ,Ogun,Member,Female,Sports Equipment,16321.1,1,2024-11-27 00:00:00,Ewallet,6,816.06,17137.16,?
INV-102103,ABUJA,Abuja,Normal,Male,Sports Equipment,8797.27,5,2025-02-15 00:00:00,Credit Card,8,2199.32,46185.67,?
INV-102104,Portharcourt,Port Harcourt,Member,Male,Home Supplies,13512.59,1,2024-10-25 00:00:00,Credit Card,4,675.63,14188.22,?
INV-102105,Portharcourt,Lagos,Member,Female,Fashion,2269.55,7,2025-03-13 00:00:00,Cash,4,794.34,16681.19,?
INV-102106, ogun,Lagos,Member,Female,Health & Beauty,35368.97,5,2024-06-09 00:00:00,Credit Card,9,8842.24,185687.09,?
INV-102107, ogun,Port Harcourt,Member,Male,Fashion,24859.77,2,2025-06-29 00:00:00,Ewallet,9,2485.98,52205.52,?
INV-102108, ogun,Abuja,Normal,Male,Health & Beauty,5165.03,1,2024-05-06 00:00:00,Credit Card,4,258.25,5423.28,?
INV-102109,ABUJA,Lagos,Member,Female,Fashion,8998.85,7,2024-04-16 00:00:00,Ewallet,7,3149.6,66141.55,?
INV-102110,Portharcourt,Lagos,Normal,Female,Electronics,0,1,2024-03-27 00:00:00,Credit Card,5,278.77,5854.23,?
INV-102111,lagos ,Ogun,Member,Female,Food & Beverages,30823.34,3,2024-09-27 00:00:00,Credit Card,4,4623.5,97093.52,?
INV-102112,ABUJA,Ogun,Normal,Male,Food & Beverages,5163.41,6,2024-10-09 00:00:00,Credit Card,9,1549.02,32529.48,?
INV-102113,lagos ,Abuja,Normal,Male,Electronics,37836.98,6,2025-02-09 00:00:00,Ewallet,9,11351.09,238372.97,?
INV-102114,lagos ,Port Harcourt,Member,,Health & Beauty,1515.29,7,2024-05-23 00:00:00,Cash,7,530.35,11137.38,?
INV-102115,ABUJA,Abuja,Member,Female,Home Supplies,12844.1,1,2024-07-25 00:00:00,Ewallet,4,642.21,13486.31,?
INV-102116,lagos ,Port Harcourt,Member,Male,Health & Beauty,44588,7,2024-01-03 00:00:00,Cash,7,15605.8,327721.8,?
INV-102117,Portharcourt,Lagos,Member,Female,Food & Beverages,36067.3,2,2025-08-04 00:00:00,Ewallet,4,3606.73,75741.33,?
INV-102118,lagos ,Ogun,Normal,Male,,4111.93,6,2024-06-15 00:00:00,Credit Card,5,1233.58,25905.16,?
INV-102119,Portharcourt,Abuja,Normal,Female,Fashion,41145.74,8,2025-05-25 00:00:00,Credit Card,8,16458.3,345624.22,?
INV-102120,Portharcourt,Abuja,Member,Male,Home Supplies,24905.24,5,2024-11-03 00:00:00,Cash,4,6226.31,130752.51,?
INV-102121,Portharcourt,Port Harcourt,Member,Male,Health & Beauty,42415.76,3,2024-08-03 00:00:00,Cash,8,6362.36,133609.64,?
INV-102122, ogun,Port Harcourt,Normal,Female,Electronics,30236.62,8,2025-04-16 00:00:00,Ewallet,4,12094.65,253987.61,?
INV-102123,lagos ,Abuja,Member,Female,Fashion,34250.74,8,2024-06-30 00:00:00,Ewallet,5,13700.3,287706.22,?
INV-102124,ABUJA,Port Harcourt,Normal,Male,Health & Beauty,49678.33,4,2024-01-23 00:00:00,Cash,9,9935.67,208648.99,?
INV-102125,ABUJA,Abuja,Member,Female,Fashion,12000.61,8,2025-04-11 00:00:00,Cash,8,4800.24,100805.12,?
INV-102126,lagos ,Abuja,Normal,,Home Supplies,31385.31,5,2024-10-28 00:00:00,Ewallet,7,7846.33,164772.88,?
INV-102127, ogun,Abuja,Normal,Male,Food & Beverages,23285.91,5,2024-03-30 00:00:00,Cash,4,5821.48,122251.03,?
INV-102128, ogun,Lagos,Normal,Female,Health & Beauty,2452.87,3,2024-09-09 00:00:00,Cash,9,367.93,7726.54,?
INV-102129,Portharcourt,Port Harcourt,Normal,Male,Electronics,1216.3,7,2024-07-28 00:00:00,Cash,4,425.71,8939.81,?
INV-102130,lagos ,Ogun,Normal,Male,Home Supplies,6401.81,9,2025-10-11 00:00:00,Cash,7,2880.81,60497.1,?
INV-102131,lagos ,Ogun,Member,Female,Health & Beauty,32630.04,9,2024-09-23 00:00:00,Credit Card,5,14683.52,308353.88,?
INV-102132,ABUJA,Port Harcourt,Normal,Female,Electronics,28574.57,1,2025-01-20 00:00:00,Credit Card,6,1428.73,30003.3,?
INV-102133,lagos ,Abuja,Member,,Health & Beauty,27894.76,1,2025-08-08 00:00:00,Cash,4,1394.74,29289.5,?
INV-102134, ogun,Ogun,Normal,Male,Home Supplies,2076.91,5,2025-09-11 00:00:00,Ewallet,7,519.23,10903.78,?
INV-102135,lagos ,Ogun,Normal,Male,Health & Beauty,23730.5,1,2025-01-12 00:00:00,Credit Card,6,1186.53,24917.03,?
INV-102136,ABUJA,Port Harcourt,Member,Male,Fashion,46268.83,4,2025-02-17 00:00:00,Ewallet,4,9253.77,194329.09,?
INV-102137,Portharcourt,Ogun,Member,Male,,20180.8,1,2025-01-24 00:00:00,Ewallet,8,1009.04,21189.84,?
INV-102138,ABUJA,Abuja,Member,Male,Health & Beauty,31433.66,2,2025-09-25 00:00:00,Credit Card,9,3143.37,66010.69,?
INV-102139,,Port Harcourt,Member,Female,Food & Beverages,39101.02,2,2025-08-20 00:00:00,Ewallet,9,3910.1,82112.14,?
INV-102140,Portharcourt,Abuja,Normal,Female,Health & Beauty,39304.3,4,2025-02-14 00:00:00,Ewallet,7,7860.86,165078.06,?
INV-102141,ABUJA,Ogun,Member,Female,Fashion,26204.36,8,2025-07-26 00:00:00,Cash,8,10481.74,220116.62,?
INV-102142,ABUJA,Ogun,Normal,Male,Electronics,42968.62,2,2024-08-17 00:00:00,Cash,5,4296.86,90234.1,?
INV-102143,lagos ,Abuja,Member,Female,Electronics,19873.22,9,2025-01-08 00:00:00,Cash,6,8942.95,187801.93,?
INV-102144,lagos ,Lagos,Member,Male,Electronics,44490.31,-1,2025-01-22 00:00:00,Credit Card,7,20020.64,420433.43,?
INV-102145,Portharcourt,Ogun,Normal,Male,Food & Beverages,12391.24,2,2024-10-29 00:00:00,Cash,4,1239.12,26021.6,?
INV-102146,lagos ,Lagos,Normal,Female,Fashion,14370.71,1,2024-06-27 00:00:00,Ewallet,9,718.54,15089.25,?
INV-102147,lagos ,Ogun,Member,Male,Home Supplies,3129.47,9,2025-04-03 00:00:00,Ewallet,4,1408.26,29573.49,?
INV-102148,ABUJA,Lagos,Normal,Male,Electronics,39881.3,2,2025-08-04 00:00:00,Ewallet,6,3988.13,83750.73,?
INV-102149, ogun,Lagos,Normal,Male,Fashion,21144.23,8,2025-04-18 00:00:00,Ewallet,8,8457.69,177611.53,?
INV-102150,lagos ,Lagos,Normal,Male,Health & Beauty,11841.27,3,2025-01-05 00:00:00,Ewallet,8,1776.19,37300,?
INV-102151, ogun,Abuja,Normal,Male,Food & Beverages,11973.62,1,2024-08-08 00:00:00,Credit Card,7,598.68,12572.3,?
INV-102152,lagos ,Lagos,Normal,Male,Fashion,45119.3,1,2024-04-17 00:00:00,Ewallet,7,2255.96,47375.26,?
INV-102153,,Lagos,Normal,Female,Fashion,41778.87,2,2024-08-30 00:00:00,Credit Card,8,4177.89,87735.63,?
INV-102154,Portharcourt,Lagos,Normal,Male,Home Supplies,27899.78,7,2024-11-03 00:00:00,Ewallet,7,9764.92,205063.38,?
INV-102155,Portharcourt,Ogun,Normal,Male,Fashion,30997.48,6,2025-07-24 00:00:00,Credit Card,8,9299.24,195284.12,?
INV-102156,Portharcourt,Lagos,Member,Male,Home Supplies,23979.12,2,2024-11-20 00:00:00,Credit Card,6,2397.91,50356.15,?
INV-102157, ogun,Ogun,Normal,Male,Food & Beverages,19887.49,4,2025-03-17 00:00:00,Ewallet,7,3977.5,83527.46,?
INV-102158,ABUJA,Lagos,Member,Female,Food & Beverages,45816.11,2,2024-06-06 00:00:00,Ewallet,8,4581.61,96213.83,?
INV-102159,lagos ,Lagos,Normal,Female,Health & Beauty,6717.83,1,2024-05-18 00:00:00,Ewallet,7,335.89,7053.72,?
INV-102160,lagos ,Abuja,Normal,Male,Home Supplies,21213.12,3,2024-09-17 00:00:00,Ewallet,4,3181.97,66821.33,?
INV-102161,lagos ,Ogun,Normal,Male,Home Supplies,17555.81,4,2025-07-29 00:00:00,Cash,9,3511.16,73734.4,?
INV-102162, ogun,Lagos,Normal,Male,Electronics,25158.46,5,2024-02-18 00:00:00,Cash,4,6289.62,132081.92,?
INV-102163,Portharcourt,Ogun,Member,Female,Electronics,23152.78,5,2024-05-07 00:00:00,Credit Card,5,5788.2,121552.1,?
INV-102164,ABUJA,Ogun,Member,Female,Health & Beauty,0,7,2024-07-31 00:00:00,Credit Card,8,9164.76,192459.97,?
INV-102165, ogun,Port Harcourt,Normal,Female,Food & Beverages,7425.99,8,2025-06-24 00:00:00,,5,2970.4,62378.32,?
INV-102166,Portharcourt,Abuja,Member,Female,Sports Equipment,25900.5,9,2025-02-28 00:00:00,Credit Card,8,11655.22,244759.72,?
INV-102167, ogun,Abuja,Normal,Male,Electronics,12499.73,7,2024-02-17 00:00:00,Ewallet,9,4374.91,91873.02,?
INV-102168,ABUJA,Abuja,Normal,Female,Fashion,9624.4,5,2025-08-31 00:00:00,Credit Card,7,2406.1,50528.1,?
INV-102169,Portharcourt,Port Harcourt,Member,Female,Food & Beverages,3709.29,9,2024-08-05 00:00:00,Credit Card,8,1669.18,35052.79,?
INV-102170, ogun,Port Harcourt,Member,Male,Sports Equipment,38251.3,8,2025-06-12 00:00:00,,4,15300.52,321310.92,?
INV-102171,,Abuja,Normal,Male,Fashion,21658.38,9,2024-01-13 00:00:00,Cash,7,9746.27,204671.69,?
INV-102172,lagos ,Port Harcourt,Normal,Female,Home Supplies,31518.86,8,2024-07-11 00:00:00,Cash,9,12607.54,264758.42,?
INV-102173,ABUJA,Port Harcourt,Member,Female,Food & Beverages,36515.87,6,2024-01-20 00:00:00,Credit Card,4,10954.76,230049.98,?
INV-102174,lagos ,Port Harcourt,Normal,Female,Health & Beauty,34126.17,4,2025-06-12 00:00:00,Ewallet,7,6825.23,143329.91,?
INV-102175, ogun,Abuja,Member,Female,Home Supplies,23789.79,9,2024-04-23 00:00:00,Credit Card,8,10705.41,224813.52,?
INV-102176,Portharcourt,Abuja,Normal,Male,Home Supplies,19700.98,9,2025-07-29 00:00:00,Cash,8,8865.44,186174.26,?
INV-102177,Portharcourt,Abuja,Normal,Male,Fashion,19110.02,9,2025-04-05 00:00:00,Ewallet,4,8599.51,180589.69,?
INV-102178, ogun,Port Harcourt,Member,Female,Home Supplies,32182.42,3,2024-07-16 00:00:00,Credit Card,6,4827.36,101374.62,?
INV-102179,Portharcourt,Abuja,Member,Female,Electronics,24992.32,3,2025-06-12 00:00:00,Cash,8,3748.85,78725.81,?
INV-102180,Portharcourt,Port Harcourt,Member,Female,Food & Beverages,42532.05,6,2024-07-04 00:00:00,Ewallet,6,12759.62,267951.92,?
INV-102181,lagos ,Lagos,Normal,Female,Electronics,43797.75,6,2024-09-24 00:00:00,Credit Card,7,13139.32,275925.82,?
INV-102182, ogun,Port Harcourt,Normal,Female,Fashion,8942.74,6,2024-04-30 00:00:00,Cash,6,2682.82,56339.26,?
INV-102183,ABUJA,Ogun,Normal,Male,Sports Equipment,7243.57,5,2024-09-29 00:00:00,Ewallet,4,1810.89,38028.74,?
INV-102184,lagos ,Abuja,Normal,Male,Fashion,31704.85,5,2024-11-01 00:00:00,Credit Card,5,7926.21,166450.46,?
INV-102185, ogun,Abuja,Member,Male,Food & Beverages,15410.67,2,2024-10-15 00:00:00,Ewallet,5,1541.07,32362.41,?
INV-102186,lagos ,Ogun,Normal,Female,Home Supplies,1419.25,7,2024-12-11 00:00:00,Ewallet,4,496.74,10431.49,?
INV-102187,ABUJA,Port Harcourt,Normal,Female,Health & Beauty,44487.81,4,2025-08-07 00:00:00,Ewallet,5,8897.56,186848.8,?
INV-102188,ABUJA,Lagos,Normal,Male,Fashion,11731.59,3,2025-03-09 00:00:00,Cash,4,1759.74,36954.51,?
INV-102189, ogun,Ogun,Member,Male,Food & Beverages,46499.39,8,2025-03-04 00:00:00,Credit Card,8,18599.76,390594.88,?
INV-102190,ABUJA,Ogun,Normal,Female,Health & Beauty,36013.01,4,2024-10-23 00:00:00,Ewallet,6,7202.6,151254.64,?
INV-102191,lagos ,Port Harcourt,Normal,Male,Home Supplies,38251.35,4,2024-09-01 00:00:00,Ewallet,5,7650.27,160655.67,?
INV-102192,ABUJA,Abuja,Member,Female,Sports Equipment,10472.34,8,2024-10-16 00:00:00,Ewallet,8,4188.94,87967.66,?
INV-102193,lagos ,Port Harcourt,Normal,Female,Fashion,12092.62,1,2024-06-24 00:00:00,Cash,5,604.63,12697.25,?
INV-102194,lagos ,Ogun,Normal,Male,Sports Equipment,26302.75,9,2024-11-21 00:00:00,Ewallet,7,11836.24,248560.99,?
INV-102195,ABUJA,Ogun,Member,Male,Food & Beverages,9018.94,7,2025-08-19 00:00:00,Cash,4,3156.63,66289.21,?
INV-102196, ogun,Abuja,Normal,Male,Sports Equipment,15618.87,2,2025-08-26 00:00:00,Cash,4,1561.89,32799.63,?
INV-102197,Portharcourt,Abuja,Normal,,Sports Equipment,16412.39,6,2024-05-22 00:00:00,Ewallet,8,4923.72,103398.06,?
INV-102198,ABUJA,Abuja,Normal,Female,Food & Beverages,8401.68,8,2025-04-24 00:00:00,Ewallet,7,3360.67,70574.11,?
INV-102199,lagos ,Port Harcourt,Member,Male,Food & Beverages,10656.55,5,2024-05-23 00:00:00,Cash,6,2664.14,55946.89,?
INV-102200,lagos ,Abuja,Normal,Female,Fashion,39533.32,6,2025-02-26 00:00:00,Cash,7,11860,249059.92,?
INV-102201,ABUJA,Ogun,Normal,Female,Sports Equipment,8776.19,8,2024-08-30 00:00:00,Ewallet,7,3510.48,73720,?
INV-102202, ogun,Ogun,Member,Female,,0,6,2025-03-20 00:00:00,Cash,9,572.59,12024.43,?
INV-102203, ogun,Lagos,Member,Male,Food & Beverages,31653.07,9,2024-01-28 00:00:00,Cash,6,14243.88,299121.51,?
INV-102204,lagos ,Port Harcourt,Normal,Female,Home Supplies,48811.16,9,2024-10-24 00:00:00,Ewallet,6,21965.02,461265.46,?
INV-102205,lagos ,Lagos,Normal,,Sports Equipment,16895.08,9,2024-12-10 00:00:00,Ewallet,7,7602.79,159658.51,?
INV-102206, ogun,Ogun,Normal,Male,Food & Beverages,6373.46,6,2025-09-19 00:00:00,Credit Card,5,1912.04,40152.8,?
INV-102207,Portharcourt,Lagos,Normal,Female,Health & Beauty,28734.17,9,2025-07-06 00:00:00,Ewallet,9,12930.38,271537.91,?
INV-102208,ABUJA,Ogun,Member,Male,Fashion,45364.53,3,2025-07-02 00:00:00,Ewallet,5,6804.68,142898.27,?
INV-102209,lagos ,Lagos,Normal,Female,Sports Equipment,39311.06,5,2025-07-13 00:00:00,Ewallet,7,9827.76,206383.06,?
INV-102210,lagos ,Abuja,Member,Male,Food & Beverages,31314.54,2,2025-07-08 00:00:00,Credit Card,5,3131.45,65760.53,?
INV-102211, ogun,Lagos,Member,Male,Food & Beverages,16095.3,8,2024-05-26 00:00:00,Cash,6,6438.12,135200.52,?
INV-102212,ABUJA,Abuja,Normal,Female,Home Supplies,27323.07,4,2025-10-15 00:00:00,,6,5464.61,114756.89,?
INV-102213, ogun,Abuja,Normal,Male,Home Supplies,5016.62,6,2024-10-10 00:00:00,Ewallet,5,1504.99,31604.71,?
INV-102214,ABUJA,Port Harcourt,Member,Male,Sports Equipment,34107.8,6,2025-05-29 00:00:00,Credit Card,6,10232.34,214879.14,?
INV-102215,ABUJA,Abuja,Member,Male,Food & Beverages,36392.25,5,2024-07-27 00:00:00,Credit Card,4,9098.06,191059.31,?
INV-102216,ABUJA,Abuja,Normal,Female,Sports Equipment,48269.07,1,2025-08-10 00:00:00,Credit Card,6,2413.45,50682.52,?
INV-102217,lagos ,Lagos,Member,Female,Food & Beverages,13389.67,7,2025-01-11 00:00:00,Cash,7,4686.38,98414.07,?
INV-102218,Portharcourt,Ogun,Normal,Male,Home Supplies,1413.59,8,2024-01-15 00:00:00,Credit Card,8,565.44,11874.16,?
INV-102219, ogun,Port Harcourt,Normal,Male,Health & Beauty,27507.62,1,2024-02-16 00:00:00,Cash,5,1375.38,28883,?
INV-102220,Portharcourt,Abuja,Member,Male,Electronics,35486.13,7,2024-06-29 00:00:00,Ewallet,9,12420.15,260823.06,?
INV-102221, ogun,Port Harcourt,Member,Female,Electronics,39625.17,4,2024-11-03 00:00:00,Ewallet,5,7925.03,166425.71,?
INV-102222,ABUJA,Lagos,Normal,Female,Food & Beverages,10090.08,6,2025-01-12 00:00:00,Ewallet,6,3027.02,63567.5,?
INV-102223,lagos ,Abuja,Member,Male,Home Supplies,13456.77,9,2025-07-28 00:00:00,Credit Card,6,6055.55,127166.48,?
INV-102224,Portharcourt,Lagos,Normal,Female,Fashion,25873.25,5,2025-02-20 00:00:00,Ewallet,8,6468.31,135834.56,?
INV-102225,lagos ,Port Harcourt,Normal,Female,Fashion,16864.74,8,2025-03-03 00:00:00,Credit Card,8,6745.9,141663.82,?
INV-102226, ogun,Lagos,Normal,Female,Electronics,43095.32,5,2025-07-28 00:00:00,Cash,9,10773.83,226250.43,?
INV-102227,lagos ,Port Harcourt,Member,Female,,23951.13,2,2025-03-01 00:00:00,Ewallet,7,2395.11,50297.37,?
INV-102228,lagos ,Lagos,Normal,Male,Electronics,40079.14,4,2024-07-25 00:00:00,Cash,4,8015.83,168332.39,?
INV-102229,Portharcourt,Port Harcourt,Normal,Female,Food & Beverages,29240.68,2,2025-04-14 00:00:00,Credit Card,7,2924.07,61405.43,?
INV-102230,ABUJA,Ogun,Normal,Female,Health & Beauty,38767.96,7,2025-03-09 00:00:00,Credit Card,9,13568.79,284944.51,?
INV-102231,lagos ,Lagos,Normal,Male,Fashion,16967.31,7,2025-07-23 00:00:00,Ewallet,5,5938.56,124709.73,?
INV-102232,ABUJA,Lagos,Normal,Male,Home Supplies,41655.12,3,2025-05-30 00:00:00,Ewallet,6,6248.27,131213.63,?
INV-102233, ogun,Ogun,Normal,Female,Home Supplies,14091.33,7,2025-01-13 00:00:00,Credit Card,7,4931.97,103571.28,?
INV-102234,lagos ,Ogun,Normal,Female,Food & Beverages,27531.89,1,2025-09-24 00:00:00,Ewallet,6,1376.59,28908.48,?
INV-102235,Portharcourt,Lagos,Normal,Male,Electronics,11093.35,1,2024-07-16 00:00:00,Ewallet,6,554.67,11648.02,?
INV-102236, ogun,Ogun,Normal,Male,Food & Beverages,24038.56,9,2025-06-13 00:00:00,Cash,7,10817.35,227164.39,?
INV-102237, ogun,Abuja,Normal,,Home Supplies,16249.67,6,2025-06-08 00:00:00,Credit Card,7,4874.9,102372.92,?
INV-102238,Portharcourt,Port Harcourt,Normal,Female,Fashion,13701.82,5,2024-05-18 00:00:00,Cash,8,3425.46,71934.56,?
INV-102239,lagos ,Port Harcourt,Member,Female,Home Supplies,48365.76,6,2024-09-02 00:00:00,Ewallet,9,14509.73,304704.29,?
INV-102240,lagos ,Port Harcourt,Normal,Male,Health & Beauty,8423.67,6,2024-02-28 00:00:00,Cash,9,2527.1,53069.12,?
INV-102241, ogun,Abuja,Normal,Female,Sports Equipment,39472.63,1,2025-10-05 00:00:00,Credit Card,4,1973.63,41446.26,?
INV-102242,lagos ,Ogun,Normal,Male,Home Supplies,49216.17,5,2025-01-26 00:00:00,Cash,8,12304.04,258384.89,?
INV-102243,ABUJA,Ogun,Member,Female,Home Supplies,1485.12,9,2024-01-19 00:00:00,Cash,4,668.3,14034.38,?
INV-102244,Portharcourt,Lagos,Normal,Male,Sports Equipment,35101.86,4,2025-06-30 00:00:00,Ewallet,7,7020.37,147427.81,?
INV-102245,ABUJA,Ogun,Member,Male,Health & Beauty,0,3,2025-07-24 00:00:00,Credit Card,9,1952.87,41010.26,?
INV-102246,lagos ,Lagos,Normal,Female,Electronics,2504.15,1,2024-01-16 00:00:00,Ewallet,9,125.21,2629.36,?
INV-102247, ogun,Abuja,Normal,Female,Home Supplies,20443.03,2,2024-05-15 00:00:00,Ewallet,4,2044.3,42930.36,?
INV-102248,Portharcourt,Port Harcourt,Member,Female,Food & Beverages,46793.28,3,2024-07-31 00:00:00,Credit Card,5,7018.99,147398.83,?
INV-102249,lagos ,Port Harcourt,Normal,Female,Home Supplies,1082.37,4,2024-09-06 00:00:00,Cash,8,216.47,4545.95,?
INV-102250,lagos ,Port Harcourt,Member,Female,Food & Beverages,29600.34,7,2024-11-08 00:00:00,Ewallet,8,10360.12,217562.5,?
INV-102251, ogun,Ogun,Member,Female,Health & Beauty,25319.13,6,2024-07-17 00:00:00,Cash,8,7595.74,159510.52,?
INV-102252, ogun,Lagos,Normal,Male,Home Supplies,43732.52,8,2025-10-11 00:00:00,Credit Card,9,17493.01,367353.17,?
INV-102253,ABUJA,Lagos,Normal,Female,Health & Beauty,4658.08,9,2025-01-14 00:00:00,Ewallet,6,2096.14,44018.86,?
INV-102254,Portharcourt,Abuja,Normal,Male,Health & Beauty,34235.54,6,2025-06-01 00:00:00,Cash,9,10270.66,215683.9,?
INV-102255,Portharcourt,Ogun,Normal,Male,Electronics,34165.43,7,2024-04-24 00:00:00,Cash,6,11957.9,251115.91,?
INV-102256, ogun,Abuja,Member,Female,Home Supplies,33619.46,4,2025-07-10 00:00:00,Ewallet,9,6723.89,141201.73,?
INV-102257,ABUJA,Lagos,Member,Male,Food & Beverages,47145.56,2,2024-03-05 00:00:00,Credit Card,7,4714.56,99005.68,?
INV-102258,Portharcourt,Lagos,Normal,Male,Food & Beverages,41242.83,9,2025-01-13 00:00:00,Cash,9,18559.27,389744.74,?
INV-102259, ogun,Port Harcourt,Member,Female,Home Supplies,2577.65,9,2025-08-31 00:00:00,Credit Card,7,1159.94,24358.79,?
INV-102260,lagos ,Ogun,Member,Female,Sports Equipment,23818.6,4,2024-04-28 00:00:00,Ewallet,6,4763.72,100038.12,?
INV-102261,Portharcourt,Lagos,Normal,Female,Electronics,20198.68,3,2024-04-24 00:00:00,Cash,8,3029.8,63625.84,?
INV-102262,ABUJA,Port Harcourt,Member,Male,Electronics,15852.29,6,2025-04-06 00:00:00,Cash,6,4755.69,99869.43,?
INV-102263,ABUJA,Ogun,Member,Female,Electronics,22841.17,3,2025-08-01 00:00:00,Cash,4,3426.18,71949.69,?
INV-102264,ABUJA,Abuja,Normal,Female,Food & Beverages,19517.61,1,2024-05-29 00:00:00,Credit Card,8,975.88,20493.49,?
INV-102265,lagos ,Ogun,Member,Female,Health & Beauty,21900.53,4,2024-05-04 00:00:00,Cash,9,4380.11,91982.23,?
INV-102266,Portharcourt,Ogun,Normal,Female,Sports Equipment,48973.46,1,2024-01-10 00:00:00,Cash,9,2448.67,51422.13,?
INV-102267,Portharcourt,Lagos,Member,Male,Electronics,4887.33,2,2024-06-23 00:00:00,Ewallet,9,488.73,10263.39,?
INV-102268,lagos ,Lagos,Normal,Female,Food & Beverages,46150.43,3,2025-05-04 00:00:00,Cash,9,6922.56,145373.85,?
INV-102269,Portharcourt,Ogun,Member,Male,Food & Beverages,24271.72,-1,2024-09-28 00:00:00,Credit Card,9,9708.69,203882.45,?
INV-102270,lagos ,Lagos,Member,Female,Health & Beauty,31375.24,4,2024-12-10 00:00:00,Ewallet,6,6275.05,131776.01,?
INV-102271,lagos ,Lagos,Normal,Male,Home Supplies,41594.06,4,2024-01-16 00:00:00,Ewallet,7,8318.81,174695.05,?
INV-102272,lagos ,Lagos,Normal,Male,Home Supplies,18342.92,9,2024-05-26 00:00:00,Cash,6,8254.31,173340.59,?
INV-102273,ABUJA,Port Harcourt,Normal,,Electronics,21805.88,7,2025-01-11 00:00:00,Ewallet,5,7632.06,160273.22,?
INV-102274,Portharcourt,Port Harcourt,Normal,Female,Electronics,20771.16,2,2024-11-21 00:00:00,Cash,6,2077.12,43619.44,?
INV-102275,lagos ,Ogun,Member,Male,Sports Equipment,19049.19,3,2024-01-09 00:00:00,Ewallet,8,2857.38,60004.95,?
INV-102276,Portharcourt,Lagos,Member,Female,Health & Beauty,46313.7,4,2024-09-05 00:00:00,Credit Card,9,9262.74,194517.54,?
INV-102277,ABUJA,Port Harcourt,Member,Female,Electronics,41532.03,4,2025-04-13 00:00:00,Cash,6,8306.41,174434.53,?
INV-102278,lagos ,Ogun,Normal,Female,Health & Beauty,5895.5,8,2024-05-24 00:00:00,Credit Card,7,2358.2,49522.2,?
INV-102279, ogun,Lagos,Member,Female,Food & Beverages,5852.11,6,2024-04-30 00:00:00,Cash,9,1755.63,36868.29,?
INV-102280,ABUJA,Abuja,Member,Female,Electronics,21679.54,3,2024-10-07 00:00:00,Credit Card,4,3251.93,68290.55,?
INV-102281, ogun,Lagos,Normal,Male,Food & Beverages,5383.54,9,2024-08-11 00:00:00,Credit Card,5,2422.59,50874.45,?
INV-102282,Portharcourt,Lagos,Normal,Female,Fashion,31145.11,8,2024-12-05 00:00:00,,8,12458.04,261618.92,?
INV-102283,Portharcourt,Port Harcourt,Member,,Health & Beauty,7612.73,9,2024-11-05 00:00:00,Cash,7,3425.73,71940.3,?
INV-102284,ABUJA,Ogun,Normal,Male,Fashion,26357.48,5,2024-04-04 00:00:00,Ewallet,5,6589.37,138376.77,?
INV-102285,Portharcourt,Ogun,Member,Male,Electronics,857.39,3,2025-07-20 00:00:00,Credit Card,6,128.61,2700.78,?
INV-102286, ogun,Port Harcourt,Member,Male,Food & Beverages,16171.52,4,2024-08-24 00:00:00,Cash,5,3234.3,67920.38,?
INV-102287,lagos ,Lagos,Normal,Male,Electronics,34020.94,5,2025-03-28 00:00:00,Credit Card,9,8505.24,178609.94,?
INV-102288,lagos ,Abuja,Member,Male,Fashion,24459.93,9,2025-09-07 00:00:00,Credit Card,9,11006.97,231146.34,?
INV-102289,lagos ,Lagos,Normal,Male,Electronics,48924.34,9,2025-05-14 00:00:00,Credit Card,4,22015.95,462335.01,?
INV-102290,ABUJA,Lagos,Normal,Female,Sports Equipment,43768.14,3,2025-09-04 00:00:00,Credit Card,5,6565.22,137869.64,?
INV-102291,Portharcourt,Abuja,Member,Male,Home Supplies,18274,7,2025-03-17 00:00:00,Ewallet,5,6395.9,134313.9,?
INV-102292, ogun,Port Harcourt,Member,Female,Fashion,2751.58,6,2024-12-05 00:00:00,Credit Card,9,825.47,17334.95,?
INV-102293,Portharcourt,Ogun,Member,Male,Electronics,42358.5,4,2025-08-14 00:00:00,Ewallet,6,8471.7,177905.7,?
INV-102294,Portharcourt,Port Harcourt,Normal,Male,Food & Beverages,45606.1,5,2025-07-17 00:00:00,Credit Card,6,11401.53,239432.03,?
INV-102295,Portharcourt,Port Harcourt,Member,Male,Electronics,41121.06,2,2025-07-19 00:00:00,Cash,8,4112.11,86354.23,?
INV-102296,lagos ,Lagos,Normal,Male,Food & Beverages,6833.52,7,2025-04-08 00:00:00,Credit Card,6,2391.73,50226.37,?
INV-102297, ogun,Ogun,Normal,Female,Home Supplies,49896.8,4,2024-09-05 00:00:00,Credit Card,5,9979.36,209566.56,?
INV-102298, ogun,Ogun,Member,Female,Electronics,13299.92,2,2024-09-22 00:00:00,Cash,4,1329.99,27929.83,?
INV-102299,Portharcourt,Port Harcourt,Normal,Female,Home Supplies,36348.14,6,2025-04-28 00:00:00,Cash,6,10904.44,228993.28,?
INV-102300,lagos ,Abuja,Member,Male,Fashion,0,2,2024-01-12 00:00:00,Credit Card,9,4544.77,95440.23,?
INV-102301,lagos ,Port Harcourt,Member,Male,Food & Beverages,12166.51,2,2025-07-24 00:00:00,Credit Card,9,1216.65,25549.67,?
INV-102302, ogun,Abuja,Member,Male,Sports Equipment,45458.8,7,2024-07-12 00:00:00,Ewallet,8,15910.58,334122.18,?
INV-102303,lagos ,Ogun,Member,Female,Fashion,15819.34,1,2025-05-09 00:00:00,Cash,8,790.97,16610.31,?
INV-102304,lagos ,Port Harcourt,Member,Male,Food & Beverages,48832.45,7,2025-09-26 00:00:00,Cash,5,17091.36,358918.51,?
INV-102305,lagos ,Lagos,Member,Female,Home Supplies,14422.37,5,2025-04-18 00:00:00,Ewallet,6,3605.59,75717.44,?
INV-102306,ABUJA,Port Harcourt,Member,,Health & Beauty,47695.07,1,2025-05-20 00:00:00,Credit Card,6,2384.75,50079.82,?
INV-102307,Portharcourt,Ogun,Normal,Male,Electronics,3150.46,6,2024-09-24 00:00:00,Credit Card,8,945.14,19847.9,?
INV-102308, ogun,Lagos,Member,Male,Home Supplies,35608.96,7,2025-06-02 00:00:00,Cash,6,12463.14,261725.86,?
INV-102309, ogun,Lagos,Normal,Female,Food & Beverages,26839.5,1,2024-01-16 00:00:00,Ewallet,5,1341.98,28181.48,?
INV-102310,ABUJA,Abuja,Normal,Female,Food & Beverages,24154.92,9,2025-08-12 00:00:00,Credit Card,4,10869.71,228263.99,?
INV-102311,Portharcourt,Lagos,Normal,Female,Food & Beverages,11562.97,7,2024-03-24 00:00:00,Cash,9,4047.04,84987.83,?
INV-102312, ogun,Lagos,Member,Male,Food & Beverages,35426.99,1,2024-08-06 00:00:00,Credit Card,5,1771.35,37198.34,?
INV-102313,lagos ,Port Harcourt,Normal,Male,Electronics,9945.07,3,2025-09-08 00:00:00,,6,1491.76,31326.97,?
INV-102314, ogun,Ogun,Normal,Male,Fashion,27865.67,5,2024-06-07 00:00:00,Credit Card,5,6966.42,146294.77,?
INV-102315,lagos ,Abuja,Member,Male,Sports Equipment,13035.65,4,2025-04-07 00:00:00,Cash,9,2607.13,54749.73,?
INV-102316,ABUJA,Port Harcourt,Member,Male,Health & Beauty,47803.26,2,2025-06-07 00:00:00,Ewallet,7,4780.33,100386.85,?
INV-102317,lagos ,Lagos,Normal,Male,Electronics,1917.24,1,2024-01-06 00:00:00,Ewallet,9,95.86,2013.1,?
INV-102318, ogun,Lagos,Member,Female,Food & Beverages,10386.55,4,2025-06-18 00:00:00,Credit Card,9,2077.31,43623.51,?
INV-102319, ogun,Abuja,Member,Female,Electronics,12494.38,7,2024-05-09 00:00:00,Ewallet,7,4373.03,91833.69,?
INV-102320,,Ogun,Member,Female,Home Supplies,20996.36,4,2024-10-22 00:00:00,Credit Card,6,4199.27,88184.71,?
INV-102321,ABUJA,Abuja,Member,Male,Sports Equipment,12020.15,9,2024-02-02 00:00:00,Cash,6,5409.07,113590.42,?
INV-102322,ABUJA,Port Harcourt,Normal,Female,Food & Beverages,24821.78,8,2024-03-23 00:00:00,Cash,4,9928.71,208502.95,?
INV-102323,Portharcourt,Abuja,Member,Male,Health & Beauty,43687.04,8,2025-09-03 00:00:00,Cash,9,17474.82,366971.14,?
INV-102324, ogun,Lagos,Member,Male,Food & Beverages,35747.14,5,2024-10-07 00:00:00,Credit Card,5,8936.79,187672.49,?
INV-102325,lagos ,Port Harcourt,Member,Female,Sports Equipment,29208.12,1,2024-11-13 00:00:00,Ewallet,4,1460.41,30668.53,?
INV-102326,ABUJA,Lagos,Normal,Male,Health & Beauty,4905.66,9,2025-07-02 00:00:00,Cash,6,2207.55,46358.49,?
INV-102327, ogun,Ogun,Normal,Female,Sports Equipment,34852.61,2,2025-08-01 00:00:00,Credit Card,6,3485.26,73190.48,?
INV-102328, ogun,Lagos,Member,Female,Health & Beauty,8737.51,6,2025-03-11 00:00:00,Ewallet,8,2621.25,55046.31,?
INV-102329,ABUJA,Lagos,Member,Male,Fashion,39425.19,5,2025-03-18 00:00:00,Ewallet,4,9856.3,206982.25,?
INV-102330,Portharcourt,Abuja,Normal,Female,,12877.81,8,2024-09-08 00:00:00,Ewallet,6,5151.12,108173.6,?
INV-102331,ABUJA,Lagos,Member,Female,Electronics,21143.91,3,2025-03-15 00:00:00,Credit Card,7,3171.59,66603.32,?
INV-102332,ABUJA,Port Harcourt,Member,Female,Electronics,17848.28,6,2024-08-21 00:00:00,Credit Card,8,5354.48,112444.16,?
INV-102333,lagos ,Port Harcourt,Normal,Female,Health & Beauty,43011.29,6,2025-05-07 00:00:00,Credit Card,5,12903.39,270971.13,?
INV-102334,lagos ,Ogun,Member,Male,,6763.95,3,2025-06-16 00:00:00,Cash,8,1014.59,21306.44,?
INV-102335,Portharcourt,Port Harcourt,Member,Female,Home Supplies,28499.42,7,2025-04-09 00:00:00,Credit Card,9,9974.8,209470.74,?
INV-102336, ogun,Abuja,Normal,Female,Home Supplies,7532.05,4,2025-02-13 00:00:00,Cash,9,1506.41,31634.61,?
INV-102337,ABUJA,Ogun,Normal,Female,,35387.39,5,2024-01-17 00:00:00,Cash,5,8846.85,185783.8,?
INV-102338,Portharcourt,Port Harcourt,Member,Male,Food & Beverages,45301.37,9,2025-10-06 00:00:00,Cash,7,20385.62,428097.95,?
INV-102339,lagos ,Abuja,Normal,Female,Fashion,22013.08,6,2024-05-17 00:00:00,Credit Card,5,6603.92,138682.4,?
INV-102340,ABUJA,Port Harcourt,Member,Male,Home Supplies,24660.57,4,2024-02-10 00:00:00,Cash,4,4932.11,103574.39,?
INV-102341, ogun,Port Harcourt,Member,Female,Health & Beauty,46407.43,8,2024-05-22 00:00:00,Credit Card,5,18562.97,389822.41,?
INV-102342,lagos ,Lagos,Member,Female,Sports Equipment,26289.07,9,2024-06-15 00:00:00,Credit Card,5,11830.08,248431.71,?
INV-102343,,Port Harcourt,Normal,Female,Electronics,24636.12,5,2025-06-09 00:00:00,Cash,8,6159.03,129339.63,?
INV-102344,lagos ,Port Harcourt,Normal,Male,Sports Equipment,29127.29,2,2024-03-20 00:00:00,Cash,7,2912.73,61167.31,?
INV-102345,Portharcourt,Abuja,Member,Male,Fashion,34616.87,6,2024-06-21 00:00:00,Cash,5,10385.06,218086.28,?
INV-102346, ogun,Abuja,Member,Male,Home Supplies,5790.73,8,2024-10-26 00:00:00,Credit Card,4,2316.29,48642.13,?
INV-102347,ABUJA,Lagos,Normal,Male,Food & Beverages,41144.97,5,2024-12-10 00:00:00,Credit Card,8,10286.24,216011.09,?
INV-102348,Portharcourt,Port Harcourt,Normal,Male,Home Supplies,22057.5,1,2024-07-17 00:00:00,Cash,7,1102.88,23160.38,?
INV-102349,Portharcourt,Lagos,Normal,Male,Health & Beauty,4081.25,8,2025-05-05 00:00:00,Cash,7,1632.5,34282.5,?
INV-102350,Portharcourt,Port Harcourt,Member,Female,,39416.04,9,2025-01-26 00:00:00,Ewallet,6,17737.22,372481.58,?
INV-102351,lagos ,Ogun,Normal,Male,Food & Beverages,19159.02,1,2024-05-01 00:00:00,Cash,9,957.95,20116.97,?
INV-102352, ogun,Ogun,Normal,Female,Sports Equipment,5468.19,8,2024-10-28 00:00:00,Ewallet,4,2187.28,45932.8,?
INV-102353,Portharcourt,Lagos,Member,Male,Health & Beauty,31872.06,2,2025-04-30 00:00:00,Ewallet,9,3187.21,66931.33,?
INV-102354,ABUJA,Lagos,Member,Male,Sports Equipment,44066.5,4,2025-02-26 00:00:00,Credit Card,8,8813.3,185079.3,?
INV-102355, ogun,Lagos,Member,Male,Electronics,44443.8,2,2024-03-12 00:00:00,Credit Card,8,4444.38,93331.98,?
INV-102356,ABUJA,Abuja,Normal,Female,Fashion,47904.34,2,2025-09-15 00:00:00,Ewallet,4,4790.43,100599.11,?
INV-102357, ogun,Abuja,Member,Male,Health & Beauty,43451.42,3,2025-02-24 00:00:00,Ewallet,7,6517.71,136871.97,?
INV-102358,ABUJA,Abuja,Member,Male,Health & Beauty,605.98,8,2024-08-19 00:00:00,Cash,5,242.39,5090.23,?
INV-102359,lagos ,Lagos,Member,Female,Sports Equipment,19321.94,4,2025-07-29 00:00:00,Ewallet,4,3864.39,81152.15,?
INV-102360,Portharcourt,Port Harcourt,Member,Female,Food & Beverages,41017.86,7,2025-03-11 00:00:00,Cash,8,14356.25,301481.27,?
INV-102361,ABUJA,Ogun,Normal,Female,Electronics,18629.52,3,2024-11-19 00:00:00,Credit Card,9,2794.43,58682.99,?
INV-102362, ogun,Lagos,Member,Female,Sports Equipment,30276.65,3,2024-02-06 00:00:00,Cash,4,4541.5,95371.45,?
INV-102363,Portharcourt,Abuja,Normal,Male,Health & Beauty,30512.69,2,2025-09-04 00:00:00,Credit Card,7,3051.27,64076.65,?
INV-102364,Portharcourt,Abuja,Normal,Female,Fashion,18568.75,6,2025-08-25 00:00:00,Ewallet,6,5570.62,116983.12,?
INV-102365, ogun,Lagos,Normal,Male,Health & Beauty,45271.46,6,2024-02-08 00:00:00,Ewallet,6,13581.44,285210.2,?
INV-102366,ABUJA,Lagos,Member,Male,Home Supplies,25409.8,1,2025-10-14 00:00:00,Ewallet,5,1270.49,26680.29,?
INV-102367,lagos ,Abuja,Normal,Female,Fashion,23506.82,7,2024-02-11 00:00:00,Cash,5,8227.39,172775.13,?
INV-102368,lagos ,Port Harcourt,Member,Male,Fashion,49876.93,4,2025-04-07 00:00:00,Credit Card,7,9975.39,209483.11,?
INV-102369,ABUJA,Abuja,Member,Female,,24928.27,3,2025-08-19 00:00:00,Credit Card,9,3739.24,78524.05,?
INV-102370,Portharcourt,Abuja,Member,Male,Food & Beverages,9330.71,8,2024-11-25 00:00:00,Credit Card,5,3732.28,78377.96,?
INV-102371,Portharcourt,Lagos,Normal,Female,Fashion,25896.94,2,2024-11-29 00:00:00,,6,2589.69,54383.57,?
INV-102372,Portharcourt,Port Harcourt,Member,Female,Home Supplies,40793.83,9,2024-10-20 00:00:00,Credit Card,7,18357.22,385501.69,?
INV-102373,Portharcourt,Abuja,Member,Female,Sports Equipment,38954.59,8,2025-09-13 00:00:00,Cash,7,15581.84,327218.56,?
INV-102374,ABUJA,Abuja,Member,,Food & Beverages,39534.8,8,2025-01-08 00:00:00,Credit Card,7,15813.92,332092.32,?
INV-102375,Portharcourt,Ogun,Normal,Female,Food & Beverages,35547.18,3,2025-05-27 00:00:00,Ewallet,4,5332.08,111973.62,?
INV-102376, ogun,Lagos,Normal,Female,Food & Beverages,13083.78,4,2025-08-03 00:00:00,Credit Card,9,2616.76,54951.88,?
INV-102377,Portharcourt,Ogun,Normal,Male,Fashion,43173.16,2,2025-08-21 00:00:00,Ewallet,9,4317.32,90663.64,?
INV-102378,lagos ,Ogun,Member,Male,Food & Beverages,44725.45,2,2024-01-22 00:00:00,Cash,5,4472.54,93923.44,?
INV-102379,Portharcourt,Abuja,Normal,Male,Health & Beauty,10110.56,4,2025-05-04 00:00:00,Cash,9,2022.11,42464.35,?
INV-102380,ABUJA,Lagos,Member,Female,Food & Beverages,6957.55,6,2025-01-24 00:00:00,Ewallet,8,2087.27,43832.57,?
INV-102381,lagos ,Port Harcourt,Member,Male,,48792.45,5,2024-12-24 00:00:00,Credit Card,6,12198.11,256160.36,?
INV-102382,ABUJA,Abuja,Normal,Female,Electronics,43482.04,1,2024-05-27 00:00:00,Cash,5,2174.1,45656.14,?
INV-102383,ABUJA,Port Harcourt,Member,Male,Home Supplies,44715.19,1,2025-08-25 00:00:00,Cash,9,2235.76,46950.95,?
INV-102384,lagos ,Port Harcourt,Normal,Male,Fashion,44375.63,6,2024-09-25 00:00:00,Cash,6,13312.69,279566.47,?
INV-102385,ABUJA,Lagos,Member,Female,Food & Beverages,27313.5,3,2024-12-02 00:00:00,Credit Card,5,4097.03,86037.53,?
INV-102386,ABUJA,Ogun,Normal,Male,Food & Beverages,32496.89,3,2024-11-02 00:00:00,Ewallet,8,4874.53,102365.2,?
INV-102387,Portharcourt,Lagos,Member,Male,Health & Beauty,27495.46,7,2024-06-25 00:00:00,Ewallet,6,9623.41,202091.63,?
INV-102388, ogun,Port Harcourt,Member,Male,Sports Equipment,3034.71,1,2025-05-11 00:00:00,Credit Card,8,151.74,3186.45,?
INV-102389,ABUJA,Abuja,Member,Female,Food & Beverages,37402.4,1,2024-10-17 00:00:00,Cash,6,1870.12,39272.52,?
INV-102390,ABUJA,Port Harcourt,Member,Male,Home Supplies,25513.94,3,2025-05-07 00:00:00,Credit Card,4,3827.09,80368.91,?
INV-102391,ABUJA,Abuja,Member,Female,Fashion,32561.6,8,2024-04-01 00:00:00,Credit Card,4,13024.64,273517.44,?
INV-102392,Portharcourt,Abuja,Normal,Male,Electronics,25380.67,1,2024-10-04 00:00:00,Ewallet,6,1269.03,26649.7,?
INV-102393, ogun,Lagos,Member,Male,Food & Beverages,24844.66,4,2024-07-13 00:00:00,Credit Card,6,4968.93,104347.57,?
INV-102394,lagos ,Port Harcourt,Normal,,Electronics,9003.56,9,2024-09-21 00:00:00,Credit Card,8,4051.6,85083.64,?
INV-102395,Portharcourt,Ogun,Normal,Male,Food & Beverages,14296.33,4,2024-04-28 00:00:00,Cash,9,2859.27,60044.59,?
INV-102396,Portharcourt,Port Harcourt,Normal,Female,Fashion,8363.21,8,2024-05-17 00:00:00,Cash,7,3345.28,70250.96,?
INV-102397, ogun,Port Harcourt,Member,Male,Sports Equipment,10185.48,7,2025-08-06 00:00:00,Ewallet,6,3564.92,74863.28,?
INV-102398, ogun,Ogun,Member,Female,Home Supplies,48662.38,3,2024-11-21 00:00:00,Cash,5,7299.36,153286.5,?
INV-102399,Portharcourt,Lagos,Member,Female,Fashion,8079.12,7,2024-02-29 00:00:00,Credit Card,5,2827.69,59381.53,?
INV-102400,lagos ,Port Harcourt,Normal,Male,Electronics,13828.89,7,2025-10-12 00:00:00,Credit Card,5,4840.11,101642.34,?
INV-102401,Portharcourt,Port Harcourt,Member,Male,Food & Beverages,29734.19,3,2025-02-11 00:00:00,Credit Card,4,4460.13,93662.7,?
INV-102402, ogun,Abuja,Member,Female,Electronics,30703.84,2,2025-04-29 00:00:00,Ewallet,9,3070.38,64478.06,?
INV-102403,lagos ,Port Harcourt,Normal,Female,Home Supplies,8121.72,9,2024-04-07 00:00:00,Cash,8,3654.77,76750.25,?
INV-102404, ogun,Ogun,Normal,Male,Fashion,39789.01,1,2024-02-18 00:00:00,Credit Card,9,1989.45,41778.46,?
INV-102405,lagos ,Abuja,Normal,Male,Electronics,39367.54,7,2025-07-16 00:00:00,Cash,4,13778.64,289351.42,?
INV-102406,ABUJA,Lagos,Normal,Male,Electronics,12247.23,4,2025-05-16 00:00:00,Cash,9,2449.45,51438.37,?
INV-102407, ogun,Abuja,Normal,Male,Home Supplies,14788.98,2,2025-03-13 00:00:00,Cash,9,1478.9,31056.86,?
INV-102408, ogun,Ogun,Normal,Male,Food & Beverages,46930.4,2,2025-07-11 00:00:00,Cash,5,4693.04,98553.84,?
INV-102409,Portharcourt,Ogun,Member,Female,Electronics,41370.74,8,2024-04-27 00:00:00,Ewallet,6,16548.3,347514.22,?
INV-102410, ogun,Abuja,Normal,Male,Home Supplies,35040.95,7,2024-07-02 00:00:00,Ewallet,5,12264.33,257550.98,?
INV-102411, ogun,Lagos,Member,Male,Food & Beverages,4570.54,7,2024-11-09 00:00:00,Ewallet,9,1599.69,33593.47,?
INV-102412,ABUJA,Abuja,Member,Female,Sports Equipment,21204.07,5,2025-05-16 00:00:00,Credit Card,6,5301.02,111321.37,?
INV-102413, ogun,Lagos,Member,Male,Food & Beverages,28185.44,8,2024-08-19 00:00:00,Credit Card,8,11274.18,236757.7,?
INV-102414,ABUJA,Abuja,Normal,Male,Sports Equipment,9776.86,2,2025-08-03 00:00:00,Credit Card,7,977.69,20531.41,?
INV-102415,ABUJA,Ogun,Member,Female,Fashion,22687.22,2,2024-02-06 00:00:00,Ewallet,6,2268.72,47643.16,?
INV-102416,ABUJA,Port Harcourt,Normal,Male,Home Supplies,30250.78,5,2024-07-15 00:00:00,Cash,4,7562.7,158816.6,?
INV-102417,ABUJA,Port Harcourt,Normal,Female,Food & Beverages,16705.15,1,2025-03-09 00:00:00,Ewallet,5,835.26,17540.41,?
INV-102418,lagos ,Lagos,Member,Male,Sports Equipment,39156.77,6,2024-01-02 00:00:00,Credit Card,5,11747.03,246687.65,?
INV-102419,Portharcourt,Lagos,Normal,Male,Sports Equipment,42102.25,4,2025-09-10 00:00:00,Credit Card,9,8420.45,176829.45,?
INV-102420,lagos ,Lagos,Member,Male,Fashion,16518.67,6,2024-02-26 00:00:00,Cash,9,4955.6,104067.62,?
INV-102421, ogun,Ogun,Member,Female,Health & Beauty,42013.53,7,2024-01-20 00:00:00,Ewallet,9,14704.74,308799.45,?
INV-102422,lagos ,Abuja,Normal,Female,Home Supplies,5627.04,3,2024-05-23 00:00:00,Cash,9,844.06,17725.18,?
INV-102423,lagos ,Ogun,Member,Female,Health & Beauty,41967.59,8,2024-07-21 00:00:00,Ewallet,5,16787.04,352527.76,?
INV-102424, ogun,Port Harcourt,Member,Female,Food & Beverages,8061.15,7,2025-08-01 00:00:00,Credit Card,6,2821.4,59249.45,?
INV-102425, ogun,Lagos,Member,Male,Home Supplies,4604.89,1,2025-04-13 00:00:00,Cash,8,230.24,4835.13,?
INV-102426, ogun,Abuja,Normal,Female,Fashion,32267.88,6,2025-07-29 00:00:00,Cash,6,9680.36,203287.64,?
INV-102427,lagos ,Port Harcourt,Member,Female,Food & Beverages,23860.9,7,2025-07-30 00:00:00,Ewallet,4,8351.32,175377.62,?
INV-102428,lagos ,Port Harcourt,Normal,Female,Home Supplies,45440.58,4,2024-08-24 00:00:00,Ewallet,5,9088.12,190850.44,?
INV-102429, ogun,Port Harcourt,Normal,Male,Home Supplies,18477.87,2,2024-08-08 00:00:00,Ewallet,6,1847.79,38803.53,?
INV-102430,Portharcourt,Ogun,Member,Male,Health & Beauty,14714.04,9,2025-03-11 00:00:00,Credit Card,5,6621.32,139047.68,?
INV-102431,Portharcourt,Lagos,Member,Female,Food & Beverages,25286.38,7,2025-07-09 00:00:00,Ewallet,4,8850.23,185854.89,?
INV-102432,ABUJA,Port Harcourt,Normal,Female,Fashion,23069.34,1,2024-12-28 00:00:00,Credit Card,7,1153.47,24222.81,?
INV-102433,,Lagos,Normal,Male,Fashion,17549.19,8,2024-04-30 00:00:00,Ewallet,7,7019.68,147413.2,?
INV-102434,ABUJA,Ogun,Member,Female,Food & Beverages,34840.19,3,2025-07-09 00:00:00,Ewallet,7,5226.03,109746.6,?
INV-102435,Portharcourt,Port Harcourt,Member,Female,Food & Beverages,38098.31,4,2025-09-27 00:00:00,Credit Card,5,7619.66,160012.9,?
INV-102436,,Ogun,Normal,Female,Sports Equipment,42722.71,5,2024-12-25 00:00:00,Ewallet,6,10680.68,224294.23,?
INV-102437, ogun,Ogun,Normal,Female,Electronics,48656.4,1,2024-01-21 00:00:00,Credit Card,5,2432.82,51089.22,?
INV-102438, ogun,Lagos,Normal,Male,Health & Beauty,13699.48,6,2024-08-18 00:00:00,Credit Card,8,4109.84,86306.72,?
INV-102439, ogun,Port Harcourt,Normal,Male,Food & Beverages,35946.63,6,2024-09-25 00:00:00,Ewallet,6,10783.99,226463.77,?
INV-102440,lagos ,Ogun,Normal,Male,Food & Beverages,20015.78,2,2024-12-03 00:00:00,Ewallet,4,2001.58,42033.14,?
INV-102441,ABUJA,Port Harcourt,Member,,Electronics,34015.56,6,2025-04-19 00:00:00,Cash,9,10204.67,214298.03,?
INV-102442,Portharcourt,Lagos,Normal,Female,Electronics,24061.09,8,2025-05-17 00:00:00,Ewallet,7,9624.44,202113.16,?
INV-102443,Portharcourt,Ogun,Normal,Male,Home Supplies,49691.77,-1,2025-03-04 00:00:00,Cash,6,14907.53,313058.15,?
INV-102444,Portharcourt,Lagos,Member,Male,Fashion,36580.66,4,2025-01-24 00:00:00,Ewallet,6,7316.13,153638.77,?
INV-102445,lagos ,Port Harcourt,Member,Male,Health & Beauty,47648.32,4,2024-06-26 00:00:00,Credit Card,7,9529.66,200122.94,?
INV-102446,lagos ,Port Harcourt,Normal,Female,Home Supplies,41830.99,9,2024-05-01 00:00:00,Credit Card,4,18823.95,395302.86,?
INV-102447, ogun,Lagos,Normal,Male,Food & Beverages,45193.6,6,2025-07-09 00:00:00,Cash,5,13558.08,284719.68,?
INV-102448,Portharcourt,Abuja,Member,Female,Electronics,40813.75,8,2024-09-28 00:00:00,Ewallet,5,16325.5,342835.5,?
INV-102449,lagos ,Ogun,Normal,,Sports Equipment,23228.38,8,2024-10-01 00:00:00,Cash,9,9291.35,195118.39,?
INV-102450, ogun,Port Harcourt,Normal,Male,Fashion,12963.53,7,2025-04-22 00:00:00,Ewallet,6,4537.24,95281.95,?
INV-102451,Portharcourt,Port Harcourt,Member,Male,Home Supplies,18830.85,3,2024-03-07 00:00:00,Ewallet,7,2824.63,59317.18,?
INV-102452,ABUJA,Ogun,Normal,Female,Sports Equipment,1501.69,1,2024-04-08 00:00:00,Credit Card,8,75.08,1576.77,?
INV-102453, ogun,Lagos,Member,,Fashion,26437.66,5,2025-06-18 00:00:00,Cash,4,6609.42,138797.72,?
INV-102454,lagos ,Lagos,Member,Male,Sports Equipment,25500.36,2,2025-03-31 00:00:00,Credit Card,5,2550.04,53550.76,?
INV-102455,lagos ,Lagos,Member,Female,Electronics,26499.9,2,2024-04-25 00:00:00,Credit Card,4,2649.99,55649.79,?
INV-102456, ogun,Abuja,Member,Female,Home Supplies,48714.55,7,2024-02-03 00:00:00,Credit Card,4,17050.09,358051.94,?
INV-102457, ogun,Abuja,Normal,Female,Home Supplies,45616.97,3,2024-08-30 00:00:00,Cash,9,6842.55,143693.46,?
INV-102458,lagos ,Port Harcourt,Member,Female,Fashion,8504.78,8,2024-01-05 00:00:00,Ewallet,4,3401.91,71440.15,?
INV-102459,ABUJA,Lagos,Normal,Female,Sports Equipment,18759.68,9,2024-09-07 00:00:00,Ewallet,7,8441.86,177278.98,?
INV-102460,Portharcourt,Ogun,Normal,Male,Electronics,21485.83,8,2024-10-19 00:00:00,Cash,9,8594.33,180480.97,?
INV-102461,ABUJA,Port Harcourt,Normal,Female,Food & Beverages,18346.38,6,2025-04-19 00:00:00,Ewallet,7,5503.91,115582.19,?
INV-102462, ogun,Ogun,Normal,Female,Home Supplies,40025.55,5,2024-12-11 00:00:00,Cash,9,10006.39,210134.14,?
INV-102463,ABUJA,Port Harcourt,Normal,Female,Food & Beverages,26439.86,3,2024-03-05 00:00:00,Cash,7,3965.98,83285.56,?
INV-102464,lagos ,Abuja,Member,Male,Electronics,28818.94,3,2025-04-15 00:00:00,Ewallet,9,4322.84,90779.66,?
INV-102465, ogun,Port Harcourt,Member,Female,Home Supplies,42724.17,7,2025-06-12 00:00:00,Credit Card,9,14953.46,314022.65,?
INV-102466,Portharcourt,Abuja,Member,Female,Home Supplies,40393.44,5,2025-02-11 00:00:00,Cash,6,10098.36,212065.56,?
INV-102467,lagos ,Port Harcourt,Member,Female,Sports Equipment,7044.47,-1,2025-04-06 00:00:00,Cash,7,2113.34,44380.16,?
INV-102468,lagos ,Lagos,Normal,Male,Food & Beverages,35838.77,6,2025-01-24 00:00:00,Cash,6,10751.63,225784.25,?
INV-102469,Portharcourt,Ogun,Member,Female,Sports Equipment,22054.09,9,2024-03-25 00:00:00,Cash,9,9924.34,208411.15,?
INV-102470,Portharcourt,Lagos,Normal,Female,Health & Beauty,15085.12,1,2024-12-08 00:00:00,Ewallet,5,754.26,15839.38,?
INV-102471,ABUJA,Port Harcourt,Normal,Female,Food & Beverages,2975.93,8,2025-02-16 00:00:00,Ewallet,9,1190.37,24997.81,?
INV-102472, ogun,Port Harcourt,Member,Male,Food & Beverages,24618.85,5,2025-06-23 00:00:00,Cash,5,6154.71,129248.96,?
INV-102473,Portharcourt,Port Harcourt,Member,,Health & Beauty,18094.12,6,2024-01-25 00:00:00,Credit Card,5,5428.24,113992.96,?
INV-102474,Portharcourt,Abuja,Member,Male,Electronics,12949.9,6,2025-04-30 00:00:00,Ewallet,5,3884.97,81584.37,?
INV-102475, ogun,Ogun,Member,Male,Electronics,34886.25,1,2024-09-19 00:00:00,Credit Card,5,1744.31,36630.56,?
INV-102476,Portharcourt,Ogun,Normal,Female,Home Supplies,38589.53,3,2024-06-28 00:00:00,Credit Card,7,5788.43,121557.02,?
INV-102477,Portharcourt,Port Harcourt,Normal,Female,Fashion,12617.08,6,2024-06-22 00:00:00,Cash,8,3785.12,79487.6,?
INV-102478,ABUJA,Port Harcourt,Member,Male,Sports Equipment,2947.65,9,2025-09-07 00:00:00,Ewallet,7,1326.44,27855.29,?
INV-102479,lagos ,Abuja,Normal,Male,Fashion,42513.26,6,2025-05-08 00:00:00,Cash,8,12753.98,267833.54,?
INV-102480,lagos ,Lagos,Normal,Female,Home Supplies,993.01,6,2024-04-28 00:00:00,Cash,7,297.9,6255.96,?
INV-102481,lagos ,Lagos,Normal,Female,Fashion,46887.07,1,2025-08-28 00:00:00,Credit Card,5,2344.35,49231.42,?
INV-102482,,Ogun,Member,Male,Food & Beverages,31567.18,9,2025-09-20 00:00:00,Credit Card,4,14205.23,298309.85,?
INV-102483,Portharcourt,Abuja,Normal,Male,Food & Beverages,16431.41,4,2025-09-16 00:00:00,Credit Card,9,3286.28,69011.92,?
INV-102484,,Port Harcourt,Member,Male,Health & Beauty,12700.66,2,2024-11-17 00:00:00,Cash,8,1270.07,26671.39,?
INV-102485, ogun,Ogun,Member,Male,Health & Beauty,945.78,1,2025-07-28 00:00:00,Cash,4,47.29,993.07,?
INV-102486,ABUJA,Abuja,Normal,Female,,12155.84,3,2025-03-18 00:00:00,Cash,5,1823.38,38290.9,?
INV-102487,ABUJA,Lagos,Normal,Male,Home Supplies,7317.55,3,2025-09-25 00:00:00,Cash,8,1097.63,23050.28,?
INV-102488,Portharcourt,Abuja,Member,Male,Home Supplies,30802.23,5,2024-01-02 00:00:00,Cash,4,7700.56,161711.71,?
INV-102489, ogun,Lagos,Normal,Female,Food & Beverages,8744.01,1,2024-04-12 00:00:00,Cash,7,437.2,9181.21,?
INV-102490, ogun,Abuja,Normal,Female,Fashion,26667.18,7,2025-08-30 00:00:00,Cash,5,9333.51,196003.77,?
INV-102491,lagos ,Ogun,Member,Female,Sports Equipment,29710.76,1,2024-07-16 00:00:00,Cash,7,1485.54,31196.3,?
INV-102492,Portharcourt,Lagos,Member,Female,Home Supplies,15253.06,4,2025-01-13 00:00:00,Ewallet,7,3050.61,64062.85,?
INV-102493,Portharcourt,Ogun,Member,Female,Home Supplies,2235.71,6,2024-02-15 00:00:00,Ewallet,5,670.71,14084.97,?
INV-102494,lagos ,Ogun,Member,Male,Food & Beverages,2344.07,1,2025-04-22 00:00:00,Ewallet,8,117.2,2461.27,?
INV-102495,Portharcourt,Lagos,Normal,Male,Sports Equipment,1804.19,7,2025-01-24 00:00:00,Ewallet,9,631.47,13260.8,?
INV-102496,Portharcourt,Lagos,Normal,Male,Food & Beverages,37086.67,7,2024-09-26 00:00:00,Cash,6,12980.33,272587.02,?
INV-102497,ABUJA,Port Harcourt,Member,Female,Sports Equipment,16241.48,3,2024-12-25 00:00:00,Cash,6,2436.22,51160.66,?
INV-102498, ogun,Port Harcourt,Member,Male,Food & Beverages,39916.86,4,2025-09-06 00:00:00,Credit Card,9,7983.37,167650.81,?
INV-102499,Portharcourt,Port Harcourt,Member,Female,Fashion,21870.77,6,2024-04-22 00:00:00,Credit Card,5,6561.23,137785.85,?
INV-102500,ABUJA,Ogun,Normal,Male,Home Supplies,22923.41,7,2025-01-12 00:00:00,Ewallet,6,8023.19,168487.06,?
INV-102501, ogun,Ogun,Member,Male,Electronics,25887.69,4,2024-09-13 00:00:00,Credit Card,9,5177.54,108728.3,?
INV-102502,lagos ,Port Harcourt,Normal,Female,Electronics,0,9,2025-01-31 00:00:00,Ewallet,4,16107.78,338263.32,?
INV-102503,ABUJA,Ogun,Member,Female,Home Supplies,14038.39,9,2025-06-14 00:00:00,Cash,9,6317.28,132662.79,?
INV-102504,ABUJA,Ogun,Member,Male,Home Supplies,6518.57,9,2025-08-12 00:00:00,Cash,8,2933.36,61600.49,?
INV-102505, ogun,Lagos,Member,Male,Home Supplies,28024.84,6,2025-06-09 00:00:00,Credit Card,9,8407.45,176556.49,?
INV-102506,lagos ,Lagos,Normal,Male,,16685.39,2,2024-09-19 00:00:00,Cash,7,1668.54,35039.32,?
INV-102507,ABUJA,Ogun,Normal,Male,Sports Equipment,22403.32,2,2025-09-09 00:00:00,Cash,7,2240.33,47046.97,?
INV-102508,Portharcourt,Port Harcourt,Normal,Male,Fashion,32523.86,4,2025-01-09 00:00:00,Ewallet,5,6504.77,136600.21,?
INV-102509,Portharcourt,Abuja,Member,Female,Electronics,24959.22,9,2025-01-21 00:00:00,Credit Card,7,11231.65,235864.63,?
INV-102510,Portharcourt,Port Harcourt,Normal,Female,Health & Beauty,31203.8,3,2024-01-16 00:00:00,Cash,4,4680.57,98291.97,?
INV-102511,lagos ,Abuja,Normal,Female,Electronics,27437.9,6,2025-06-27 00:00:00,Credit Card,9,8231.37,172858.77,?
INV-102512,ABUJA,Port Harcourt,Member,Female,Electronics,37119.92,2,2024-11-26 00:00:00,Cash,4,3711.99,77951.83,?
INV-102513,Portharcourt,Lagos,Member,Male,Food & Beverages,35443.86,1,2025-08-25 00:00:00,Ewallet,5,1772.19,37216.05,?
INV-102514,lagos ,Ogun,Normal,,,26942.4,5,2025-03-28 00:00:00,Cash,7,6735.6,141447.6,?
INV-102515,Portharcourt,Ogun,Normal,Female,Home Supplies,34105.7,8,2024-12-11 00:00:00,Credit Card,6,13642.28,286487.88,?
INV-102516, ogun,Lagos,Normal,Male,Home Supplies,43741.2,2,2024-12-02 00:00:00,Credit Card,9,4374.12,91856.52,?
INV-102517,ABUJA,Abuja,Normal,Female,Food & Beverages,21897.43,9,2025-03-26 00:00:00,Ewallet,6,9853.84,206930.71,?
INV-102518,ABUJA,Abuja,Member,Male,Fashion,20931.77,8,2024-04-25 00:00:00,Cash,8,8372.71,175826.87,?
INV-102519,lagos ,Abuja,Member,Male,Fashion,38330.16,3,2025-01-14 00:00:00,Ewallet,5,5749.52,120740,?
INV-102520,lagos ,Lagos,Member,Male,Health & Beauty,29336.41,1,2024-08-20 00:00:00,Credit Card,8,1466.82,30803.23,?
INV-102521,ABUJA,Abuja,Normal,Female,Fashion,4014.84,4,2024-08-28 00:00:00,Ewallet,6,802.97,16862.33,?
INV-102522,Portharcourt,Lagos,Normal,Female,Fashion,44659.54,8,2025-07-07 00:00:00,Cash,6,17863.82,375140.14,?
INV-102523,Portharcourt,Port Harcourt,Member,Female,Home Supplies,2023.76,3,2024-08-08 00:00:00,Cash,6,303.56,6374.84,?
INV-102524, ogun,Port Harcourt,Member,Female,Sports Equipment,37545.62,2,2025-08-30 00:00:00,Ewallet,8,3754.56,78845.8,?
INV-102525,Portharcourt,Lagos,Normal,Male,Electronics,38060.31,7,2025-09-12 00:00:00,Credit Card,5,13321.11,279743.28,?
INV-102526,lagos ,Ogun,Normal,Male,Fashion,47679,4,2024-05-13 00:00:00,Credit Card,9,9535.8,200251.8,?
INV-102527,lagos ,Port Harcourt,Member,,Fashion,3179.65,6,2025-07-10 00:00:00,Ewallet,9,953.9,20031.8,?
INV-102528,Portharcourt,Abuja,Member,Male,Food & Beverages,30044.41,5,2025-08-19 00:00:00,Cash,4,7511.1,157733.15,?
INV-102529,lagos ,Lagos,Member,Female,Health & Beauty,21678.11,2,2025-01-08 00:00:00,Cash,4,2167.81,45524.03,?
INV-102530,ABUJA,Abuja,Normal,Male,Sports Equipment,16866.33,2,2024-10-27 00:00:00,Cash,6,1686.63,35419.29,?
INV-102531,ABUJA,Abuja,Normal,Male,Food & Beverages,4970.77,9,2024-08-30 00:00:00,,5,2236.85,46973.78,?
INV-102532,Portharcourt,Ogun,Normal,Male,Home Supplies,28351.38,2,2025-08-31 00:00:00,Credit Card,5,2835.14,59537.9,?
INV-102533,ABUJA,Abuja,Normal,Female,Electronics,24212.52,8,2025-02-14 00:00:00,Cash,7,9685.01,203385.17,?
INV-102534,ABUJA,Ogun,Normal,Female,Health & Beauty,5675.45,8,2024-05-08 00:00:00,Ewallet,7,2270.18,47673.78,?
INV-102535, ogun,Port Harcourt,Normal,Female,Food & Beverages,30818.23,1,2025-01-25 00:00:00,Ewallet,8,1540.91,32359.14,?
INV-102536, ogun,Lagos,Member,Male,Fashion,37028.68,1,2024-10-25 00:00:00,Ewallet,7,1851.43,38880.11,?
INV-102537,ABUJA,Abuja,Member,Female,Fashion,38480.28,4,2025-05-20 00:00:00,Ewallet,9,7696.06,161617.18,?
INV-102538,Portharcourt,Lagos,Normal,Male,Health & Beauty,45315.97,2,2024-07-16 00:00:00,Cash,9,4531.6,95163.54,?
INV-102539, ogun,Abuja,Member,Male,Fashion,20768.8,1,2025-10-02 00:00:00,Credit Card,8,1038.44,21807.24,?
INV-102540,lagos ,Lagos,Normal,Male,Food & Beverages,47677.1,9,2025-04-18 00:00:00,Cash,4,21454.7,450548.6,?
INV-102541,lagos ,Abuja,Member,Female,Food & Beverages,43338.76,3,2025-05-29 00:00:00,Credit Card,6,6500.81,136517.09,?
INV-102542,lagos ,Abuja,Normal,Female,Fashion,15176.83,1,2025-03-05 00:00:00,Cash,5,758.84,15935.67,?
INV-102543,Portharcourt,Abuja,Member,Male,Fashion,8384.51,2,2025-10-11 00:00:00,Credit Card,4,838.45,17607.47,?
INV-102544,ABUJA,Abuja,Member,Male,,22051.78,8,2025-07-22 00:00:00,Ewallet,9,8820.71,185234.95,?
INV-102545,lagos ,Abuja,Normal,Female,Electronics,20393.99,5,2024-05-18 00:00:00,Ewallet,4,5098.5,107068.45,?
INV-102546,Portharcourt,Abuja,Normal,Female,,28998.11,7,2025-04-09 00:00:00,,8,10149.34,213136.11,?
INV-102547, ogun,Abuja,Member,Female,Food & Beverages,29377.62,6,2024-10-18 00:00:00,Credit Card,6,8813.29,185079.01,?
INV-102548,ABUJA,Abuja,Member,Male,Health & Beauty,37624.36,1,2024-01-19 00:00:00,Credit Card,9,1881.22,39505.58,?
INV-102549, ogun,Abuja,Normal,Male,Home Supplies,25739.55,6,2024-07-13 00:00:00,Ewallet,8,7721.86,162159.16,?
INV-102550,Portharcourt,Lagos,Member,Male,Food & Beverages,5688.72,7,2025-07-15 00:00:00,Ewallet,4,1991.05,41812.09,?
INV-102551,,Ogun,Normal,Female,Home Supplies,42985.42,4,2025-10-11 00:00:00,Cash,5,8597.08,180538.76,?
INV-102552,lagos ,Abuja,Normal,Female,Home Supplies,15833.35,8,2024-09-19 00:00:00,Credit Card,7,6333.34,133000.14,?
INV-102553,Portharcourt,Ogun,Member,Female,Sports Equipment,48579.22,8,2024-02-09 00:00:00,Credit Card,8,19431.69,408065.45,?
INV-102554,lagos ,Abuja,Normal,Male,Fashion,6334.08,7,2025-05-14 00:00:00,Credit Card,9,2216.93,46555.49,?
INV-102555,ABUJA,Abuja,Member,Male,,47933.43,2,2024-08-31 00:00:00,Ewallet,4,4793.34,100660.2,?
INV-102556,Portharcourt,Lagos,Member,Female,Health & Beauty,5005.08,6,2024-05-14 00:00:00,Credit Card,7,1501.52,31532,?
INV-102557, ogun,Port Harcourt,Normal,Male,Health & Beauty,11936.29,6,2025-07-09 00:00:00,Credit Card,7,3580.89,75198.63,?
INV-102558,Portharcourt,Port Harcourt,Member,Female,Fashion,2805.71,7,2024-03-05 00:00:00,Ewallet,4,982,20621.97,?
INV-102559,ABUJA,Lagos,Normal,Male,Sports Equipment,35403.1,6,2024-07-02 00:00:00,Credit Card,6,10620.93,223039.53,?
INV-102560,ABUJA,Ogun,Normal,Female,Health & Beauty,42589.79,2,2024-03-12 00:00:00,Cash,4,4258.98,89438.56,?
INV-102561,Portharcourt,Port Harcourt,Normal,Male,Sports Equipment,21986.52,8,2025-01-18 00:00:00,Ewallet,9,8794.61,184686.77,?
INV-102562,Portharcourt,Lagos,Member,Male,Fashion,46461.84,4,2024-05-26 00:00:00,Ewallet,5,9292.37,195139.73,?
INV-102563,lagos ,Lagos,Normal,Female,Food & Beverages,29719.8,9,2024-02-25 00:00:00,Ewallet,9,13373.91,280852.11,?
INV-102564,ABUJA,Port Harcourt,Member,Female,Home Supplies,31685.35,8,2024-04-14 00:00:00,Cash,7,12674.14,266156.94,?
INV-102565,Portharcourt,Ogun,Normal,Female,Home Supplies,42348.25,3,2024-09-28 00:00:00,Ewallet,5,6352.24,133396.99,?
INV-102566,Portharcourt,Lagos,Normal,Female,Sports Equipment,15191.61,3,2024-04-08 00:00:00,Ewallet,8,2278.74,47853.57,?
INV-102567,ABUJA,Abuja,Normal,Female,Health & Beauty,18036.15,8,2025-05-30 00:00:00,Ewallet,7,7214.46,151503.66,?
INV-102568,Portharcourt,Ogun,Member,Male,Sports Equipment,45344.62,2,2024-01-04 00:00:00,Ewallet,6,4534.46,95223.7,?
INV-102569,lagos ,Ogun,Member,Female,Sports Equipment,45097.69,9,2025-05-22 00:00:00,Cash,4,20293.96,426173.17,?
INV-102570,ABUJA,Port Harcourt,Normal,Female,,48835.9,4,2024-01-03 00:00:00,Credit Card,8,9767.18,205110.78,?
INV-102571,lagos ,Port Harcourt,Normal,Female,Home Supplies,45141,6,2024-04-09 00:00:00,Credit Card,9,13542.3,284388.3,?
INV-102572,lagos ,Abuja,Member,Male,Fashion,6804.92,3,2024-07-26 00:00:00,,5,1020.74,21435.5,?
INV-102573,lagos ,Lagos,Member,Female,Sports Equipment,41274.35,3,2024-02-16 00:00:00,Cash,8,6191.15,130014.2,?
INV-102574,lagos ,Port Harcourt,Member,Female,Electronics,20787,3,2024-08-03 00:00:00,Ewallet,6,3118.05,65479.05,?
INV-102575,ABUJA,Port Harcourt,Normal,Female,Electronics,49544.67,2,2024-08-14 00:00:00,Credit Card,4,4954.47,104043.81,?
INV-102576,lagos ,Ogun,Member,Male,Home Supplies,23877.91,8,2024-09-06 00:00:00,Credit Card,8,9551.16,200574.44,?
INV-102577,,Port Harcourt,Normal,Male,Home Supplies,27914.89,9,2024-01-12 00:00:00,Cash,9,12561.7,263795.71,?
INV-102578,Portharcourt,Port Harcourt,Member,Female,Home Supplies,26723.86,8,2024-12-10 00:00:00,Credit Card,5,10689.54,224480.42,?
INV-102579,ABUJA,Port Harcourt,Normal,Male,Fashion,16425.98,3,2025-02-11 00:00:00,Ewallet,8,2463.9,51741.84,?
INV-102580,ABUJA,Port Harcourt,Normal,Female,Electronics,4213.59,7,2024-10-27 00:00:00,Cash,4,1474.76,30969.89,?
INV-102581, ogun,Ogun,Normal,Male,Health & Beauty,44834.74,2,2024-08-26 00:00:00,Credit Card,9,4483.47,94152.95,?
INV-102582,ABUJA,Abuja,Member,Female,Fashion,40232.45,4,2025-07-22 00:00:00,Ewallet,8,8046.49,168976.29,?
INV-102583,ABUJA,Abuja,Member,Male,Food & Beverages,7406.58,6,2024-12-18 00:00:00,Cash,5,2221.97,46661.45,?
INV-102584, ogun,Lagos,Member,Female,Sports Equipment,38950.03,5,2025-10-04 00:00:00,Ewallet,4,9737.51,204487.66,?
INV-102585,ABUJA,Port Harcourt,Normal,Female,Home Supplies,31479.41,9,2025-09-12 00:00:00,Credit Card,6,14165.73,297480.42,?
INV-102586,ABUJA,Ogun,Normal,Male,Electronics,20752.62,4,2025-04-26 00:00:00,Ewallet,6,4150.52,87161,?
INV-102587,ABUJA,Lagos,Member,Female,Sports Equipment,13074.05,5,2024-08-31 00:00:00,Cash,7,3268.51,68638.76,?
INV-102588,ABUJA,Lagos,Normal,Female,Fashion,43056.57,4,2025-08-21 00:00:00,Ewallet,8,8611.31,180837.59,?
INV-102589, ogun,Abuja,Normal,Female,Food & Beverages,35159.32,8,2025-01-08 00:00:00,Credit Card,5,14063.73,295338.29,?
INV-102590,ABUJA,Ogun,Normal,Female,Fashion,27613.13,8,2024-04-03 00:00:00,Cash,8,11045.25,231950.29,?
INV-102591,ABUJA,Ogun,Member,Male,Fashion,30673.64,3,2024-07-12 00:00:00,Cash,4,4601.05,96621.97,?
INV-102592, ogun,Ogun,Normal,Female,Health & Beauty,5007.78,1,2024-12-01 00:00:00,Credit Card,7,250.39,5258.17,?
INV-102593,Portharcourt,Abuja,Member,Male,Sports Equipment,23959.03,6,2024-12-30 00:00:00,Ewallet,5,7187.71,150941.89,?
INV-102594,lagos ,Abuja,Member,Male,Health & Beauty,10088.16,2,2024-06-07 00:00:00,Ewallet,8,1008.82,21185.14,?
INV-102595,Portharcourt,Abuja,Member,Male,Fashion,10814.99,2,2024-10-13 00:00:00,Credit Card,5,1081.5,22711.48,?
INV-102596, ogun,Abuja,Member,Male,Food & Beverages,33234.55,3,2024-12-07 00:00:00,Cash,4,4985.18,104688.83,?
INV-102597,lagos ,Abuja,Member,Female,Electronics,45607.18,8,2025-03-05 00:00:00,Credit Card,7,18242.87,383100.31,?
INV-102598, ogun,Port Harcourt,Normal,Female,Electronics,20485.95,3,2025-03-31 00:00:00,Cash,5,3072.89,64530.74,?
INV-102599, ogun,Port Harcourt,Member,Male,Sports Equipment,10783.59,7,2024-01-17 00:00:00,Cash,4,3774.26,79259.39,?
INV-102600,ABUJA,Ogun,Member,Female,Home Supplies,32612.97,9,2024-10-02 00:00:00,Ewallet,6,14675.84,308192.57,?
INV-102601,lagos ,Lagos,Member,Male,Home Supplies,43623.76,8,2024-01-09 00:00:00,Credit Card,5,17449.5,366439.58,?
INV-102602,ABUJA,Ogun,Normal,Female,Electronics,37541.78,1,2025-08-10 00:00:00,Cash,7,1877.09,39418.87,?
INV-102603,lagos ,Lagos,Normal,Female,Fashion,43503.48,7,2025-07-01 00:00:00,Ewallet,9,15226.22,319750.58,?
INV-102604, ogun,Abuja,Normal,Female,Fashion,27059.46,7,2024-11-17 00:00:00,,9,9470.81,198887.03,?
INV-102605, ogun,Lagos,Normal,Male,Health & Beauty,37717.87,8,2025-04-16 00:00:00,Credit Card,5,15087.15,316830.11,?
INV-102606,Portharcourt,Ogun,Member,,Sports Equipment,7433.2,5,2025-05-22 00:00:00,Cash,5,1858.3,39024.3,?
INV-102607,lagos ,Ogun,Member,Female,Health & Beauty,17739.59,9,2025-02-10 00:00:00,Cash,4,7982.82,167639.13,?
INV-102608,ABUJA,Lagos,Normal,Male,Home Supplies,19782.68,9,2025-04-01 00:00:00,Cash,8,8902.21,186946.33,?
INV-102609,Portharcourt,Port Harcourt,Normal,Male,Electronics,25809.14,8,2025-06-12 00:00:00,Credit Card,9,10323.66,216796.78,?
INV-102610,Portharcourt,Abuja,Normal,Female,Fashion,46489.28,6,2025-03-21 00:00:00,Cash,8,13946.78,292882.46,?
INV-102611,Portharcourt,Abuja,Normal,Male,Electronics,43777.68,6,2025-07-15 00:00:00,Credit Card,9,13133.3,275799.38,?
INV-102612,ABUJA,Ogun,Member,Female,Food & Beverages,7159.01,1,2024-05-27 00:00:00,Ewallet,5,357.95,7516.96,?
INV-102613,Portharcourt,Port Harcourt,Normal,Female,Electronics,9053.09,6,2024-02-07 00:00:00,,7,2715.93,57034.47,?
INV-102614,ABUJA,Lagos,Normal,Female,Food & Beverages,18203.21,4,2025-03-11 00:00:00,,7,3640.64,76453.48,?
INV-102615,Portharcourt,Abuja,Normal,Male,Health & Beauty,14891.82,4,2025-09-08 00:00:00,Credit Card,9,2978.36,62545.64,?
INV-102616,ABUJA,Port Harcourt,Normal,Female,,30931.16,2,2024-06-25 00:00:00,Cash,9,3093.12,64955.44,?
INV-102617, ogun,Abuja,Normal,Female,Home Supplies,45187.41,4,2024-06-15 00:00:00,Ewallet,4,9037.48,189787.12,?
INV-102618, ogun,Port Harcourt,Normal,Male,Electronics,48133.43,5,2024-04-12 00:00:00,Cash,5,12033.36,252700.51,?
INV-102619, ogun,Port Harcourt,Normal,Male,Electronics,32853.35,5,2025-02-16 00:00:00,Cash,5,8213.34,172480.09,?
INV-102620, ogun,Ogun,Member,Male,Food & Beverages,41988.88,5,2025-02-15 00:00:00,Cash,8,10497.22,220441.62,?
INV-102621, ogun,Abuja,Member,Male,Health & Beauty,26497.51,4,2025-02-20 00:00:00,Cash,4,5299.5,111289.54,?
INV-102622,Portharcourt,Lagos,Member,Female,Food & Beverages,10812.18,1,2025-02-06 00:00:00,Cash,6,540.61,11352.79,?
INV-102623,Portharcourt,Ogun,Member,Male,Health & Beauty,26472.08,8,2025-02-10 00:00:00,Cash,7,10588.83,222365.47,?
INV-102624,Portharcourt,Ogun,Member,Male,Food & Beverages,27976.59,3,2024-07-01 00:00:00,Ewallet,7,4196.49,88126.26,?
INV-102625,ABUJA,Lagos,Member,Male,Health & Beauty,37251.65,2,2025-04-18 00:00:00,Ewallet,5,3725.17,78228.47,?
INV-102626,ABUJA,Ogun,Normal,Male,Food & Beverages,11384.21,9,2025-10-20 00:00:00,Credit Card,4,5122.89,107580.78,?
INV-102627,ABUJA,Port Harcourt,Normal,Female,Health & Beauty,18731.36,7,2024-02-04 00:00:00,Cash,6,6555.98,137675.5,?
INV-102628,ABUJA,Port Harcourt,Member,Male,Sports Equipment,18519.36,9,2025-09-30 00:00:00,Credit Card,7,8333.71,175007.95,?
INV-102629, ogun,Abuja,Normal,,Food & Beverages,47992.26,2,2024-01-07 00:00:00,Ewallet,4,4799.23,100783.75,?
INV-102630, ogun,Abuja,Member,Male,Electronics,22475.28,9,2024-01-10 00:00:00,Ewallet,6,10113.88,212391.4,?
INV-102631, ogun,Lagos,Normal,Female,Home Supplies,37877.15,9,2025-09-23 00:00:00,Cash,9,17044.72,357939.07,?
INV-102632,lagos ,Abuja,Normal,Female,Sports Equipment,37665.16,9,2024-02-13 00:00:00,Cash,5,16949.32,355935.76,?
INV-102633,Portharcourt,Port Harcourt,Normal,Male,Sports Equipment,13644.44,4,2024-08-15 00:00:00,Credit Card,8,2728.89,57306.65,?
INV-102634,ABUJA,Lagos,Normal,Female,Food & Beverages,28807.55,3,2024-08-06 00:00:00,Ewallet,7,4321.13,90743.78,?
INV-102635,ABUJA,Lagos,Normal,Male,Home Supplies,44767.99,6,2025-06-30 00:00:00,Credit Card,7,13430.4,282038.34,?
INV-102636, ogun,Abuja,Normal,Female,Electronics,24022.29,3,2024-06-25 00:00:00,Credit Card,6,3603.34,75670.21,?
INV-102637,ABUJA,Port Harcourt,Member,Female,Sports Equipment,47283.32,9,2024-03-22 00:00:00,Credit Card,8,21277.49,446827.37,?
INV-102638,ABUJA,Lagos,Member,Female,Electronics,11115.68,3,2024-07-29 00:00:00,Cash,9,1667.35,35014.39,?
INV-102639,Portharcourt,Port Harcourt,Normal,Male,Health & Beauty,4170.88,2,2024-12-07 00:00:00,Ewallet,4,417.09,8758.85,?
INV-102640, ogun,Port Harcourt,Member,Female,Home Supplies,44626.97,8,2024-07-16 00:00:00,Credit Card,5,17850.79,374866.55,?
INV-102641,Portharcourt,Port Harcourt,Normal,Male,Fashion,42460.22,6,2024-09-15 00:00:00,Ewallet,4,12738.07,267499.39,?
INV-102642,lagos ,Abuja,Member,Female,Health & Beauty,49633.2,8,2025-06-01 00:00:00,Ewallet,6,19853.28,416918.88,?
INV-102643,lagos ,Ogun,Normal,Female,Home Supplies,34129.98,7,2024-05-09 00:00:00,Credit Card,7,11945.49,250855.35,?
INV-102644,lagos ,Ogun,Member,Female,Food & Beverages,46866.05,3,2024-02-15 00:00:00,Credit Card,9,7029.91,147628.06,?
INV-102645, ogun,Lagos,Normal,Female,Food & Beverages,41433.98,8,2024-08-06 00:00:00,Cash,7,16573.59,348045.43,?
INV-102646,,Port Harcourt,Member,Female,Electronics,42299.1,1,2024-09-10 00:00:00,Ewallet,4,2114.96,44414.06,?
INV-102647, ogun,Abuja,Normal,Female,Sports Equipment,28672.51,1,2024-05-25 00:00:00,Credit Card,9,1433.63,30106.14,?
INV-102648, ogun,Port Harcourt,Member,Male,Fashion,19427.05,8,2024-03-01 00:00:00,Credit Card,5,7770.82,163187.22,?
INV-102649,ABUJA,Port Harcourt,Normal,Male,Food & Beverages,46760.62,9,2024-07-03 00:00:00,Ewallet,6,21042.28,441887.86,?
INV-102650,Portharcourt,Abuja,Normal,Male,Home Supplies,21889.8,6,2024-05-14 00:00:00,Credit Card,5,6566.94,137905.74,?
INV-102651,lagos ,Ogun,Normal,Female,Sports Equipment,27171.56,5,2024-11-11 00:00:00,Ewallet,6,6792.89,142650.69,?
INV-102652,Portharcourt,Port Harcourt,Member,Male,Sports Equipment,22582.66,2,2025-07-02 00:00:00,Credit Card,5,2258.27,47423.59,?
INV-102653,lagos ,Port Harcourt,Member,Female,Home Supplies,28458.51,9,2025-10-08 00:00:00,Ewallet,4,12806.33,268932.92,?
INV-102654, ogun,Ogun,Member,Male,Sports Equipment,23790,6,2025-07-10 00:00:00,Credit Card,8,7137,149877,?
INV-102655,lagos ,Abuja,Normal,Male,Food & Beverages,2874.39,8,2024-01-15 00:00:00,Credit Card,9,1149.76,24144.88,?
INV-102656, ogun,Lagos,Member,Female,Home Supplies,44161.39,9,2024-01-25 00:00:00,Cash,6,19872.63,417325.14,?
INV-102657,Portharcourt,Ogun,Normal,Female,Home Supplies,22497.49,9,2024-03-11 00:00:00,Ewallet,4,10123.87,212601.28,?
INV-102658, ogun,Lagos,Member,Male,Electronics,29652.71,8,2024-03-06 00:00:00,Cash,7,11861.08,249082.76,?
INV-102659,Portharcourt,Lagos,Member,Male,Fashion,7389.8,8,2024-08-30 00:00:00,Credit Card,7,2955.92,62074.32,?
INV-102660,ABUJA,Ogun,Member,Male,Electronics,667.7,3,2025-07-28 00:00:00,Ewallet,5,100.16,2103.26,?
INV-102661,ABUJA,Port Harcourt,Member,Male,Fashion,12641.86,3,2024-06-15 00:00:00,Ewallet,7,1896.28,39821.86,?
INV-102662,ABUJA,Lagos,Normal,Female,Home Supplies,35377.01,2,2024-04-17 00:00:00,Credit Card,8,3537.7,74291.72,?
INV-102663, ogun,Lagos,Member,Male,Sports Equipment,5410.13,1,2024-12-23 00:00:00,Credit Card,6,270.51,5680.64,?
INV-102664,ABUJA,Abuja,Member,Female,,45489.93,4,2025-02-26 00:00:00,Credit Card,5,9097.99,191057.71,?
INV-102665,lagos ,Port Harcourt,Normal,Female,Home Supplies,11143.62,2,2024-02-22 00:00:00,Credit Card,6,1114.36,23401.6,?
INV-102666,Portharcourt,Lagos,Normal,Male,Home Supplies,10627.38,2,2024-02-17 00:00:00,Ewallet,6,1062.74,22317.5,?
INV-102667,Portharcourt,Abuja,Member,Female,Electronics,9484.64,5,2024-12-29 00:00:00,Cash,4,2371.16,49794.36,?
INV-102668,lagos ,Port Harcourt,Member,Male,Electronics,1192.09,4,2024-09-22 00:00:00,Ewallet,7,238.42,5006.78,?
INV-102669, ogun,Ogun,Normal,Female,Sports Equipment,38704.37,1,2024-10-03 00:00:00,Ewallet,9,1935.22,40639.59,?
INV-102670, ogun,Ogun,Normal,Female,Health & Beauty,43814.21,9,2025-03-31 00:00:00,Ewallet,6,19716.39,414044.28,?
INV-102671,Portharcourt,Abuja,Normal,Male,Food & Beverages,30901.05,4,2025-01-31 00:00:00,Ewallet,8,6180.21,129784.41,?
INV-102672,ABUJA,Ogun,Member,Female,Health & Beauty,9815.9,5,2025-06-30 00:00:00,Credit Card,8,2453.98,51533.48,?
INV-102673, ogun,Lagos,Member,Female,,14621.26,7,2025-01-13 00:00:00,Cash,9,5117.44,107466.26,?
INV-102674, ogun,Port Harcourt,Member,Male,Sports Equipment,24058.37,2,2024-07-04 00:00:00,Ewallet,7,2405.84,50522.58,?
INV-102675,lagos ,Lagos,Normal,Female,Fashion,47740.12,8,2024-03-05 00:00:00,Ewallet,7,19096.05,401017.01,?
INV-102676,lagos ,Lagos,Normal,Female,Sports Equipment,12743.89,2,2025-01-19 00:00:00,Cash,5,1274.39,26762.17,?
INV-102677,ABUJA,Ogun,Normal,Male,Sports Equipment,36716.47,5,2024-02-09 00:00:00,Credit Card,5,9179.12,192761.47,?
INV-102678, ogun,Lagos,Member,Male,Home Supplies,22252.69,2,2024-08-12 00:00:00,Ewallet,5,2225.27,46730.65,?
INV-102679, ogun,Ogun,Normal,Female,Home Supplies,15243.44,2,2024-11-10 00:00:00,Credit Card,7,1524.34,32011.22,?
INV-102680,lagos ,Port Harcourt,Member,Female,Home Supplies,23067.84,4,2025-10-12 00:00:00,Ewallet,6,4613.57,96884.93,?
INV-102681, ogun,Port Harcourt,Normal,Female,Food & Beverages,4024.73,4,2024-01-13 00:00:00,Ewallet,4,804.95,16903.87,?
INV-102682,Portharcourt,Lagos,Member,Male,Fashion,40035.02,8,2024-12-21 00:00:00,Cash,9,16014.01,336294.17,?
INV-102683,lagos ,Abuja,Member,Female,Fashion,12543.45,6,2024-07-11 00:00:00,Cash,9,3763.04,79023.74,?
INV-102684,ABUJA,Ogun,Normal,Female,Home Supplies,36407.9,8,2025-01-05 00:00:00,Credit Card,9,14563.16,305826.36,?
INV-102685,lagos ,Ogun,Member,Female,Health & Beauty,3883.24,7,2025-03-22 00:00:00,Ewallet,5,1359.13,28541.81,?
INV-102686, ogun,Lagos,Normal,Female,Food & Beverages,47777.38,4,2024-12-17 00:00:00,Credit Card,4,9555.48,200665,?
INV-102687,ABUJA,Ogun,Member,Female,Health & Beauty,10054.24,2,2024-09-26 00:00:00,Cash,8,1005.42,21113.9,?
INV-102688,lagos ,Ogun,Normal,Female,Electronics,44195.73,9,2024-08-28 00:00:00,Cash,7,19888.08,417649.65,?
INV-102689,Portharcourt,Abuja,Normal,Male,Fashion,40568.92,-1,2025-09-27 00:00:00,Cash,8,4056.89,85194.73,?
INV-102690,Portharcourt,Abuja,Member,Male,Fashion,48409.07,1,2025-08-18 00:00:00,Cash,5,2420.45,50829.52,?
INV-102691,lagos ,Lagos,Normal,Female,Health & Beauty,24155.59,8,2025-02-16 00:00:00,Cash,6,9662.24,202906.96,?
INV-102692,Portharcourt,Abuja,Member,Female,Food & Beverages,36506.17,9,2025-01-25 00:00:00,Credit Card,5,16427.78,344983.31,?
INV-102693,Portharcourt,Lagos,Normal,Male,Fashion,18850.18,1,2024-03-27 00:00:00,Credit Card,4,942.51,19792.69,?
INV-102694,Portharcourt,Port Harcourt,Normal,Male,Health & Beauty,9626.23,7,2024-10-02 00:00:00,Cash,5,3369.18,70752.79,?
INV-102695,ABUJA,Lagos,Normal,Male,Sports Equipment,22432.26,2,2025-03-07 00:00:00,Ewallet,9,2243.23,47107.75,?
INV-102696,Portharcourt,Port Harcourt,Normal,Female,Sports Equipment,8704.58,6,2024-01-02 00:00:00,Ewallet,6,2611.37,54838.85,?
INV-102697,Portharcourt,Lagos,Member,Female,Food & Beverages,49111.21,5,2025-01-09 00:00:00,Ewallet,6,12277.8,257833.85,?
INV-102698,Portharcourt,Ogun,Normal,Female,Health & Beauty,5264.2,1,2024-04-25 00:00:00,Ewallet,7,263.21,5527.41,?
INV-102699,ABUJA,Abuja,Normal,Female,Sports Equipment,29665.98,-1,2024-01-15 00:00:00,Ewallet,7,2966.6,62298.56,?
INV-102700,lagos ,Port Harcourt,Member,Male,Food & Beverages,31509.96,2,2024-06-02 00:00:00,Cash,9,3151,66170.92,?
INV-102701, ogun,Lagos,Member,Male,,27134.94,6,2024-02-04 00:00:00,Credit Card,6,8140.48,170950.12,?
INV-102702,Portharcourt,Abuja,Member,Male,Food & Beverages,33278.2,1,2024-06-10 00:00:00,Cash,9,1663.91,34942.11,?
INV-102703,lagos ,Lagos,Member,Male,Electronics,6250.95,4,2024-09-07 00:00:00,Ewallet,6,1250.19,26253.99,?
INV-102704,Portharcourt,Abuja,Member,Female,Home Supplies,27973.42,5,2024-03-04 00:00:00,Ewallet,4,6993.36,146860.46,?
INV-102705,,Abuja,Member,Female,Health & Beauty,14717.02,2,2025-08-22 00:00:00,Credit Card,5,1471.7,30905.74,?
INV-102706,lagos ,Lagos,Normal,Male,Home Supplies,47038.72,2,2025-06-28 00:00:00,Cash,7,4703.87,98781.31,?
INV-102707,ABUJA,Port Harcourt,Member,Male,Home Supplies,38222.55,7,2024-05-31 00:00:00,Credit Card,4,13377.89,280935.74,?
INV-102708,Portharcourt,Port Harcourt,Normal,Male,Health & Beauty,48639.47,7,2024-05-12 00:00:00,Ewallet,5,17023.81,357500.1,?
INV-102709,Portharcourt,Ogun,Member,Male,Health & Beauty,2359.03,6,2025-02-20 00:00:00,Ewallet,7,707.71,14861.89,?
INV-102710,ABUJA,Abuja,Normal,Male,Sports Equipment,14614.09,1,2025-10-06 00:00:00,Credit Card,9,730.7,15344.79,?
INV-102711, ogun,Ogun,Normal,Female,Electronics,10173.42,3,2024-01-25 00:00:00,Ewallet,4,1526.01,32046.27,?
INV-102712,ABUJA,Ogun,Normal,Female,Health & Beauty,1052.15,9,2024-01-20 00:00:00,Cash,8,473.47,9942.82,?
INV-102713,Portharcourt,Lagos,Member,Male,Fashion,12495.12,1,2025-09-03 00:00:00,Ewallet,8,624.76,13119.88,?
INV-102714,ABUJA,Lagos,Member,Male,Fashion,34099.41,2,2024-04-11 00:00:00,Ewallet,7,3409.94,71608.76,?
INV-102715, ogun,Lagos,Member,Male,Electronics,11938.9,8,2024-02-11 00:00:00,Cash,4,4775.56,100286.76,?
INV-102716,ABUJA,Abuja,Member,Female,Food & Beverages,25695.67,7,2025-08-22 00:00:00,Ewallet,5,8993.48,188863.17,?
INV-102717, ogun,Lagos,Normal,Female,Food & Beverages,44447,9,2025-06-03 00:00:00,Credit Card,5,20001.15,420024.15,?
INV-102718, ogun,Lagos,Member,Female,Fashion,34841.02,4,2025-06-09 00:00:00,Credit Card,4,6968.2,146332.28,?
INV-102719,ABUJA,Abuja,Normal,Male,Health & Beauty,20034.14,4,2024-11-03 00:00:00,Ewallet,8,4006.83,84143.39,?
INV-102720,ABUJA,Abuja,Normal,Female,Electronics,18937.21,7,2024-09-15 00:00:00,Cash,4,6628.02,139188.49,?
INV-102721,lagos ,Port Harcourt,Member,Male,Food & Beverages,23058.92,1,2025-08-11 00:00:00,Cash,8,1152.95,24211.87,?
INV-102722,Portharcourt,Lagos,Member,Female,Food & Beverages,9263.55,9,2025-09-03 00:00:00,Credit Card,8,4168.6,87540.55,?
INV-102723, ogun,Lagos,Member,Female,Home Supplies,31883.04,2,2025-01-30 00:00:00,Ewallet,9,3188.3,66954.38,?
INV-102724,lagos ,Lagos,Normal,Female,Fashion,18525.56,1,2025-03-17 00:00:00,Cash,9,926.28,19451.84,?
INV-102725,ABUJA,Port Harcourt,Member,Male,Health & Beauty,42692.08,7,2024-04-26 00:00:00,Cash,5,14942.23,313786.79,?
INV-102726,Portharcourt,Lagos,Normal,Male,Electronics,37949.36,6,2025-04-15 00:00:00,Credit Card,7,11384.81,239080.97,?
INV-102727,lagos ,Port Harcourt,Member,Female,Food & Beverages,30720.4,3,2024-01-23 00:00:00,Credit Card,6,4608.06,96769.26,?
INV-102728, ogun,Ogun,Normal,Male,Home Supplies,18528.01,1,2025-04-15 00:00:00,Cash,4,926.4,19454.41,?
INV-102729,lagos ,Port Harcourt,Member,Male,Fashion,10891.63,5,2025-07-19 00:00:00,Credit Card,8,2722.91,57181.06,?
INV-102730, ogun,Ogun,Member,Male,Fashion,38919.52,4,2025-02-17 00:00:00,Cash,4,7783.9,163461.98,?
INV-102731,ABUJA,Lagos,Normal,Male,Electronics,24577.25,5,2024-08-01 00:00:00,Ewallet,7,6144.31,129030.56,?
INV-102732,Portharcourt,Ogun,Member,,Food & Beverages,11625.13,1,2024-10-18 00:00:00,Credit Card,7,581.26,12206.39,?
INV-102733,Portharcourt,Port Harcourt,Member,Male,Electronics,10161.14,1,2025-06-19 00:00:00,Credit Card,6,508.06,10669.2,?
INV-102734,Portharcourt,Abuja,Member,Male,Electronics,8687.34,5,2024-05-10 00:00:00,Ewallet,6,2171.84,45608.54,?
INV-102735,ABUJA,Ogun,Member,Female,Sports Equipment,38969.48,6,2025-09-20 00:00:00,Cash,8,11690.84,245507.72,?
INV-102736, ogun,Ogun,Member,Male,,11834.87,5,2025-07-25 00:00:00,Cash,9,2958.72,62133.07,?
INV-102737,ABUJA,Lagos,Member,Male,Fashion,26568.79,2,2025-10-03 00:00:00,Credit Card,6,2656.88,55794.46,?
INV-102738,Portharcourt,Port Harcourt,Member,Female,Sports Equipment,22851.54,9,2025-09-29 00:00:00,Cash,9,10283.19,215947.05,?
INV-102739,ABUJA,Ogun,Normal,Female,Health & Beauty,29190.74,5,2025-05-03 00:00:00,Cash,9,7297.69,153251.39,?
INV-102740,ABUJA,Ogun,Normal,Female,Fashion,43919.17,5,2025-09-27 00:00:00,Ewallet,8,10979.79,230575.64,?
INV-102741,ABUJA,Ogun,Member,Female,Fashion,43453.5,9,2025-01-05 00:00:00,Ewallet,5,19554.08,410635.58,?
INV-102742, ogun,Ogun,Member,Male,Home Supplies,22828.27,3,2025-04-03 00:00:00,Ewallet,9,3424.24,71909.05,?
INV-102743,lagos ,Abuja,Member,Female,Health & Beauty,1260.63,5,2025-09-09 00:00:00,Credit Card,8,315.16,6618.31,?
INV-102744,lagos ,Port Harcourt,Normal,Female,Food & Beverages,21608.97,5,2025-05-01 00:00:00,Ewallet,6,5402.24,113447.09,?
INV-102745,ABUJA,Lagos,Normal,Male,Health & Beauty,30506.58,2,2025-09-16 00:00:00,Ewallet,4,3050.66,64063.82,?
INV-102746,lagos ,Lagos,Member,Male,Food & Beverages,28109.36,4,2024-06-22 00:00:00,Cash,6,5621.87,118059.31,?
INV-102747,lagos ,Abuja,Normal,Male,Health & Beauty,32741.14,2,2025-08-31 00:00:00,Ewallet,7,3274.11,68756.39,?
INV-102748,ABUJA,Port Harcourt,Member,Female,Electronics,8126.75,5,2024-04-13 00:00:00,Credit Card,6,2031.69,42665.44,?
INV-102749,ABUJA,Ogun,Member,Male,Health & Beauty,32503.49,2,2025-04-16 00:00:00,Ewallet,5,3250.35,68257.33,?
INV-102750,Portharcourt,Abuja,Member,Female,Sports Equipment,9541.26,9,2025-05-13 00:00:00,Credit Card,8,4293.57,90164.91,?
INV-102751,lagos ,Port Harcourt,Member,Male,Sports Equipment,37650.94,6,2024-06-23 00:00:00,Cash,9,11295.28,237200.92,?
INV-102752, ogun,Ogun,Normal,Male,Home Supplies,17284.84,8,2024-02-11 00:00:00,Cash,7,6913.94,145192.66,?
INV-102753,ABUJA,Abuja,Normal,Female,Food & Beverages,35639.82,9,2025-03-24 00:00:00,Ewallet,8,16037.92,336796.3,?
INV-102754,Portharcourt,Port Harcourt,Member,Male,Fashion,2869.35,8,2025-01-26 00:00:00,Cash,8,1147.74,24102.54,?
INV-102755, ogun,Lagos,Normal,Male,Home Supplies,20689.07,5,2024-07-29 00:00:00,Ewallet,9,5172.27,108617.62,?
INV-102756,lagos ,Lagos,Normal,Male,Sports Equipment,35399.21,5,2024-05-24 00:00:00,Cash,6,8849.8,185845.85,?
INV-102757,Portharcourt,Port Harcourt,Member,Male,Sports Equipment,11730.09,6,2025-09-09 00:00:00,Credit Card,4,3519.03,73899.57,?
INV-102758,ABUJA,Lagos,Normal,Male,Food & Beverages,39866.71,-1,2025-05-11 00:00:00,Cash,7,1993.34,41860.05,?
INV-102759, ogun,Port Harcourt,Member,Female,Sports Equipment,31723.6,8,2024-04-20 00:00:00,Ewallet,9,12689.44,266478.24,?
INV-102760,ABUJA,Ogun,Member,Female,Sports Equipment,29584.31,2,2025-01-17 00:00:00,Ewallet,5,2958.43,62127.05,?
INV-102761,lagos ,Port Harcourt,Member,Male,Food & Beverages,18000.67,6,2024-12-06 00:00:00,Ewallet,5,5400.2,113404.22,?
INV-102762, ogun,Ogun,Member,Female,Sports Equipment,24381.35,9,2025-09-06 00:00:00,Credit Card,4,10971.61,230403.76,?
INV-102763,lagos ,Abuja,Normal,Female,Fashion,30068.79,3,2024-07-12 00:00:00,Cash,4,4510.32,94716.69,?
INV-102764,lagos ,Port Harcourt,Member,Female,Electronics,23886.87,2,2024-08-11 00:00:00,Ewallet,6,2388.69,50162.43,?
INV-102765,Portharcourt,Abuja,Normal,Male,Home Supplies,35066.51,5,2025-08-28 00:00:00,Credit Card,5,8766.63,184099.18,?
INV-102766,ABUJA,Lagos,Member,Male,Fashion,21968,9,2025-01-09 00:00:00,Credit Card,7,9885.6,207597.6,?
INV-102767, ogun,Ogun,Member,Male,Fashion,10512.52,6,2025-02-23 00:00:00,Credit Card,9,3153.76,66228.88,?
INV-102768,lagos ,Port Harcourt,Normal,Female,Electronics,11089.72,8,2025-06-12 00:00:00,Cash,4,4435.89,93153.65,?
INV-102769,lagos ,Abuja,Member,Female,Home Supplies,787.29,8,2024-05-09 00:00:00,Cash,4,314.92,6613.24,?
INV-102770,,Ogun,Normal,Male,Fashion,15397.41,7,2024-02-07 00:00:00,Cash,4,5389.09,113170.96,?
INV-102771,lagos ,Ogun,Normal,Male,Sports Equipment,37571.42,5,2024-01-14 00:00:00,Credit Card,9,9392.86,197249.96,?
INV-102772,Portharcourt,Lagos,Member,Female,Electronics,39811.05,2,2025-08-09 00:00:00,Cash,7,3981.11,83603.21,?
INV-102773,Portharcourt,Lagos,Member,Female,Home Supplies,10522.14,5,2024-08-29 00:00:00,Ewallet,5,2630.54,55241.24,?
INV-102774,Portharcourt,Ogun,Member,Male,Health & Beauty,47972.68,7,2024-01-15 00:00:00,Credit Card,7,16790.44,352599.2,?
INV-102775,Portharcourt,Ogun,Member,Female,Food & Beverages,25368.94,7,2024-06-16 00:00:00,Cash,9,8879.13,186461.71,?
INV-102776,lagos ,Port Harcourt,Member,Female,Sports Equipment,45890.45,2,2025-04-17 00:00:00,Credit Card,7,4589.04,96369.94,?
INV-102777, ogun,Ogun,Member,Female,Electronics,35484.88,7,2024-06-16 00:00:00,Credit Card,6,12419.71,260813.87,?
INV-102778, ogun,Port Harcourt,Normal,Female,Food & Beverages,36260.45,6,2024-02-27 00:00:00,Cash,9,10878.14,228440.84,?
INV-102779, ogun,Ogun,Normal,Female,Health & Beauty,4709.66,7,2024-07-23 00:00:00,Credit Card,4,1648.38,34616,?
INV-102780, ogun,Lagos,Member,Female,Fashion,11389.56,8,2024-04-17 00:00:00,Cash,5,4555.82,95672.3,?
INV-102781,ABUJA,Port Harcourt,Normal,Female,Fashion,936.33,4,2025-01-24 00:00:00,Cash,6,187.27,3932.59,?
INV-102782, ogun,Abuja,Normal,Male,Home Supplies,35948.32,1,2025-01-01 00:00:00,Cash,6,1797.42,37745.74,?
INV-102783,ABUJA,Lagos,Member,Male,Electronics,17549.7,8,2024-01-15 00:00:00,Credit Card,9,7019.88,147417.48,?
INV-102784,ABUJA,Port Harcourt,Member,Female,Electronics,39439.3,8,2025-04-17 00:00:00,Credit Card,8,15775.72,331290.12,?
INV-102785,Portharcourt,Port Harcourt,Normal,Female,Home Supplies,17277.34,3,2024-06-15 00:00:00,Cash,4,2591.6,54423.62,?
INV-102786,ABUJA,Abuja,Member,Female,Food & Beverages,41057.02,3,2024-05-09 00:00:00,Credit Card,5,6158.55,129329.61,?
INV-102787,lagos ,Port Harcourt,Normal,Male,Fashion,6969.56,5,2024-06-01 00:00:00,Cash,5,1742.39,36590.19,?
INV-102788,ABUJA,Ogun,Member,Male,Fashion,9081.97,3,2024-05-08 00:00:00,Ewallet,5,1362.3,28608.21,?
INV-102789,Portharcourt,Abuja,Normal,Female,Electronics,17373.39,5,2024-07-30 00:00:00,Credit Card,9,4343.35,91210.3,?
INV-102790,ABUJA,Lagos,Normal,Male,Electronics,20720.13,8,2024-05-15 00:00:00,,4,8288.05,174049.09,?
INV-102791,lagos ,Lagos,Normal,Female,Home Supplies,17760.79,1,2025-06-22 00:00:00,Ewallet,9,888.04,18648.83,?
INV-102792,lagos ,Ogun,Normal,Female,Health & Beauty,38300.53,2,2025-05-29 00:00:00,Ewallet,5,3830.05,80431.11,?
INV-102793,lagos ,Lagos,Member,Female,Food & Beverages,5299.09,2,2024-01-14 00:00:00,Ewallet,7,529.91,11128.09,?
INV-102794,Portharcourt,Port Harcourt,Member,Female,Sports Equipment,17885.24,4,2024-09-19 00:00:00,Cash,7,3577.05,75118.01,?
INV-102795,Portharcourt,Port Harcourt,Normal,Female,Health & Beauty,41943.38,9,2025-05-16 00:00:00,Cash,4,18874.52,396364.94,?
INV-102796, ogun,Ogun,Normal,Female,Health & Beauty,3806.46,2,2025-04-20 00:00:00,Ewallet,5,380.65,7993.57,?
INV-102797,Portharcourt,Lagos,Member,Female,Electronics,47146,9,2024-02-01 00:00:00,Cash,9,21215.7,445529.7,?
INV-102798,lagos ,Lagos,Member,Male,Electronics,49322.68,7,2024-09-13 00:00:00,Credit Card,8,17262.94,362521.7,?
INV-102799,lagos ,Ogun,Normal,Female,Electronics,4884.12,8,2025-06-15 00:00:00,Ewallet,8,1953.65,41026.61,?
INV-102800,Portharcourt,Abuja,Normal,Male,Health & Beauty,14917.99,1,2025-02-04 00:00:00,Credit Card,8,745.9,15663.89,?
INV-102801,ABUJA,Lagos,Normal,Female,Food & Beverages,18933.83,5,2024-09-30 00:00:00,Cash,7,4733.46,99402.61,?
INV-102802,Portharcourt,Abuja,Normal,Female,Electronics,38931.37,9,2024-04-24 00:00:00,Ewallet,9,17519.12,367901.45,?
INV-102803,Portharcourt,Lagos,Normal,Male,Fashion,29998.38,4,2024-04-12 00:00:00,Cash,8,5999.68,125993.2,?
INV-102804,lagos ,Lagos,Member,Male,Food & Beverages,32396.1,2,2025-07-30 00:00:00,,5,3239.61,68031.81,?
INV-102805, ogun,Lagos,Normal,Female,Fashion,37996.74,6,2025-06-03 00:00:00,Cash,5,11399.02,239379.46,?
INV-102806,lagos ,Lagos,Member,Male,Food & Beverages,6339.96,2,2024-01-17 00:00:00,Credit Card,8,634,13313.92,?
INV-102807, ogun,Port Harcourt,Member,Female,Electronics,41743.87,3,2024-03-16 00:00:00,Cash,6,6261.58,131493.19,?
INV-102808,lagos ,Abuja,Member,Female,Sports Equipment,35428.18,8,2024-10-30 00:00:00,Credit Card,8,14171.27,297596.71,?
INV-102809,Portharcourt,Abuja,Normal,Male,Home Supplies,29078.42,3,2025-02-24 00:00:00,Cash,6,4361.76,91597.02,?
INV-102810,lagos ,Lagos,Member,Male,Electronics,44541.9,-1,2024-10-25 00:00:00,Ewallet,4,4454.19,93537.99,?
INV-102811,lagos ,Lagos,Member,Male,Health & Beauty,35165.16,6,2024-09-05 00:00:00,Ewallet,4,10549.55,221540.51,?
INV-102812,lagos ,Abuja,Member,Male,Sports Equipment,10484.15,3,2024-12-18 00:00:00,Cash,5,1572.62,33025.07,?
INV-102813,Portharcourt,Port Harcourt,Member,Female,Health & Beauty,21772.4,1,2025-01-02 00:00:00,Credit Card,9,1088.62,22861.02,?
INV-102814,Portharcourt,Ogun,Normal,Male,Food & Beverages,24955.12,3,2024-09-09 00:00:00,Cash,7,3743.27,78608.63,?
INV-102815,Portharcourt,Ogun,Normal,Male,Health & Beauty,3233.27,6,2024-04-16 00:00:00,Ewallet,9,969.98,20369.6,?
INV-102816,Portharcourt,Abuja,Member,Male,Sports Equipment,47754.56,3,2024-09-27 00:00:00,Credit Card,5,7163.18,150426.86,?
INV-102817, ogun,Lagos,Member,Male,Sports Equipment,6864.57,9,2024-06-12 00:00:00,Cash,5,3089.06,64870.19,?
INV-102818, ogun,Lagos,Normal,Male,Electronics,35024.33,7,2025-01-26 00:00:00,Cash,9,12258.52,257428.83,?
INV-102819,ABUJA,Port Harcourt,Normal,Female,Fashion,25558.44,5,2025-07-28 00:00:00,Credit Card,7,6389.61,134181.81,?
INV-102820,Portharcourt,Ogun,Normal,Female,Electronics,1768.8,2,2025-05-14 00:00:00,Cash,5,176.88,3714.48,?
INV-102821, ogun,Port Harcourt,Member,Male,Food & Beverages,46275,9,2024-02-04 00:00:00,Ewallet,7,20823.75,437298.75,?
INV-102822,lagos ,Ogun,Normal,Male,Health & Beauty,42665.92,-1,2024-04-06 00:00:00,Ewallet,5,10666.48,223996.08,?
INV-102823,Portharcourt,Abuja,Member,Female,Fashion,26450.77,7,2024-04-13 00:00:00,Credit Card,4,9257.77,194413.16,?
INV-102824,ABUJA,Ogun,Member,Male,Home Supplies,11832.65,9,2024-10-18 00:00:00,Cash,6,5324.69,111818.54,?
INV-102825,ABUJA,Port Harcourt,Normal,Female,Sports Equipment,6520.33,4,2024-08-17 00:00:00,Cash,5,1304.07,27385.39,?
INV-102826,ABUJA,Port Harcourt,Member,Female,Fashion,18487.93,9,2024-02-22 00:00:00,Ewallet,6,8319.57,174710.94,?
INV-102827,lagos ,Port Harcourt,Normal,Male,Fashion,13143.7,1,2024-05-02 00:00:00,Credit Card,8,657.18,13800.88,?
INV-102828, ogun,Abuja,Member,Female,Electronics,25581.21,6,2025-04-27 00:00:00,Credit Card,5,7674.36,161161.62,?
INV-102829,lagos ,Ogun,Normal,Male,Home Supplies,48337.26,2,2024-04-01 00:00:00,Credit Card,4,4833.73,101508.25,?
INV-102830,Portharcourt,Ogun,Member,Male,Sports Equipment,28960.2,8,2024-01-14 00:00:00,,7,11584.08,243265.68,?
INV-102831,,Port Harcourt,Member,Female,Food & Beverages,44551.59,5,2024-05-30 00:00:00,Ewallet,4,11137.9,233895.85,?
INV-102832,lagos ,Ogun,Normal,Female,Food & Beverages,32718.5,3,2025-02-21 00:00:00,Credit Card,6,4907.78,103063.28,?
INV-102833,lagos ,Lagos,Normal,Male,Fashion,24024.7,2,2025-05-21 00:00:00,Credit Card,7,2402.47,50451.87,?
INV-102834, ogun,Lagos,Normal,Female,Fashion,42803.07,8,2024-01-20 00:00:00,Cash,4,17121.23,359545.79,?
INV-102835, ogun,Lagos,Normal,Male,Health & Beauty,23832.72,7,2025-08-09 00:00:00,Cash,4,8341.45,175170.49,?
INV-102836,ABUJA,Ogun,Member,,Home Supplies,43497.09,9,2024-12-22 00:00:00,Credit Card,4,19573.69,411047.5,?
INV-102837,lagos ,Abuja,Normal,Female,,14933.05,8,2024-09-28 00:00:00,Ewallet,9,5973.22,125437.62,?
INV-102838,lagos ,Abuja,Normal,Male,Fashion,6876.25,4,2024-11-16 00:00:00,Ewallet,7,1375.25,28880.25,?
INV-102839, ogun,Abuja,Member,Male,Health & Beauty,42838.07,2,2025-04-21 00:00:00,Cash,4,4283.81,89959.95,?
INV-102840,lagos ,Abuja,Normal,Male,,29577.05,2,2024-04-10 00:00:00,Credit Card,4,2957.7,62111.8,?
INV-102841,lagos ,Lagos,Normal,Female,,44510.07,2,2024-05-22 00:00:00,Ewallet,6,4451.01,93471.15,?
INV-102842,lagos ,Lagos,Member,Male,Food & Beverages,46922.45,6,2025-10-02 00:00:00,Ewallet,4,14076.73,295611.43,?
INV-102843,,Port Harcourt,Normal,Male,Health & Beauty,3154.61,7,2024-04-10 00:00:00,Ewallet,4,1104.11,23186.38,?
INV-102844,ABUJA,Ogun,Normal,Female,Home Supplies,25297.98,6,2024-07-26 00:00:00,Ewallet,8,7589.39,159377.27,?
INV-102845,Portharcourt,Ogun,Normal,Female,Health & Beauty,19060.75,2,2025-02-22 00:00:00,,7,1906.08,40027.58,?
INV-102846,ABUJA,Abuja,Normal,Male,Fashion,31479.99,4,2024-11-09 00:00:00,Ewallet,8,6296,132215.96,?
INV-102847,Portharcourt,Lagos,Normal,Male,Electronics,39782.76,3,2025-03-09 00:00:00,Ewallet,9,5967.41,125315.69,?
INV-102848,lagos ,Abuja,Normal,Male,Food & Beverages,14389.22,4,2024-08-03 00:00:00,Credit Card,6,2877.84,60434.72,?
INV-102849,ABUJA,Port Harcourt,Member,Male,Fashion,28061.52,5,2025-05-22 00:00:00,Credit Card,8,7015.38,147322.98,?
INV-102850,Portharcourt,Ogun,Normal,Female,Fashion,35582.06,7,2024-10-12 00:00:00,Cash,9,12453.72,261528.14,?
INV-102851, ogun,Ogun,Member,Female,Home Supplies,7154.34,9,2024-08-29 00:00:00,Cash,5,3219.45,67608.51,?
INV-102852, ogun,Abuja,Member,Male,Health & Beauty,40796.31,2,2024-12-15 00:00:00,Cash,7,4079.63,85672.25,?
INV-102853,ABUJA,Port Harcourt,Member,Male,Food & Beverages,30502.43,8,2024-09-01 00:00:00,Cash,4,12200.97,256220.41,?
INV-102854,ABUJA,Ogun,Member,Male,Fashion,47502.1,3,2025-04-04 00:00:00,Ewallet,8,7125.32,149631.62,?
INV-102855,lagos ,Port Harcourt,Normal,Female,Home Supplies,17306.68,9,2025-05-15 00:00:00,Credit Card,8,7788.01,163548.13,?
INV-102856,ABUJA,Port Harcourt,Normal,Male,Food & Beverages,5853.22,4,2024-01-21 00:00:00,Ewallet,4,1170.64,24583.52,?
INV-102857,lagos ,Abuja,Normal,Male,Health & Beauty,25571.81,3,2025-10-05 00:00:00,Ewallet,4,3835.77,80551.2,?
INV-102858,lagos ,Lagos,Member,Female,Fashion,4747.63,6,2024-05-08 00:00:00,,6,1424.29,29910.07,?
INV-102859, ogun,Abuja,Normal,Female,Sports Equipment,48491.56,9,2024-10-14 00:00:00,Credit Card,8,21821.2,458245.24,?
INV-102860, ogun,Lagos,Normal,Male,Fashion,2414.91,7,2024-04-27 00:00:00,Cash,8,845.22,17749.59,?
INV-102861,Portharcourt,Port Harcourt,Normal,Male,Fashion,37798.44,4,2024-05-01 00:00:00,Cash,5,7559.69,158753.45,?
INV-102862, ogun,Lagos,Member,Female,Food & Beverages,26492.57,3,2025-07-15 00:00:00,Credit Card,9,3973.89,83451.6,?
INV-102863, ogun,Port Harcourt,Member,Male,Food & Beverages,18746.72,4,2025-03-10 00:00:00,Credit Card,5,3749.34,78736.22,?
INV-102864,ABUJA,Ogun,Normal,Male,Food & Beverages,3759.19,3,2025-01-29 00:00:00,Cash,8,563.88,11841.45,?
INV-102865, ogun,Ogun,Member,Female,Food & Beverages,31297.26,3,2024-06-01 00:00:00,Ewallet,5,4694.59,98586.37,?
INV-102866,Portharcourt,Ogun,Member,Female,Home Supplies,29468.41,9,2024-10-12 00:00:00,Cash,8,13260.78,278476.47,?
INV-102867,ABUJA,Abuja,Normal,Female,Electronics,14403.72,4,2024-07-09 00:00:00,Credit Card,7,2880.74,60495.62,?
INV-102868,Portharcourt,Abuja,Member,Male,Home Supplies,45555.97,9,2025-01-07 00:00:00,Cash,6,20500.19,430503.92,?
INV-102869, ogun,Port Harcourt,Member,Female,Fashion,15553.45,5,2024-03-17 00:00:00,Cash,5,3888.36,81655.61,?
INV-102870,Portharcourt,Ogun,Normal,Female,Home Supplies,22761.41,7,2025-01-20 00:00:00,Cash,8,7966.49,167296.36,?
INV-102871,ABUJA,Abuja,Member,Male,,27416.24,5,2025-03-15 00:00:00,Credit Card,5,6854.06,143935.26,?
INV-102872,lagos ,Ogun,Member,Male,Sports Equipment,5461.48,1,2024-12-08 00:00:00,Credit Card,9,273.07,5734.55,?
INV-102873,Portharcourt,Abuja,Member,Female,Food & Beverages,46642.01,2,2024-01-27 00:00:00,Cash,6,4664.2,97948.22,?
INV-102874,Portharcourt,Lagos,Member,Female,Health & Beauty,19039.54,5,2024-01-23 00:00:00,Cash,7,4759.89,99957.59,?
INV-102875,ABUJA,Lagos,Member,Male,,4498.57,6,2024-06-19 00:00:00,Ewallet,4,1349.57,28340.99,?
INV-102876,ABUJA,Ogun,Member,Male,Health & Beauty,19670.91,7,2024-02-02 00:00:00,Ewallet,4,6884.82,144581.19,?
INV-102877,Portharcourt,Port Harcourt,Member,Female,Fashion,30210.03,2,2024-07-26 00:00:00,Cash,5,3021,63441.06,?
INV-102878, ogun,Abuja,Member,Female,Food & Beverages,25925.81,9,2024-08-31 00:00:00,Credit Card,8,11666.61,244998.9,?
INV-102879,Portharcourt,Abuja,Normal,Male,Health & Beauty,34879.83,6,2024-12-26 00:00:00,Ewallet,9,10463.95,219742.93,?
INV-102880,ABUJA,Lagos,Normal,Female,Fashion,3246.46,2,2025-08-07 00:00:00,Cash,6,324.65,6817.57,?
INV-102881,lagos ,Lagos,Normal,Male,Food & Beverages,14584.76,2,2024-02-18 00:00:00,Ewallet,7,1458.48,30628,?
INV-102882,lagos ,Port Harcourt,Normal,Female,Electronics,41051.91,3,2024-10-19 00:00:00,Ewallet,7,6157.79,129313.52,?
INV-102883, ogun,Port Harcourt,Member,Male,Fashion,4454.74,1,2024-08-04 00:00:00,Ewallet,7,222.74,4677.48,?
INV-102884,Portharcourt,Port Harcourt,Normal,Male,Home Supplies,0,9,2024-03-12 00:00:00,Credit Card,4,19280.95,404899.9,?
INV-102885,lagos ,Ogun,Normal,Female,Food & Beverages,5048.86,4,2025-08-31 00:00:00,Cash,6,1009.77,21205.21,?
INV-102886,Portharcourt,Lagos,Member,Female,Health & Beauty,41805.48,5,2024-06-09 00:00:00,Credit Card,4,10451.37,219478.77,?
INV-102887,ABUJA,Ogun,Member,Male,Sports Equipment,18359.03,7,2024-03-07 00:00:00,,5,6425.66,134938.87,?
INV-102888,lagos ,Lagos,Member,Female,Health & Beauty,30804.35,1,2024-04-23 00:00:00,Ewallet,7,1540.22,32344.57,?
INV-102889, ogun,Lagos,Member,Female,Home Supplies,8067.91,3,2025-05-13 00:00:00,Cash,6,1210.19,25413.92,?
INV-102890,ABUJA,Abuja,Member,Female,Home Supplies,3775.35,3,2024-12-28 00:00:00,Ewallet,7,566.3,11892.35,?
INV-102891, ogun,Lagos,Normal,Male,Health & Beauty,11188.94,2,2025-04-18 00:00:00,Credit Card,4,1118.89,23496.77,?
INV-102892,ABUJA,Lagos,Member,Female,Sports Equipment,6828.76,8,2025-02-17 00:00:00,Credit Card,4,2731.5,57361.58,?
INV-102893,lagos ,Ogun,Normal,Female,Food & Beverages,15964.09,5,2025-04-03 00:00:00,Cash,4,3991.02,83811.47,?
INV-102894, ogun,Lagos,Normal,Male,Fashion,25961.97,1,2025-04-21 00:00:00,Credit Card,7,1298.1,27260.07,?
INV-102895, ogun,Ogun,Member,Female,Home Supplies,29643.59,2,2024-01-08 00:00:00,Credit Card,6,2964.36,62251.54,?
INV-102896,ABUJA,Port Harcourt,Normal,Female,Home Supplies,39598.47,1,2025-05-31 00:00:00,Cash,6,1979.92,41578.39,?
INV-102897, ogun,Lagos,Normal,Male,Home Supplies,32983.87,6,2024-04-18 00:00:00,Ewallet,5,9895.16,207798.38,?
INV-102898,ABUJA,Lagos,Member,Male,Sports Equipment,30633.54,9,2025-03-29 00:00:00,Cash,7,13785.09,289486.95,?
INV-102899,ABUJA,Ogun,Normal,Female,Electronics,20883.21,7,2025-02-28 00:00:00,Credit Card,5,7309.12,153491.59,?
INV-102900,ABUJA,Port Harcourt,Normal,Female,Sports Equipment,23953.52,5,2025-02-03 00:00:00,,9,5988.38,125755.98,?
INV-102901,ABUJA,Abuja,Normal,Male,Food & Beverages,21018.78,3,2025-09-02 00:00:00,Ewallet,5,3152.82,66209.16,?
INV-102902,lagos ,Port Harcourt,Member,Male,Food & Beverages,42187.22,8,2025-10-13 00:00:00,Credit Card,5,16874.89,354372.65,?
INV-102903,ABUJA,Ogun,Member,Female,Food & Beverages,11885.02,4,2024-11-02 00:00:00,Ewallet,5,2377,49917.08,?
INV-102904,Portharcourt,Port Harcourt,Member,Female,Food & Beverages,783.19,9,2024-12-08 00:00:00,Ewallet,4,352.44,7401.15,?
INV-102905, ogun,Ogun,Normal,Female,Food & Beverages,32740.33,5,2025-06-29 00:00:00,Cash,9,8185.08,171886.73,?
INV-102906,Portharcourt,Ogun,Member,Male,Health & Beauty,10521.88,6,2024-10-23 00:00:00,Ewallet,5,3156.56,66287.84,?
INV-102907,lagos ,Abuja,Normal,Female,Home Supplies,44560.7,5,2024-12-27 00:00:00,Cash,6,11140.18,233943.68,?
INV-102908,Portharcourt,Lagos,Member,Male,Sports Equipment,43022.79,7,2024-08-24 00:00:00,Cash,5,15057.98,316217.51,?
INV-102909, ogun,Ogun,Normal,Male,Health & Beauty,4298,7,2025-06-30 00:00:00,Ewallet,4,1504.3,31590.3,?
INV-102910,Portharcourt,Ogun,Member,Male,Sports Equipment,5766.23,1,2024-09-13 00:00:00,Cash,8,288.31,6054.54,?
INV-102911,lagos ,Abuja,Member,Female,Electronics,25010.99,2,2025-04-13 00:00:00,Cash,9,2501.1,52523.08,?
INV-102912,ABUJA,Ogun,Normal,Female,,30656.52,7,2024-06-14 00:00:00,Ewallet,8,10729.78,225325.42,?
INV-102913,Portharcourt,Lagos,Member,Female,Home Supplies,14107.96,8,2024-07-30 00:00:00,Credit Card,8,5643.18,118506.86,?
INV-102914,lagos ,Abuja,Normal,Male,Electronics,35981.49,4,2025-04-10 00:00:00,Cash,9,7196.3,151122.26,?
INV-102915,lagos ,Lagos,Member,Female,Health & Beauty,29948.34,6,2025-05-03 00:00:00,Cash,7,8984.5,188674.54,?
INV-102916, ogun,Lagos,Member,Male,Fashion,16578.79,3,2024-03-25 00:00:00,Ewallet,6,2486.82,52223.19,?
INV-102917,,Abuja,Normal,Male,Electronics,1755.89,7,2024-10-30 00:00:00,Cash,4,614.56,12905.79,?
INV-102918,Portharcourt,Ogun,Normal,Male,Sports Equipment,37632.44,3,2025-05-15 00:00:00,Ewallet,9,5644.87,118542.19,?
INV-102919,ABUJA,Lagos,Normal,Male,Fashion,11130.31,7,2025-06-06 00:00:00,Credit Card,8,3895.61,81807.78,?
INV-102920,lagos ,Lagos,Member,Male,Sports Equipment,41806.45,8,2024-04-11 00:00:00,Credit Card,4,16722.58,351174.18,?
INV-102921,Portharcourt,Lagos,Normal,Male,Electronics,21304.37,3,2024-01-16 00:00:00,Ewallet,4,3195.66,67108.77,?
INV-102922,lagos ,Lagos,Member,Female,Health & Beauty,29065.33,2,2025-04-23 00:00:00,Credit Card,7,2906.53,61037.19,?
INV-102923,lagos ,Abuja,Normal,Male,Sports Equipment,43710.96,6,2024-11-08 00:00:00,Ewallet,8,13113.29,275379.05,?
INV-102924,ABUJA,Abuja,Normal,Female,Fashion,43249.34,4,2024-11-09 00:00:00,Cash,5,8649.87,181647.23,?
INV-102925,ABUJA,Port Harcourt,Normal,Male,Electronics,18890.22,8,2025-05-08 00:00:00,Credit Card,4,7556.09,158677.85,?
INV-102926,Portharcourt,Port Harcourt,Normal,Female,Sports Equipment,10840,2,2024-11-24 00:00:00,Cash,8,1084,22764,?
INV-102927,ABUJA,Lagos,Normal,Female,Health & Beauty,38869.73,4,2024-09-03 00:00:00,Cash,4,7773.95,163252.87,?
INV-102928,ABUJA,Ogun,Normal,Female,Home Supplies,21937.47,2,2024-05-18 00:00:00,Ewallet,7,2193.75,46068.69,?
INV-102929,,Lagos,Member,Female,Health & Beauty,10006.08,2,2025-02-28 00:00:00,Credit Card,7,1000.61,21012.77,?
INV-102930,ABUJA,Ogun,Normal,Male,Health & Beauty,45269.05,2,2025-09-18 00:00:00,Credit Card,5,4526.91,95065.01,?
INV-102931, ogun,Lagos,Member,,Home Supplies,10306.16,1,2025-05-07 00:00:00,Cash,7,515.31,10821.47,?
INV-102932,lagos ,Port Harcourt,Normal,Male,Health & Beauty,1777.45,4,2024-12-17 00:00:00,Cash,8,355.49,7465.29,?
INV-102933,lagos ,Port Harcourt,Normal,Male,Home Supplies,1503.86,2,2024-04-12 00:00:00,Ewallet,9,150.39,3158.11,?
INV-102934,lagos ,Ogun,Normal,Female,Home Supplies,31304.61,9,2025-01-21 00:00:00,,7,14087.07,295828.56,?
INV-102935,lagos ,Lagos,Member,Female,Sports Equipment,33252.92,9,2024-07-27 00:00:00,Ewallet,9,14963.81,314240.09,?
INV-102936,Portharcourt,Ogun,Member,Female,Sports Equipment,15896.56,7,2025-02-06 00:00:00,Ewallet,5,5563.8,116839.72,?
INV-102937,lagos ,Port Harcourt,Normal,Male,Home Supplies,16340.54,6,2025-06-19 00:00:00,Ewallet,6,4902.16,102945.4,?
INV-102938,lagos ,Lagos,Member,Female,Electronics,17304.95,3,2024-08-01 00:00:00,Credit Card,4,2595.74,54510.59,?
INV-102939,lagos ,Lagos,Normal,Male,,34167.85,7,2024-09-18 00:00:00,Ewallet,4,11958.75,251133.7,?
INV-102940,lagos ,Ogun,Normal,Female,Electronics,3377.62,1,2025-09-01 00:00:00,Credit Card,8,168.88,3546.5,?
INV-102941, ogun,Abuja,Member,Female,Home Supplies,46491.26,9,2025-10-06 00:00:00,Ewallet,5,20921.07,439342.41,?
INV-102942,lagos ,Ogun,Member,Female,Fashion,11514.79,4,2025-01-23 00:00:00,Cash,5,2302.96,48362.12,?
INV-102943, ogun,Port Harcourt,Member,Female,Sports Equipment,49983.82,6,2024-05-24 00:00:00,Ewallet,5,14995.15,314898.07,?
INV-102944,Portharcourt,Port Harcourt,Member,Female,Fashion,8990.37,6,2025-05-01 00:00:00,Ewallet,4,2697.11,56639.33,?
INV-102945,ABUJA,Port Harcourt,Normal,Male,Home Supplies,38691.55,3,2024-05-14 00:00:00,Credit Card,7,5803.73,121878.38,?
INV-102946,lagos ,Port Harcourt,Member,Female,Sports Equipment,11558.92,4,2024-11-06 00:00:00,Cash,4,2311.78,48547.46,?
INV-102947,ABUJA,Port Harcourt,Member,Male,Fashion,4501.92,3,2024-10-08 00:00:00,Cash,4,675.29,14181.05,?
INV-102948,ABUJA,Abuja,Normal,Male,Fashion,43809.2,6,2024-06-13 00:00:00,Credit Card,4,13142.76,275997.96,?
INV-102949,Portharcourt,Lagos,Member,Male,Electronics,43008.19,1,2024-07-05 00:00:00,Credit Card,7,2150.41,45158.6,?
INV-102950,ABUJA,Ogun,Member,Male,Fashion,20476.73,8,2025-07-14 00:00:00,Cash,6,8190.69,172004.53,?
INV-102951, ogun,Ogun,Member,Male,Home Supplies,35268.61,8,2025-02-02 00:00:00,Credit Card,8,14107.44,296256.32,?
INV-102952,ABUJA,Port Harcourt,Member,Male,Food & Beverages,28074.76,9,2024-07-09 00:00:00,Cash,6,12633.64,265306.48,?
INV-102953,ABUJA,Ogun,Normal,Male,Food & Beverages,42721.33,6,2025-06-16 00:00:00,Ewallet,6,12816.4,269144.38,?
INV-102954,ABUJA,Port Harcourt,Normal,Male,,16095.27,1,2025-08-05 00:00:00,Ewallet,4,804.76,16900.03,?
INV-102955,lagos ,Abuja,Member,Female,Home Supplies,26421.78,3,2024-06-07 00:00:00,Cash,6,3963.27,83228.61,?
INV-102956,lagos ,Abuja,Member,Female,Food & Beverages,24525.93,1,2024-05-02 00:00:00,Cash,4,1226.3,25752.23,?
INV-102957, ogun,Lagos,Normal,Male,Electronics,18018.34,5,2024-05-13 00:00:00,Ewallet,4,4504.58,94596.28,?
INV-102958, ogun,Abuja,Member,Male,Home Supplies,44627.03,3,2024-02-06 00:00:00,Ewallet,8,6694.05,140575.14,?
INV-102959,lagos ,Abuja,Member,Male,Sports Equipment,8710.96,2,2024-11-04 00:00:00,,5,871.1,18293.02,?
INV-102960, ogun,Lagos,Member,Female,,7900.68,3,2024-10-02 00:00:00,Credit Card,4,1185.1,24887.14,?
INV-102961,lagos ,Ogun,Member,Female,Home Supplies,29057.02,9,2025-06-07 00:00:00,Credit Card,6,13075.66,274588.84,?
INV-102962,Portharcourt,Port Harcourt,Member,Male,Fashion,33045.96,8,2025-05-07 00:00:00,Cash,8,13218.38,277586.06,?
INV-102963,ABUJA,Port Harcourt,Member,Male,Fashion,10133.65,3,2024-08-21 00:00:00,Credit Card,9,1520.05,31921,?
INV-102964,ABUJA,Ogun,Member,Female,Fashion,19840.51,2,2024-04-21 00:00:00,Ewallet,9,1984.05,41665.07,?
INV-102965, ogun,Lagos,Member,Female,Health & Beauty,47354.91,5,2025-08-20 00:00:00,Ewallet,9,11838.73,248613.28,?
INV-102966,lagos ,Ogun,Member,Male,Electronics,12707.56,1,2024-05-10 00:00:00,Credit Card,6,635.38,13342.94,?
INV-102967,lagos ,Abuja,Normal,Male,Home Supplies,33583.85,-1,2024-09-07 00:00:00,Cash,5,6716.77,141052.17,?
INV-102968, ogun,Lagos,Normal,Male,Home Supplies,37137.39,8,2025-09-20 00:00:00,Ewallet,7,14854.96,311954.08,?
INV-102969,lagos ,Lagos,Normal,Male,Fashion,22682.37,1,2024-05-28 00:00:00,Ewallet,5,1134.12,23816.49,?
INV-102970,Portharcourt,Lagos,Member,Female,Home Supplies,46907.54,5,2025-09-16 00:00:00,Ewallet,8,11726.89,246264.59,?
INV-102971,ABUJA,Port Harcourt,Member,Female,Sports Equipment,36964.51,4,2025-05-16 00:00:00,Credit Card,5,7392.9,155250.94,?
INV-102972, ogun,Ogun,Normal,Male,Home Supplies,23167.27,6,2025-05-14 00:00:00,Cash,9,6950.18,145953.8,?
INV-102973, ogun,Lagos,Member,Male,,28682.09,7,2024-03-18 00:00:00,Credit Card,5,10038.73,210813.36,?
INV-102974,lagos ,Lagos,Normal,Male,Sports Equipment,34784.37,9,2024-07-22 00:00:00,Cash,8,15652.97,328712.3,?
INV-102975, ogun,Lagos,Member,Female,Sports Equipment,29813.41,1,2025-09-09 00:00:00,Cash,8,1490.67,31304.08,?
INV-102976,Portharcourt,Ogun,Normal,Male,Home Supplies,43995.53,4,2024-04-02 00:00:00,Credit Card,9,8799.11,184781.23,?
INV-102977,lagos ,Port Harcourt,Normal,Male,Health & Beauty,18165.99,6,2025-10-17 00:00:00,Ewallet,6,5449.8,114445.74,?
INV-102978,lagos ,Abuja,Normal,Male,Fashion,15344.34,7,2024-02-01 00:00:00,Cash,4,5370.52,112780.9,?
INV-102979,,Port Harcourt,Member,Female,Electronics,11085.03,7,2025-02-24 00:00:00,Credit Card,7,3879.76,81474.97,?
INV-102980,,Lagos,Normal,Male,Electronics,2370.26,8,2024-05-03 00:00:00,Ewallet,7,948.1,19910.18,?
INV-102981,Portharcourt,Port Harcourt,Member,Female,Food & Beverages,2629.19,8,2025-05-07 00:00:00,Cash,9,1051.68,22085.2,?
INV-102982,lagos ,Port Harcourt,Member,Male,Electronics,43567.73,8,2024-12-09 00:00:00,Cash,7,17427.09,365968.93,?
INV-102983, ogun,Abuja,Member,Male,Electronics,34080.46,8,2024-04-15 00:00:00,Ewallet,5,13632.18,286275.86,?
INV-102984,Portharcourt,Ogun,Member,Male,Fashion,33196.35,8,2024-07-15 00:00:00,Cash,8,13278.54,278849.34,?
INV-102985,ABUJA,Ogun,Member,Female,Fashion,30924.82,6,2025-07-30 00:00:00,Credit Card,8,9277.45,194826.37,?
INV-102986,ABUJA,Port Harcourt,Member,Male,Health & Beauty,42536.35,9,2024-05-23 00:00:00,Cash,9,19141.36,401968.51,?
INV-102987, ogun,Port Harcourt,Member,Male,Food & Beverages,24273.21,3,2024-05-31 00:00:00,Cash,8,3640.98,76460.61,?
INV-102988, ogun,Ogun,Normal,Female,Electronics,43585.34,6,2024-06-29 00:00:00,Ewallet,4,13075.6,274587.64,?
INV-102989,Portharcourt,Ogun,Normal,Female,Health & Beauty,18292.53,5,2024-08-06 00:00:00,Credit Card,8,4573.13,96035.78,?
INV-102990,,Abuja,Normal,Female,Food & Beverages,46372.02,8,2024-12-17 00:00:00,Ewallet,8,18548.81,389524.97,?
INV-102991,ABUJA,Lagos,Member,Male,Sports Equipment,35083.52,4,2024-03-13 00:00:00,Credit Card,5,7016.7,147350.78,?
INV-102992,ABUJA,Port Harcourt,Member,Female,Electronics,13230.27,4,2025-05-13 00:00:00,Ewallet,6,2646.05,55567.13,?
INV-102993,ABUJA,Ogun,Member,Male,Electronics,28422.2,5,2025-04-12 00:00:00,Cash,7,7105.55,149216.55,?
INV-102994,ABUJA,Port Harcourt,Member,Female,Fashion,26885.01,6,2025-04-01 00:00:00,,5,8065.5,169375.56,?
INV-102995,lagos ,Port Harcourt,Normal,Female,Home Supplies,7325.99,4,2025-01-16 00:00:00,Credit Card,5,1465.2,30769.16,?
INV-102996, ogun,Ogun,Member,Female,Food & Beverages,29766.52,2,2025-09-22 00:00:00,,5,2976.65,62509.69,?
INV-102997,lagos ,Abuja,Normal,Male,Electronics,16081.89,2,2024-05-09 00:00:00,Ewallet,7,1608.19,33771.97,?
INV-102998,ABUJA,Port Harcourt,Member,Male,Food & Beverages,3091.26,3,2024-08-02 00:00:00,Credit Card,9,463.69,9737.47,?
INV-102999,Portharcourt,Abuja,Normal,Male,Health & Beauty,47458.48,2,2025-05-21 00:00:00,Cash,5,4745.85,99662.81,?
INV-101957, ogun,Lagos,Normal,Female,Electronics,27723.96,8,2024-08-28 00:00:00,Credit Card,5,11089.58,232881.26,?
INV-102087,lagos ,Ogun,Member,Female,Health & Beauty,42427.1,4,2024-10-30 00:00:00,Credit Card,9,8485.42,178193.82,?
INV-101394,lagos ,Port Harcourt,Member,Male,Health & Beauty,34502.91,1,2025-03-06 00:00:00,Ewallet,5,1725.15,36228.06,?
INV-101520,ABUJA,Ogun,Normal,Male,Food & Beverages,44595.79,3,2025-10-01 00:00:00,Cash,7,6689.37,140476.74,?
INV-101098,ABUJA,Abuja,Normal,Male,Electronics,7203.23,2,2024-04-27 00:00:00,Credit Card,8,720.32,15126.78,?
INV-100393,Portharcourt,Port Harcourt,Normal,Female,Fashion,47863.37,3,2024-02-04 00:00:00,Credit Card,5,7179.51,150769.62,?
INV-100028,Portharcourt,Ogun,Member,Male,Health & Beauty,39822.02,7,2024-09-18 00:00:00,Cash,5,13937.71,292691.85,?
INV-100099,lagos ,Ogun,Member,Female,Health & Beauty,30416.85,1,2024-09-26 00:00:00,Ewallet,9,1520.84,31937.69,?
INV-100351,lagos ,Abuja,Normal,,Home Supplies,26777.52,5,2025-06-26 00:00:00,Ewallet,4,6694.38,140581.98,?
INV-102020, ogun,Ogun,Normal,Male,Fashion,45655.37,5,2025-09-15 00:00:00,Ewallet,5,11413.84,239690.69,?
INV-101352, ogun,Ogun,Normal,Female,Food & Beverages,42790.13,5,2025-05-25 00:00:00,Ewallet,5,10697.53,224648.18,?
INV-101144,Portharcourt,Port Harcourt,Member,Female,Home Supplies,27401.76,7,2024-09-11 00:00:00,Cash,9,9590.62,201402.94,?
INV-102855,lagos ,Port Harcourt,Normal,Female,Home Supplies,17306.68,9,2025-05-15 00:00:00,Credit Card,8,7788.01,163548.13,?
INV-101225,ABUJA,Port Harcourt,Normal,Male,Electronics,6567.87,8,2024-09-22 00:00:00,Credit Card,9,2627.15,55170.11,?
INV-100297, ogun,Port Harcourt,Member,Male,Electronics,11135.3,3,2025-04-04 00:00:00,Credit Card,8,1670.29,35076.19,?
INV-101785,Portharcourt,Ogun,Member,Female,Food & Beverages,26111.36,9,2025-02-26 00:00:00,Ewallet,6,11750.11,246752.35,?
INV-100126,ABUJA,Abuja,Normal,Female,Electronics,48559.78,8,2024-08-07 00:00:00,Cash,9,19423.91,407902.15,?
INV-102757,Portharcourt,Port Harcourt,Member,Male,Sports Equipment,11730.09,6,2025-09-09 00:00:00,Credit Card,4,3519.03,73899.57,?
INV-101596,Portharcourt,Port Harcourt,Normal,Female,Home Supplies,8961.77,3,2025-09-22 00:00:00,Ewallet,4,1344.27,28229.58,?
INV-102027,Portharcourt,Ogun,Member,Male,Electronics,44807.76,4,2024-03-13 00:00:00,Credit Card,8,8961.55,188192.59,?
INV-102996, ogun,Ogun,Member,Female,Food & Beverages,29766.52,2,2025-09-22 00:00:00,,5,2976.65,62509.69,?
INV-100681,lagos ,Port Harcourt,Normal,Male,Health & Beauty,4803.51,7,2025-08-15 00:00:00,Cash,6,1681.23,35305.8,?
INV-100045,Portharcourt,Ogun,Normal,Female,Electronics,9195.78,1,2024-05-03 00:00:00,Credit Card,4,459.79,9655.57,?
INV-101436,ABUJA,Ogun,Member,Female,Food & Beverages,12257.05,6,2025-10-19 00:00:00,Credit Card,6,3677.12,77219.42,?
INV-102747,lagos ,Abuja,Normal,Male,Health & Beauty,32741.14,2,2025-08-31 00:00:00,Ewallet,7,3274.11,68756.39,?
INV-100301,lagos ,Port Harcourt,Normal,Male,Fashion,17218.53,7,2024-10-15 00:00:00,Cash,5,6026.49,126556.2,?
INV-102648, ogun,Port Harcourt,Member,Male,Fashion,19427.05,8,2024-03-01 00:00:00,Credit Card,5,7770.82,163187.22,?
INV-101607,lagos ,Abuja,Normal,Female,Home Supplies,5666.39,3,2024-04-07 00:00:00,Cash,9,849.96,17849.13,?
INV-100636,lagos ,Lagos,Normal,Male,Electronics,14134.61,2,2025-08-26 00:00:00,Cash,5,1413.46,29682.68,?
INV-100547,Portharcourt,Port Harcourt,Normal,Female,Home Supplies,20953.13,6,2025-07-22 00:00:00,Credit Card,6,6285.94,132004.72,?
INV-101265, ogun,Ogun,Member,Female,Health & Beauty,26333.28,8,2024-06-09 00:00:00,Cash,5,10533.31,221199.55,?
INV-101270,ABUJA,Abuja,Normal,Male,Health & Beauty,14869.04,3,2025-07-26 00:00:00,Ewallet,9,2230.36,46837.48,?
INV-100678,ABUJA,Ogun,Normal,Female,Health & Beauty,17177.63,7,2024-01-11 00:00:00,Cash,5,6012.17,126255.58,?
INV-102612,ABUJA,Ogun,Member,Female,Food & Beverages,7159.01,1,2024-05-27 00:00:00,Ewallet,5,357.95,7516.96,?
INV-102156,Portharcourt,Lagos,Member,Male,Home Supplies,23979.12,2,2024-11-20 00:00:00,Credit Card,6,2397.91,50356.15,?
INV-100705,lagos ,Ogun,Normal,Male,Home Supplies,14830.14,8,2024-12-07 00:00:00,Credit Card,7,5932.06,124573.18,?
INV-101508,Portharcourt,Port Harcourt,Member,Male,Health & Beauty,31376.72,7,2024-09-09 00:00:00,Cash,9,10981.85,230618.89,?
INV-100110,Portharcourt,Lagos,Normal,Female,Fashion,36689.6,4,2025-06-28 00:00:00,Credit Card,9,7337.92,154096.32,?
INV-102353,Portharcourt,Lagos,Member,Male,Health & Beauty,31872.06,2,2025-04-30 00:00:00,Ewallet,9,3187.21,66931.33,?
INV-102177,Portharcourt,Abuja,Normal,Male,Fashion,19110.02,9,2025-04-05 00:00:00,Ewallet,4,8599.51,180589.69,?
INV-102048, ogun,Abuja,Member,Male,Food & Beverages,26484.24,1,2024-10-15 00:00:00,Credit Card,6,1324.21,27808.45,?
INV-100282,ABUJA,Lagos,Member,Female,Home Supplies,4188.27,7,2024-08-30 00:00:00,Ewallet,9,1465.89,30783.78,?
INV-101100, ogun,Abuja,Normal,Female,Food & Beverages,7663.18,9,2025-03-03 00:00:00,Cash,6,3448.43,72417.05,?
INV-100560,Portharcourt,Abuja,Normal,Male,Fashion,45992.39,4,2025-03-19 00:00:00,Ewallet,4,9198.48,193168.04,?
INV-100563, ogun,Port Harcourt,Member,Female,Sports Equipment,14083.43,7,2024-03-04 00:00:00,Credit Card,4,4929.2,103513.21,?
INV-100577,ABUJA,Ogun,Normal,Male,Sports Equipment,11465.59,1,2025-01-10 00:00:00,Credit Card,9,573.28,12038.87,?
INV-101819, ogun,Ogun,Normal,Female,Health & Beauty,39686.18,8,2024-10-24 00:00:00,Cash,5,15874.47,333363.91,?
INV-101950,Portharcourt,Port Harcourt,Member,Female,Health & Beauty,37219.42,3,2024-01-25 00:00:00,Cash,8,5582.91,117241.17,?
INV-101559, ogun,Abuja,Normal,Male,Health & Beauty,17343.61,1,2024-02-04 00:00:00,Credit Card,7,867.18,18210.79,?
INV-100299,Portharcourt,Lagos,Normal,Male,Sports Equipment,10456.26,6,2024-03-30 00:00:00,Cash,4,3136.88,65874.44,?
INV-101922,,Port Harcourt,Normal,Male,Food & Beverages,41843.85,9,2024-01-17 00:00:00,Ewallet,6,18829.73,395424.38,?
INV-101065, ogun,Ogun,Normal,Male,Food & Beverages,37708.15,9,2024-12-22 00:00:00,Credit Card,5,16968.67,356342.02,?
INV-102038,ABUJA,Ogun,Member,Female,Food & Beverages,38322.6,6,2024-07-06 00:00:00,Credit Card,9,11496.78,241432.38,?
INV-100534, ogun,Port Harcourt,Member,Male,Electronics,29499.68,9,2024-12-25 00:00:00,Ewallet,6,13274.86,278771.98,?
INV-102923,lagos ,Abuja,Normal,Male,Sports Equipment,43710.96,6,2024-11-08 00:00:00,Ewallet,8,13113.29,275379.05,?
INV-102765,Portharcourt,Abuja,Normal,Male,Home Supplies,35066.51,5,2025-08-28 00:00:00,Credit Card,5,8766.63,184099.18,?
INV-102226, ogun,Lagos,Normal,Female,Electronics,43095.32,5,2025-07-28 00:00:00,Cash,9,10773.83,226250.43,?
INV-100273,Portharcourt,Ogun,Member,,Health & Beauty,1809.12,1,2025-10-20 00:00:00,Credit Card,8,90.46,1899.58,?
INV-100394, ogun,Lagos,Member,Male,Health & Beauty,25202.29,6,2024-10-11 00:00:00,Cash,7,7560.69,158774.43,?
INV-100192,,Ogun,Normal,Female,Electronics,29071.39,5,2025-05-08 00:00:00,Ewallet,9,7267.85,152624.8,?
